PeptidePairID,PSMIDs,Protein1,Name1,Description1,Decoy1,Protein2,Name2,Description2,Decoy2,Peptide1,Peptide2,Start1,Start2,FromSite,ToSite,FromProteinSite,ToProteinSite,psmID,Crosslinker,Score,isDecoy,isTT,isTD,isDD,fdrGroup,fdr,ifdr,PEP,,Protein1FDR,Protein2FDR,LinkFDR,PPIFDR,,link id,ppi id,DIA12_CV48:20251228_A2_N1_Mueller_MS_TechHub_IMP_THIDDIAXL003_Cas9_PhoX_DIA12_CV48_250ng_FAIMS_002,DIA12_CV48:20251228_A2_N1_Mueller_MS_TechHub_IMP_THIDDIAXL003_Cas9_PhoX_DIA12_CV48_250ng_FAIMS_001,DIA12_CV48:20251228_A2_N1_Mueller_MS_TechHub_IMP_THIDDIAXL003_Cas9_PhoX_DIA12_CV48_250ng_FAIMS_003
172,Scan: 1334850 Run: DIA12_CV48:20251228_A2_N1_Mueller_MS_TechHub_IMP_THIDDIAXL003_Cas9_PhoX_DIA12_CV48_250ng_FAIMS_003 P1_KSEETITPWNFEEVVDK P2_DLIIKLPK 1 5;Scan: 1497103 Run: DIA12_CV48:20251228_A2_N1_Mueller_MS_TechHub_IMP_THIDDIAXL003_Cas9_PhoX_DIA12_CV48_250ng_FAIMS_003 P1_KSEETITPWNFEEVVDK P2_DLIIKLPK 1 5,Q99ZW2,,,false,Q99ZW2,Q99ZW2,,false,DLIIKLPK,KSEETITPWNFEEVVDK,1193,468,5,1,1197,468,TT - T - DLIIKLPK xl T - KSEETITPWNFEEVVDK;TT - T - DLIIKLPK xl T - KSEETITPWNFEEVVDK,,153.700102,false,true,false,false,Self ,0,0,0.008197,,0,0,0,0,,220,0,,,109.13623
150,Scan: 669104 Run: DIA12_CV48:20251228_A2_N1_Mueller_MS_TechHub_IMP_THIDDIAXL003_Cas9_PhoX_DIA12_CV48_250ng_FAIMS_002 P1_TEVQTGGFSKESILPK P2_KLINGIR 10 1;Scan: 1024587 Run: DIA12_CV48:20251228_A2_N1_Mueller_MS_TechHub_IMP_THIDDIAXL003_Cas9_PhoX_DIA12_CV48_250ng_FAIMS_002 P1_TEVQTGGFSKESILPK P2_KLINGIR 10 1,Q99ZW2,,,false,Q99ZW2,Q99ZW2,,false,KLINGIR,TEVQTGGFSKESILPK,665,1098,1,10,665,1107,TT - T - KLINGIR xl T - TEVQTGGFSKESILPK;TT - T - KLINGIR xl T - TEVQTGGFSKESILPK,,152.497057,false,true,false,false,Self ,0,0.00021,0.008264,,0,0,0,0,,219,0,108.657852,,
82,Scan: 663741 Run: DIA12_CV48:20251228_A2_N1_Mueller_MS_TechHub_IMP_THIDDIAXL003_Cas9_PhoX_DIA12_CV48_250ng_FAIMS_002 P1_SSFEKNPIDFLEAK P2_KTEVQTGGFSKESILPK 5 11;Scan: 66749 Run: DIA12_CV48:20251228_A2_N1_Mueller_MS_TechHub_IMP_THIDDIAXL003_Cas9_PhoX_DIA12_CV48_250ng_FAIMS_001 P1_SSFEKNPIDFLEAK P2_KTEVQTGGFSKESILPK 5 11,Q99ZW2,,,false,Q99ZW2,Q99ZW2,,false,KTEVQTGGFSKESILPK,SSFEKNPIDFLEAK,1097,1172,11,5,1107,1176,TT - T - KTEVQTGGFSKESILPK xl T - SSFEKNPIDFLEAK;TT - T - KTEVQTGGFSKESILPK xl T - SSFEKNPIDFLEAK,,151.547166,false,true,false,false,Self ,0,0.000375,0.008333,,0,0,0,0,,218,0,110.39397,103.825405,
86,Scan: 1306527 Run: DIA12_CV48:20251228_A2_N1_Mueller_MS_TechHub_IMP_THIDDIAXL003_Cas9_PhoX_DIA12_CV48_250ng_FAIMS_003 P1_SSFEKNPIDFLEAK P2_KDWDPK 5 1;Scan: 112354 Run: DIA12_CV48:20251228_A2_N1_Mueller_MS_TechHub_IMP_THIDDIAXL003_Cas9_PhoX_DIA12_CV48_250ng_FAIMS_001 P1_SSFEKNPIDFLEAK P2_KDWDPK 5 1,Q99ZW2,,,false,Q99ZW2,Q99ZW2,,false,KDWDPK,SSFEKNPIDFLEAK,1124,1172,1,5,1124,1176,TT - T - KDWDPK xl T - SSFEKNPIDFLEAK;TT - T - KDWDPK xl T - SSFEKNPIDFLEAK,,150.608367,false,true,false,false,Self ,0,0.000539,0.008403,,0,0,0,0,,2,0,,104.005642,108.929825
36,Scan: 68314 Run: DIA12_CV48:20251228_A2_N1_Mueller_MS_TechHub_IMP_THIDDIAXL003_Cas9_PhoX_DIA12_CV48_250ng_FAIMS_001 P1_KTEVQTGGFSKESILPK P2_DLIIKLPK 11 5;Scan: 737291 Run: DIA12_CV48:20251228_A2_N1_Mueller_MS_TechHub_IMP_THIDDIAXL003_Cas9_PhoX_DIA12_CV48_250ng_FAIMS_002 P1_KTEVQTGGFSKESILPK P2_DLIIKLPK 11 5,Q99ZW2,,,false,Q99ZW2,Q99ZW2,,false,DLIIKLPK,KTEVQTGGFSKESILPK,1193,1097,5,11,1197,1107,TT - T - DLIIKLPK xl T - KTEVQTGGFSKESILPK;TT - T - DLIIKLPK xl T - KTEVQTGGFSKESILPK,,149.46661,false,true,false,false,Self ,0,0.000738,0.008475,,0,0,0,0,,154,0,101.341476,109.864338,99.855522
12,Scan: 113505 Run: DIA12_CV48:20251228_A2_N1_Mueller_MS_TechHub_IMP_THIDDIAXL003_Cas9_PhoX_DIA12_CV48_250ng_FAIMS_001 P1_SSFEKNPIDFLEAK P2_KDLIIK 5 1;Scan: 113548 Run: DIA12_CV48:20251228_A2_N1_Mueller_MS_TechHub_IMP_THIDDIAXL003_Cas9_PhoX_DIA12_CV48_250ng_FAIMS_001 P1_SSFEKNPIDFLEAK P2_KDLIIK 5 1,Q99ZW2,,,false,Q99ZW2,Q99ZW2,,false,KDLIIK,SSFEKNPIDFLEAK,1192,1172,1,5,1192,1176,TT - T - KDLIIK xl T - SSFEKNPIDFLEAK;TT - T - KDLIIK xl T - SSFEKNPIDFLEAK,,149.319316,false,true,false,false,Self ,0,0.000764,0.008475,,0,0,0,0,,215,0,,110.896458,
118,Scan: 1779437 Run: DIA12_CV48:20251228_A2_N1_Mueller_MS_TechHub_IMP_THIDDIAXL003_Cas9_PhoX_DIA12_CV48_250ng_FAIMS_003 P1_YDENDKLIR P2_LESEFVYGDYKVYDVR 6 11;Scan: 1202260 Run: DIA12_CV48:20251228_A2_N1_Mueller_MS_TechHub_IMP_THIDDIAXL003_Cas9_PhoX_DIA12_CV48_250ng_FAIMS_003 P1_YDENDKLIR P2_LESEFVYGDYKVYDVR 6 11,Q99ZW2,,,false,Q99ZW2,Q99ZW2,,false,LESEFVYGDYKVYDVR,YDENDKLIR,1004,943,11,6,1014,948,TT - T - LESEFVYGDYKVYDVR xl T - YDENDKLIR;TT - T - LESEFVYGDYKVYDVR xl T - YDENDKLIR,,149.023534,false,true,false,false,Self ,0,0.000815,0.008475,,0,0,0,0,,214,0,,,105.442791
44,Scan: 112948 Run: DIA12_CV48:20251228_A2_N1_Mueller_MS_TechHub_IMP_THIDDIAXL003_Cas9_PhoX_DIA12_CV48_250ng_FAIMS_001 P1_SSFEKNPIDFLEAK P2_DWDPKK 5 5;Scan: 1307161 Run: DIA12_CV48:20251228_A2_N1_Mueller_MS_TechHub_IMP_THIDDIAXL003_Cas9_PhoX_DIA12_CV48_250ng_FAIMS_003 P1_SSFEKNPIDFLEAK P2_DWDPKK 5 5,Q99ZW2,,,false,Q99ZW2,Q99ZW2,,false,DWDPKK,SSFEKNPIDFLEAK,1125,1172,5,5,1129,1176,TT - T - DWDPKK xl T - SSFEKNPIDFLEAK;TT - T - DWDPKK xl T - SSFEKNPIDFLEAK,,148.597911,false,true,false,false,Self ,0,0.000889,0.008621,,0,0,0,0,,213,0,,108.344872,101.699203
73,Scan: 586104 Run: DIA12_CV48:20251228_A2_N1_Mueller_MS_TechHub_IMP_THIDDIAXL003_Cas9_PhoX_DIA12_CV48_250ng_FAIMS_001 P1_YDENDKLIR P2_IEKILTFR 6 3;Scan: 1780311 Run: DIA12_CV48:20251228_A2_N1_Mueller_MS_TechHub_IMP_THIDDIAXL003_Cas9_PhoX_DIA12_CV48_250ng_FAIMS_003 P1_YDENDKLIR P2_IEKILTFR 6 3,Q99ZW2,,,false,Q99ZW2,Q99ZW2,,false,IEKILTFR,YDENDKLIR,440,943,3,6,442,948,TT - T - IEKILTFR xl T - YDENDKLIR;TT - T - IEKILTFR xl T - YDENDKLIR,,147.992736,false,true,false,false,Self ,0,0.000995,0.008772,,0,0,0,0,,212,0,51.054693,105.581284,103.703629
46,Scan: 428947 Run: DIA12_CV48:20251228_A2_N1_Mueller_MS_TechHub_IMP_THIDDIAXL003_Cas9_PhoX_DIA12_CV48_250ng_FAIMS_001 P1_KLINGIR P2_DLIIKLPK 1 5;Scan: 1623110 Run: DIA12_CV48:20251228_A2_N1_Mueller_MS_TechHub_IMP_THIDDIAXL003_Cas9_PhoX_DIA12_CV48_250ng_FAIMS_003 P1_KLINGIR P2_DLIIKLPK 1 5,Q99ZW2,,,false,Q99ZW2,Q99ZW2,,false,DLIIKLPK,KLINGIR,1193,665,5,1,1197,665,TT - T - DLIIKLPK xl T - KLINGIR;TT - T - DLIIKLPK xl T - KLINGIR,,147.623487,false,true,false,false,Self ,0,0.001059,0.008772,,0,0,0,0,,211,0,,106.949585,101.756966
72,Scan: 1277436 Run: DIA12_CV48:20251228_A2_N1_Mueller_MS_TechHub_IMP_THIDDIAXL003_Cas9_PhoX_DIA12_CV48_250ng_FAIMS_003 P1_NSDKLIAR P2_KDWDPK 4 1;Scan: 1291606 Run: DIA12_CV48:20251228_A2_N1_Mueller_MS_TechHub_IMP_THIDDIAXL003_Cas9_PhoX_DIA12_CV48_250ng_FAIMS_003 P1_NSDKLIAR P2_KDWDPK 4 1,Q99ZW2,,,false,Q99ZW2,Q99ZW2,,false,KDWDPK,NSDKLIAR,1124,1115,1,4,1124,1118,TT - T - KDWDPK xl T - NSDKLIAR;TT - T - KDWDPK xl T - NSDKLIAR,,146.647802,false,true,false,false,Self ,0,0.001229,0.008929,,0,0,0,0,,151,0,,63.422494,103.825554
45,Scan: 1298039 Run: DIA12_CV48:20251228_A2_N1_Mueller_MS_TechHub_IMP_THIDDIAXL003_Cas9_PhoX_DIA12_CV48_250ng_FAIMS_003 P1_NSDKLIAR P2_KYGGFDSPTVAYSVLVVAK 4 1;Scan: 1279156 Run: DIA12_CV48:20251228_A2_N1_Mueller_MS_TechHub_IMP_THIDDIAXL003_Cas9_PhoX_DIA12_CV48_250ng_FAIMS_003 P1_NSDKLIAR P2_KYGGFDSPTVAYSVLVVAK 4 1,Q99ZW2,,,false,Q99ZW2,Q99ZW2,,false,KYGGFDSPTVAYSVLVVAK,NSDKLIAR,1130,1115,1,4,1130,1118,TT - T - KYGGFDSPTVAYSVLVVAK xl T - NSDKLIAR;TT - T - KYGGFDSPTVAYSVLVVAK xl T - NSDKLIAR,,146.35644,false,true,false,false,Self ,0,0.00128,0.008929,,0,0,0,0,,209,0,,102.534706,105.222134
37,Scan: 688303 Run: DIA12_CV48:20251228_A2_N1_Mueller_MS_TechHub_IMP_THIDDIAXL003_Cas9_PhoX_DIA12_CV48_250ng_FAIMS_002 P1_NSDKLIAR P2_EDIQKAQVSGQGDSLHEHIANLAGSPAIK 4 5;Scan: 452912 Run: DIA12_CV48:20251228_A2_N1_Mueller_MS_TechHub_IMP_THIDDIAXL003_Cas9_PhoX_DIA12_CV48_250ng_FAIMS_001 P1_NSDKLIAR P2_EDIQKAQVSGQGDSLHEHIANLAGSPAIK 4 5,Q99ZW2,,,false,Q99ZW2,Q99ZW2,,false,EDIQKAQVSGQGDSLHEHIANLAGSPAIK,NSDKLIAR,706,1115,5,4,710,1118,TT - T - EDIQKAQVSGQGDSLHEHIANLAGSPAIK xl T - NSDKLIAR;TT - T - EDIQKAQVSGQGDSLHEHIANLAGSPAIK xl T - NSDKLIAR,,145.740659,false,true,false,false,Self ,0,0.001388,0.009091,,0,0,0,0,,50,0,101.418449,104.664406,
61,Scan: 813333 Run: DIA12_CV48:20251228_A2_N1_Mueller_MS_TechHub_IMP_THIDDIAXL003_Cas9_PhoX_DIA12_CV48_250ng_FAIMS_002 P1_RLENLIAQLPGEKK P2_ENQTTQKGQK 13 7;Scan: 1703522 Run: DIA12_CV48:20251228_A2_N1_Mueller_MS_TechHub_IMP_THIDDIAXL003_Cas9_PhoX_DIA12_CV48_250ng_FAIMS_003 P1_RLENLIAQLPGEKK P2_ENQTTQKGQK 13 7,Q99ZW2,,,false,Q99ZW2,Q99ZW2,,false,ENQTTQKGQK,RLENLIAQLPGEKK,766,221,7,13,772,233,TT - T - ENQTTQKGQK xl T - RLENLIAQLPGEKK;TT - T - ENQTTQKGQK xl T - RLENLIAQLPGEKK,,145.475608,false,true,false,false,Self ,0,0.001434,0.009091,,0,0,0,0,,207,0,103.535217,,102.193989
3,Scan: 543511 Run: DIA12_CV48:20251228_A2_N1_Mueller_MS_TechHub_IMP_THIDDIAXL003_Cas9_PhoX_DIA12_CV48_250ng_FAIMS_001 P1_SDKNR P2_GKSDNVPSEEVVK 3 2;Scan: 1742400 Run: DIA12_CV48:20251228_A2_N1_Mueller_MS_TechHub_IMP_THIDDIAXL003_Cas9_PhoX_DIA12_CV48_250ng_FAIMS_003 P1_SDKNR P2_GKSDNVPSEEVVK 3 2,Q99ZW2,,,false,Q99ZW2,Q99ZW2,,false,GKSDNVPSEEVVK,SDKNR,865,860,2,3,866,862,TT - T - GKSDNVPSEEVVK xl T - SDKNR;TT - T - GKSDNVPSEEVVK xl T - SDKNR,,142.559406,false,true,false,false,Self ,0,0.001942,0.009259,,0,0,0,0,,86,0,98.178181,99.493725,102.098888
231,Scan: 105967 Run: DIA12_CV48:20251228_A2_N1_Mueller_MS_TechHub_IMP_THIDDIAXL003_Cas9_PhoX_DIA12_CV48_250ng_FAIMS_001 P1_KYGGFDSPTVAYSVLVVAK P2_KLINGIR 1 1,Q99ZW2,,,false,Q99ZW2,Q99ZW2,,false,KLINGIR,KYGGFDSPTVAYSVLVVAK,665,1130,1,1,665,1130,TT - T - KLINGIR xl T - KYGGFDSPTVAYSVLVVAK,,112.012039,false,true,false,false,Self ,0,0.007267,0.009346,,0,0,0,0,,200,0,,112.012039,
233,Scan: 633725 Run: DIA12_CV48:20251228_A2_N1_Mueller_MS_TechHub_IMP_THIDDIAXL003_Cas9_PhoX_DIA12_CV48_250ng_FAIMS_002 P1_SSFEKNPIDFLEAK P2_KTEVQTGGFSK 5 1,Q99ZW2,,,false,Q99ZW2,Q99ZW2,,false,KTEVQTGGFSK,SSFEKNPIDFLEAK,1097,1172,1,5,1097,1176,TT - T - KTEVQTGGFSK xl T - SSFEKNPIDFLEAK,,112.012039,false,true,false,false,Self ,0,0.007267,0.009346,,0,0,0,0,,201,0,112.012039,,
232,Scan: 1743497 Run: DIA12_CV48:20251228_A2_N1_Mueller_MS_TechHub_IMP_THIDDIAXL003_Cas9_PhoX_DIA12_CV48_250ng_FAIMS_003 P1_SKLVSDFR P2_GKSDNVPSEEVVK 2 2,Q99ZW2,,,false,Q99ZW2,Q99ZW2,,false,GKSDNVPSEEVVK,SKLVSDFR,865,960,2,2,866,961,TT - T - GKSDNVPSEEVVK xl T - SKLVSDFR,,112.012039,false,true,false,false,Self ,0,0.007267,0.009346,,0,0,0,0,,202,0,,,112.012039
230,Scan: 1451060 Run: DIA12_CV48:20251228_A2_N1_Mueller_MS_TechHub_IMP_THIDDIAXL003_Cas9_PhoX_DIA12_CV48_250ng_FAIMS_003 P1_YKEIFFDQSK P2_FKVLGNTDR 2 2,Q99ZW2,,,false,Q99ZW2,Q99ZW2,,false,FKVLGNTDR,YKEIFFDQSK,32,347,2,2,33,348,TT - T - FKVLGNTDR xl T - YKEIFFDQSK,,112.012039,false,true,false,false,Self ,0,0.007267,0.009346,,0,0,0,0,,203,0,,107.052876,112.012039
235,Scan: 62961 Run: DIA12_CV48:20251228_A2_N1_Mueller_MS_TechHub_IMP_THIDDIAXL003_Cas9_PhoX_DIA12_CV48_250ng_FAIMS_001 P1_NSDKLIAR P2_KTEVQTGGFSKESILPK 4 11,Q99ZW2,,,false,Q99ZW2,Q99ZW2,,false,KTEVQTGGFSKESILPK,NSDKLIAR,1097,1115,11,4,1107,1118,TT - T - KTEVQTGGFSKESILPK xl T - NSDKLIAR,,112.012039,false,true,false,false,Self ,0,0.007267,0.009346,,0,0,0,0,,138,0,,112.012039,
234,Scan: 873167 Run: DIA12_CV48:20251228_A2_N1_Mueller_MS_TechHub_IMP_THIDDIAXL003_Cas9_PhoX_DIA12_CV48_250ng_FAIMS_002 P1_YKEIFFDQSK P2_FIKPILEK 2 3,Q99ZW2,,,false,Q99ZW2,Q99ZW2,,false,FIKPILEK,YKEIFFDQSK,375,347,3,2,377,348,TT - T - FIKPILEK xl T - YKEIFFDQSK,,112.012039,false,true,false,false,Self ,0,0.007267,0.009346,,0,0,0,0,,205,0,112.012039,,
229,Scan: 118140 Run: DIA12_CV48:20251228_A2_N1_Mueller_MS_TechHub_IMP_THIDDIAXL003_Cas9_PhoX_DIA12_CV48_250ng_FAIMS_001 P1_SSFEKNPIDFLEAK P2_KPAFLSGEQK 5 1,Q99ZW2,,,false,Q99ZW2,Q99ZW2,,false,KPAFLSGEQK,SSFEKNPIDFLEAK,536,1172,1,5,536,1176,TT - T - KPAFLSGEQK xl T - SSFEKNPIDFLEAK,,111.988361,false,true,false,false,Self ,0,0.007271,0.009346,,0,0,0,0,,199,0,52.963106,111.988361,
228,Scan: 1330147 Run: DIA12_CV48:20251228_A2_N1_Mueller_MS_TechHub_IMP_THIDDIAXL003_Cas9_PhoX_DIA12_CV48_250ng_FAIMS_003 P1_SEETITPWNFEEVVDKGASAQSFIER P2_KDLIIK 16 1,Q99ZW2,,,false,Q99ZW2,Q99ZW2,,false,KDLIIK,SEETITPWNFEEVVDKGASAQSFIER,1192,469,1,16,1192,484,TT - T - KDLIIK xl T - SEETITPWNFEEVVDKGASAQSFIER,,111.919624,false,true,false,false,Self ,0,0.007283,0.009346,,0,0,0,0,,198,0,,,111.919624
227,Scan: 1739461 Run: DIA12_CV48:20251228_A2_N1_Mueller_MS_TechHub_IMP_THIDDIAXL003_Cas9_PhoX_DIA12_CV48_250ng_FAIMS_003 P1_GKSDNVPSEEVVK P2_FKVLGNTDR 2 2,Q99ZW2,,,false,Q99ZW2,Q99ZW2,,false,FKVLGNTDR,GKSDNVPSEEVVK,32,865,2,2,33,866,TT - T - FKVLGNTDR xl T - GKSDNVPSEEVVK,,111.914162,false,true,false,false,Self ,0,0.007284,0.009346,,0,0,0,0,,197,0,,108.329609,111.914162
226,Scan: 142351 Run: DIA12_CV48:20251228_A2_N1_Mueller_MS_TechHub_IMP_THIDDIAXL003_Cas9_PhoX_DIA12_CV48_250ng_FAIMS_001 P1_LPKYSLFELENGR P2_KTEVQTGGFSKESILPK 3 11,Q99ZW2,,,false,Q99ZW2,Q99ZW2,,false,KTEVQTGGFSKESILPK,LPKYSLFELENGR,1097,1198,11,3,1107,1200,TT - T - KTEVQTGGFSKESILPK xl T - LPKYSLFELENGR,,111.894535,false,true,false,false,Self ,0,0.007288,0.009346,,0,0,0,0,,9,0,,111.894535,
225,Scan: 62797 Run: DIA12_CV48:20251228_A2_N1_Mueller_MS_TechHub_IMP_THIDDIAXL003_Cas9_PhoX_DIA12_CV48_250ng_FAIMS_001 P1_TEVQTGGFSKESILPK P2_NSDKLIAR 10 4,Q99ZW2,,,false,Q99ZW2,Q99ZW2,,false,NSDKLIAR,TEVQTGGFSKESILPK,1115,1098,4,10,1118,1107,TT - T - NSDKLIAR xl T - TEVQTGGFSKESILPK,,111.822296,false,true,false,false,Self ,0,0.0073,0.009346,,0,0,0,0,,138,0,,111.822296,106.492485
224,Scan: 974764 Run: DIA12_CV48:20251228_A2_N1_Mueller_MS_TechHub_IMP_THIDDIAXL003_Cas9_PhoX_DIA12_CV48_250ng_FAIMS_002 P1_NSDKLIAR P2_KPAFLSGEQK 4 1,Q99ZW2,,,false,Q99ZW2,Q99ZW2,,false,KPAFLSGEQK,NSDKLIAR,536,1115,1,4,536,1118,TT - T - KPAFLSGEQK xl T - NSDKLIAR,,111.809967,false,true,false,false,Self ,0,0.007303,0.009346,,0,0,0,0,,194,0,111.809967,76.048647,
223,Scan: 543911 Run: DIA12_CV48:20251228_A2_N1_Mueller_MS_TechHub_IMP_THIDDIAXL003_Cas9_PhoX_DIA12_CV48_250ng_FAIMS_001 P1_SEQEIGKATAK P2_GKSDNVPSEEVVK 7 2,Q99ZW2,,,false,Q99ZW2,Q99ZW2,,false,GKSDNVPSEEVVK,SEQEIGKATAK,865,1025,2,7,866,1031,TT - T - GKSDNVPSEEVVK xl T - SEQEIGKATAK,,111.802029,false,true,false,false,Self ,0,0.007304,0.009346,,0,0,0,0,,193,0,,111.802029,105.377327
222,Scan: 1754060 Run: DIA12_CV48:20251228_A2_N1_Mueller_MS_TechHub_IMP_THIDDIAXL003_Cas9_PhoX_DIA12_CV48_250ng_FAIMS_003 P1_QLLNAKLITQR P2_ENQTTQKGQK 6 7,Q99ZW2,,,false,Q99ZW2,Q99ZW2,,false,ENQTTQKGQK,QLLNAKLITQR,766,885,7,6,772,890,TT - T - ENQTTQKGQK xl T - QLLNAKLITQR,,111.718723,false,true,false,false,Self ,0,0.007318,0.009346,,0,0,0,0,,192,0,,,111.718723
221,Scan: 1702659 Run: DIA12_CV48:20251228_A2_N1_Mueller_MS_TechHub_IMP_THIDDIAXL003_Cas9_PhoX_DIA12_CV48_250ng_FAIMS_003 P1_SEQEIGKATAK P2_ENQTTQKGQK 7 7,Q99ZW2,,,false,Q99ZW2,Q99ZW2,,false,ENQTTQKGQK,SEQEIGKATAK,766,1025,7,7,772,1031,TT - T - ENQTTQKGQK xl T - SEQEIGKATAK,,111.695061,false,true,false,false,Self ,0,0.007323,0.009346,,0,0,0,0,,191,0,,,111.695061
220,Scan: 783870 Run: DIA12_CV48:20251228_A2_N1_Mueller_MS_TechHub_IMP_THIDDIAXL003_Cas9_PhoX_DIA12_CV48_250ng_FAIMS_002 P1_VLSAYNKHR P2_NSDKLIAR 7 4,Q99ZW2,,,false,Q99ZW2,Q99ZW2,,false,NSDKLIAR,VLSAYNKHR,1115,1290,4,7,1118,1296,TT - T - NSDKLIAR xl T - VLSAYNKHR,,111.535133,false,true,false,false,Self ,0,0.00735,0.009346,,0,0,0,0,,190,0,111.535133,,
219,Scan: 1300372 Run: DIA12_CV48:20251228_A2_N1_Mueller_MS_TechHub_IMP_THIDDIAXL003_Cas9_PhoX_DIA12_CV48_250ng_FAIMS_003 P1_KYGGFDSPTVAYSVLVVAK P2_DKQSGK 1 2,Q99ZW2,,,false,Q99ZW2,Q99ZW2,,false,DKQSGK,KYGGFDSPTVAYSVLVVAK,672,1130,2,1,673,1130,TT - T - DKQSGK xl T - KYGGFDSPTVAYSVLVVAK,,111.215801,false,true,false,false,Self ,0,0.007406,0.010417,,0,0,0,0,,189,0,,,111.215801
218,Scan: 1309856 Run: DIA12_CV48:20251228_A2_N1_Mueller_MS_TechHub_IMP_THIDDIAXL003_Cas9_PhoX_DIA12_CV48_250ng_FAIMS_003 P1_YKEIFFDQSK P2_SSFEKNPIDFLEAK 2 5,Q99ZW2,,,false,Q99ZW2,Q99ZW2,,false,SSFEKNPIDFLEAK,YKEIFFDQSK,1172,347,5,2,1176,348,TT - T - SSFEKNPIDFLEAK xl T - YKEIFFDQSK,,111.203861,false,true,false,false,Self ,0,0.007408,0.010526,,0,0,0,0,,188,0,,,111.203861
217,Scan: 1682886 Run: DIA12_CV48:20251228_A2_N1_Mueller_MS_TechHub_IMP_THIDDIAXL003_Cas9_PhoX_DIA12_CV48_250ng_FAIMS_003 P1_KTEVQTGGFSKESILPK P2_GILQTVKVVDELVK 11 7,Q99ZW2,,,false,Q99ZW2,Q99ZW2,,false,GILQTVKVVDELVK,KTEVQTGGFSKESILPK,736,1097,7,11,742,1107,TT - T - GILQTVKVVDELVK xl T - KTEVQTGGFSKESILPK,,111.19408,false,true,false,false,Self ,0,0.00741,0.010638,,0,0,0,0,,3,0,,,111.19408
216,Scan: 1494048 Run: DIA12_CV48:20251228_A2_N1_Mueller_MS_TechHub_IMP_THIDDIAXL003_Cas9_PhoX_DIA12_CV48_250ng_FAIMS_003 P1_TEVQTGGFSKESILPK P2_KSEETITPWNFEEVVDK 10 1,Q99ZW2,,,false,Q99ZW2,Q99ZW2,,false,KSEETITPWNFEEVVDK,TEVQTGGFSKESILPK,468,1098,1,10,468,1107,TT - T - KSEETITPWNFEEVVDK xl T - TEVQTGGFSKESILPK,,110.906368,false,true,false,false,Self ,0,0.00746,0.010989,,0,0,0,0,,173,0,,,110.906368
214,Scan: 1081447 Run: DIA12_CV48:20251228_A2_N1_Mueller_MS_TechHub_IMP_THIDDIAXL003_Cas9_PhoX_DIA12_CV48_250ng_FAIMS_002 P1_KGILQTVK P2_ENQTTQKGQK 1 7,Q99ZW2,,,false,Q99ZW2,Q99ZW2,,false,ENQTTQKGQK,KGILQTVK,766,735,7,1,772,735,TT - T - ENQTTQKGQK xl T - KGILQTVK,,110.759434,false,true,false,false,Self ,0,0.007486,0.010989,,0,0,0,0,,185,0,110.759434,,
213,Scan: 1359037 Run: DIA12_CV48:20251228_A2_N1_Mueller_MS_TechHub_IMP_THIDDIAXL003_Cas9_PhoX_DIA12_CV48_250ng_FAIMS_003 P1_LKGSPEDNEQK P2_KDFQFYK 2 1,Q99ZW2,,,false,Q99ZW2,Q99ZW2,,false,KDFQFYK,LKGSPEDNEQK,968,1245,1,2,968,1246,TT - T - KDFQFYK xl T - LKGSPEDNEQK,,110.655834,false,true,false,false,Self ,0,0.007504,0.010989,,0,0,0,0,,184,0,,,110.655834
212,Scan: 1267021 Run: DIA12_CV48:20251228_A2_N1_Mueller_MS_TechHub_IMP_THIDDIAXL003_Cas9_PhoX_DIA12_CV48_250ng_FAIMS_003 P1_KTEVQTGGFSKESILPK P2_DKQSGK 11 2,Q99ZW2,,,false,Q99ZW2,Q99ZW2,,false,DKQSGK,KTEVQTGGFSKESILPK,672,1097,2,11,673,1107,TT - T - DKQSGK xl T - KTEVQTGGFSKESILPK,,110.609798,false,true,false,false,Self ,0,0.007512,0.011111,,0,0,0,0,,183,0,,,110.609798
211,Scan: 1740349 Run: DIA12_CV48:20251228_A2_N1_Mueller_MS_TechHub_IMP_THIDDIAXL003_Cas9_PhoX_DIA12_CV48_250ng_FAIMS_003 P1_KPAFLSGEQK P2_GKSDNVPSEEVVK 1 2,Q99ZW2,,,false,Q99ZW2,Q99ZW2,,false,GKSDNVPSEEVVK,KPAFLSGEQK,865,536,2,1,866,536,TT - T - GKSDNVPSEEVVK xl T - KPAFLSGEQK,,110.549179,false,true,false,false,Self ,0,0.007522,0.011364,,0,0,0,0,,182,0,,,110.549179
210,Scan: 983185 Run: DIA12_CV48:20251228_A2_N1_Mueller_MS_TechHub_IMP_THIDDIAXL003_Cas9_PhoX_DIA12_CV48_250ng_FAIMS_002 P1_QLKEDYFK P2_KPAFLSGEQK 3 1,Q99ZW2,,,false,Q99ZW2,Q99ZW2,,false,KPAFLSGEQK,QLKEDYFK,536,563,1,3,536,565,TT - T - KPAFLSGEQK xl T - QLKEDYFK,,110.505619,false,true,false,false,Self ,0,0.00753,0.011364,,0,0,0,0,,181,0,110.505619,64.957129,
209,Scan: 1298749 Run: DIA12_CV48:20251228_A2_N1_Mueller_MS_TechHub_IMP_THIDDIAXL003_Cas9_PhoX_DIA12_CV48_250ng_FAIMS_003 P1_KYGGFDSPTVAYSVLVVAK P2_KDWDPK 1 1,Q99ZW2,,,false,Q99ZW2,Q99ZW2,,false,KDWDPK,KYGGFDSPTVAYSVLVVAK,1124,1130,1,1,1124,1130,TT - T - KDWDPK xl T - KYGGFDSPTVAYSVLVVAK,,110.427708,false,true,false,false,Self ,0,0.007544,0.011364,,0,0,0,0,,46,0,,,110.427708
208,Scan: 1653060 Run: DIA12_CV48:20251228_A2_N1_Mueller_MS_TechHub_IMP_THIDDIAXL003_Cas9_PhoX_DIA12_CV48_250ng_FAIMS_003 P1_KLINGIR P2_EDIQKAQVSGQGDSLHEHIANLAGSPAIK 1 5,Q99ZW2,,,false,Q99ZW2,Q99ZW2,,false,EDIQKAQVSGQGDSLHEHIANLAGSPAIK,KLINGIR,706,665,5,1,710,665,TT - T - EDIQKAQVSGQGDSLHEHIANLAGSPAIK xl T - KLINGIR,,110.403618,false,true,false,false,Self ,0,0.007548,0.011364,,0,0,0,0,,10,0,,,110.403618
206,Scan: 889327 Run: DIA12_CV48:20251228_A2_N1_Mueller_MS_TechHub_IMP_THIDDIAXL003_Cas9_PhoX_DIA12_CV48_250ng_FAIMS_002 P1_SEETITPWNFEEVVDKGASAQSFIER P2_IEKILTFR 16 3,Q99ZW2,,,false,Q99ZW2,Q99ZW2,,false,IEKILTFR,SEETITPWNFEEVVDKGASAQSFIER,440,469,3,16,442,484,TT - T - IEKILTFR xl T - SEETITPWNFEEVVDKGASAQSFIER,,110.39397,false,true,false,false,Self ,0,0.007549,0.011364,,0,0,0,0,,178,0,110.39397,,106.750748
205,Scan: 853128 Run: DIA12_CV48:20251228_A2_N1_Mueller_MS_TechHub_IMP_THIDDIAXL003_Cas9_PhoX_DIA12_CV48_250ng_FAIMS_002 P1_YKEIFFDQSK P2_LVDSTDKADLR 2 7,Q99ZW2,,,false,Q99ZW2,Q99ZW2,,false,LVDSTDKADLR,YKEIFFDQSK,142,347,7,2,148,348,TT - T - LVDSTDKADLR xl T - YKEIFFDQSK,,110.387291,false,true,false,false,Self ,0,0.007551,0.011364,,0,0,0,0,,177,0,110.387291,,
204,Scan: 227436 Run: DIA12_CV48:20251228_A2_N1_Mueller_MS_TechHub_IMP_THIDDIAXL003_Cas9_PhoX_DIA12_CV48_250ng_FAIMS_001 P1_SNFDLAEDAKLQLSK P2_FIKPILEK 10 3,Q99ZW2,,,false,Q99ZW2,Q99ZW2,,false,FIKPILEK,SNFDLAEDAKLQLSK,375,254,3,10,377,263,TT - T - FIKPILEK xl T - SNFDLAEDAKLQLSK,,110.291977,false,true,false,false,Self ,0,0.007567,0.011494,,0,0,0,0,,176,0,,110.291977,
203,Scan: 213512 Run: DIA12_CV48:20251228_A2_N1_Mueller_MS_TechHub_IMP_THIDDIAXL003_Cas9_PhoX_DIA12_CV48_250ng_FAIMS_001 P1_NSDKLIAR P2_LENLIAQLPGEKK 4 12,Q99ZW2,,,false,Q99ZW2,Q99ZW2,,false,LENLIAQLPGEKK,NSDKLIAR,222,1115,12,4,233,1118,TT - T - LENLIAQLPGEKK xl T - NSDKLIAR,,110.077423,false,true,false,false,Self ,0,0.007605,0.011628,,0,0,0,0,,175,0,,110.077423,
202,Scan: 1137543 Run: DIA12_CV48:20251228_A2_N1_Mueller_MS_TechHub_IMP_THIDDIAXL003_Cas9_PhoX_DIA12_CV48_250ng_FAIMS_002 P1_LKGSPEDNEQK P2_DDSIDNKVLTR 2 7,Q99ZW2,,,false,Q99ZW2,Q99ZW2,,false,DDSIDNKVLTR,LKGSPEDNEQK,849,1245,7,2,855,1246,TT - T - DDSIDNKVLTR xl T - LKGSPEDNEQK,,110.039677,false,true,false,false,Self ,0,0.007611,0.011765,,0,0,0,0,,174,0,110.039677,105.38401,
201,Scan: 1494193 Run: DIA12_CV48:20251228_A2_N1_Mueller_MS_TechHub_IMP_THIDDIAXL003_Cas9_PhoX_DIA12_CV48_250ng_FAIMS_003 P1_KTEVQTGGFSKESILPK P2_KSEETITPWNFEEVVDK 11 1,Q99ZW2,,,false,Q99ZW2,Q99ZW2,,false,KSEETITPWNFEEVVDK,KTEVQTGGFSKESILPK,468,1097,1,11,468,1107,TT - T - KSEETITPWNFEEVVDK xl T - KTEVQTGGFSKESILPK,,110.008839,false,true,false,false,Self ,0,0.007617,0.011765,,0,0,0,0,,173,0,96.627148,,110.008839
200,Scan: 695236 Run: DIA12_CV48:20251228_A2_N1_Mueller_MS_TechHub_IMP_THIDDIAXL003_Cas9_PhoX_DIA12_CV48_250ng_FAIMS_002 P1_SNFDLAEDAKLQLSK P2_KDWDPK 10 1,Q99ZW2,,,false,Q99ZW2,Q99ZW2,,false,KDWDPK,SNFDLAEDAKLQLSK,1124,254,1,10,1124,263,TT - T - KDWDPK xl T - SNFDLAEDAKLQLSK,,109.961578,false,true,false,false,Self ,0,0.007625,0.011905,,0,0,0,0,,172,0,109.961578,,
198,Scan: 254344 Run: DIA12_CV48:20251228_A2_N1_Mueller_MS_TechHub_IMP_THIDDIAXL003_Cas9_PhoX_DIA12_CV48_250ng_FAIMS_001 P1_YKEIFFDQSK P2_NSDKLIAR 2 4,Q99ZW2,,,false,Q99ZW2,Q99ZW2,,false,NSDKLIAR,YKEIFFDQSK,1115,347,4,2,1118,348,TT - T - NSDKLIAR xl T - YKEIFFDQSK,,109.661121,false,true,false,false,Self ,0,0.007677,0.012987,,0,0,0,0,,171,0,,109.661121,
197,Scan: 1739514 Run: DIA12_CV48:20251228_A2_N1_Mueller_MS_TechHub_IMP_THIDDIAXL003_Cas9_PhoX_DIA12_CV48_250ng_FAIMS_003 P1_YKEIFFDQSK P2_GKSDNVPSEEVVK 2 2,Q99ZW2,,,false,Q99ZW2,Q99ZW2,,false,GKSDNVPSEEVVK,YKEIFFDQSK,865,347,2,2,866,348,TT - T - GKSDNVPSEEVVK xl T - YKEIFFDQSK,,109.57822,false,true,false,false,Self ,0,0.007692,0.012987,,0,0,0,0,,170,0,105.366394,,109.57822
196,Scan: 1539857 Run: DIA12_CV48:20251228_A2_N1_Mueller_MS_TechHub_IMP_THIDDIAXL003_Cas9_PhoX_DIA12_CV48_250ng_FAIMS_003 P1_SEETITPWNFEEVVDKGASAQSFIER P2_MTNFDKNLPNEK 16 6,Q99ZW2,,,false,Q99ZW2,Q99ZW2,,false,MTNFDKNLPNEK,SEETITPWNFEEVVDKGASAQSFIER,495,469,6,16,500,484,TT - T - MTNFDKNLPNEK xl T - SEETITPWNFEEVVDKGASAQSFIER,,109.545166,false,true,false,false,Self ,0,0.007697,0.012987,,0,0,0,0,,169,0,97.95715,93.310974,109.545166
195,Scan: 1556979 Run: DIA12_CV48:20251228_A2_N1_Mueller_MS_TechHub_IMP_THIDDIAXL003_Cas9_PhoX_DIA12_CV48_250ng_FAIMS_003 P1_YKEIFFDQSK P2_VLPKHSLLYEYFTVYNELTK 2 4,Q99ZW2,,,false,Q99ZW2,Q99ZW2,,false,VLPKHSLLYEYFTVYNELTK,YKEIFFDQSK,507,347,4,2,510,348,TT - T - VLPKHSLLYEYFTVYNELTK xl T - YKEIFFDQSK,,109.527744,false,true,false,false,Self ,0,0.0077,0.012987,,0,0,0,0,,168,0,77.871586,,109.527744
194,Scan: 381529 Run: DIA12_CV48:20251228_A2_N1_Mueller_MS_TechHub_IMP_THIDDIAXL003_Cas9_PhoX_DIA12_CV48_250ng_FAIMS_001 P1_YKEIFFDQSK P2_KPAFLSGEQK 2 1,Q99ZW2,,,false,Q99ZW2,Q99ZW2,,false,KPAFLSGEQK,YKEIFFDQSK,536,347,1,2,536,348,TT - T - KPAFLSGEQK xl T - YKEIFFDQSK,,109.521751,false,true,false,false,Self ,0,0.007701,0.012987,,0,0,0,0,,167,0,106.958488,109.521751,
193,Scan: 147061 Run: DIA12_CV48:20251228_A2_N1_Mueller_MS_TechHub_IMP_THIDDIAXL003_Cas9_PhoX_DIA12_CV48_250ng_FAIMS_001 P1_SKLVSDFR P2_LPKYSLFELENGR 2 3,Q99ZW2,,,false,Q99ZW2,Q99ZW2,,false,LPKYSLFELENGR,SKLVSDFR,1198,960,3,2,1200,961,TT - T - LPKYSLFELENGR xl T - SKLVSDFR,,109.296196,false,true,false,false,Self ,0,0.007741,0.013699,,0,0,0,0,,166,0,,109.296196,
192,Scan: 1731085 Run: DIA12_CV48:20251228_A2_N1_Mueller_MS_TechHub_IMP_THIDDIAXL003_Cas9_PhoX_DIA12_CV48_250ng_FAIMS_003 P1_ENQTTQKGQK P2_EHPVENTQLQNEKLYLYYLQNGR 7 13,Q99ZW2,,,false,Q99ZW2,Q99ZW2,,false,EHPVENTQLQNEKLYLYYLQNGR,ENQTTQKGQK,798,766,13,7,810,772,TT - T - EHPVENTQLQNEKLYLYYLQNGR xl T - ENQTTQKGQK,,109.206535,false,true,false,false,Self ,0,0.007756,0.013699,,0,0,0,0,,165,0,,,109.206535
191,Scan: 1506611 Run: DIA12_CV48:20251228_A2_N1_Mueller_MS_TechHub_IMP_THIDDIAXL003_Cas9_PhoX_DIA12_CV48_250ng_FAIMS_003 P1_KSEETITPWNFEEVVDK P2_KGILQTVK 1 1,Q99ZW2,,,false,Q99ZW2,Q99ZW2,,false,KGILQTVK,KSEETITPWNFEEVVDK,735,468,1,1,735,468,TT - T - KGILQTVK xl T - KSEETITPWNFEEVVDK,,109.185207,false,true,false,false,Self ,0,0.00776,0.013699,,0,0,0,0,,164,0,,,109.185207
189,Scan: 661698 Run: DIA12_CV48:20251228_A2_N1_Mueller_MS_TechHub_IMP_THIDDIAXL003_Cas9_PhoX_DIA12_CV48_250ng_FAIMS_002 P1_TEVQTGGFSKESILPK P2_KDWDPK 10 1,Q99ZW2,,,false,Q99ZW2,Q99ZW2,,false,KDWDPK,TEVQTGGFSKESILPK,1124,1098,1,10,1124,1107,TT - T - KDWDPK xl T - TEVQTGGFSKESILPK,,109.133625,false,true,false,false,Self ,0,0.007769,0.013699,,0,0,0,0,,72,0,109.133625,,
188,Scan: 156594 Run: DIA12_CV48:20251228_A2_N1_Mueller_MS_TechHub_IMP_THIDDIAXL003_Cas9_PhoX_DIA12_CV48_250ng_FAIMS_001 P1_KPAFLSGEQK P2_GNELALPSKYVNFLYLASHYEK 1 9,Q99ZW2,,,false,Q99ZW2,Q99ZW2,,false,GNELALPSKYVNFLYLASHYEK,KPAFLSGEQK,1223,536,9,1,1231,536,TT - T - GNELALPSKYVNFLYLASHYEK xl T - KPAFLSGEQK,,109.079025,false,true,false,false,Self ,0,0.007779,0.013699,,0,0,0,0,,162,0,,109.079025,
187,Scan: 1230375 Run: DIA12_CV48:20251228_A2_N1_Mueller_MS_TechHub_IMP_THIDDIAXL003_Cas9_PhoX_DIA12_CV48_250ng_FAIMS_003 P1_NSDKLIAR P2_KTEVQTGGFSK 4 1,Q99ZW2,,,false,Q99ZW2,Q99ZW2,,false,KTEVQTGGFSK,NSDKLIAR,1097,1115,1,4,1097,1118,TT - T - KTEVQTGGFSK xl T - NSDKLIAR,,109.03474,false,true,false,false,Self ,0,0.007786,0.013889,,0,0,0,0,,161,0,,,109.03474
186,Scan: 1118363 Run: DIA12_CV48:20251228_A2_N1_Mueller_MS_TechHub_IMP_THIDDIAXL003_Cas9_PhoX_DIA12_CV48_250ng_FAIMS_002 P1_VLSAYNKHR P2_ELGSQILKEHPVENTQLQNEK 7 8,Q99ZW2,,,false,Q99ZW2,Q99ZW2,,false,ELGSQILKEHPVENTQLQNEK,VLSAYNKHR,790,1290,8,7,797,1296,TT - T - ELGSQILKEHPVENTQLQNEK xl T - VLSAYNKHR,,108.991814,false,true,false,false,Self ,0,0.007794,0.013889,,0,0,0,0,,160,0,108.991814,94.711136,
184,Scan: 1329646 Run: DIA12_CV48:20251228_A2_N1_Mueller_MS_TechHub_IMP_THIDDIAXL003_Cas9_PhoX_DIA12_CV48_250ng_FAIMS_003 P1_KDLIIK P2_GYKEVK 1 3,Q99ZW2,,,false,Q99ZW2,Q99ZW2,,false,GYKEVK,KDLIIK,1186,1192,3,1,1188,1192,TT - T - GYKEVK xl T - KDLIIK,,108.74778,false,true,false,false,Self ,0,0.007836,0.014706,,0,0,0,0,,159,0,,94.981495,108.74778
183,Scan: 1536512 Run: DIA12_CV48:20251228_A2_N1_Mueller_MS_TechHub_IMP_THIDDIAXL003_Cas9_PhoX_DIA12_CV48_250ng_FAIMS_003 P1_SEETITPWNFEEVVDKGASAQSFIER P2_DLIIKLPK 16 5,Q99ZW2,,,false,Q99ZW2,Q99ZW2,,false,DLIIKLPK,SEETITPWNFEEVVDKGASAQSFIER,1193,469,5,16,1197,484,TT - T - DLIIKLPK xl T - SEETITPWNFEEVVDKGASAQSFIER,,108.737396,false,true,false,false,Self ,0,0.007838,0.014706,,0,0,0,0,,158,0,,,108.737396
181,Scan: 103626 Run: DIA12_CV48:20251228_A2_N1_Mueller_MS_TechHub_IMP_THIDDIAXL003_Cas9_PhoX_DIA12_CV48_250ng_FAIMS_001 P1_KYGGFDSPTVAYSVLVVAK P2_ESILPKR 1 6,Q99ZW2,,,false,Q99ZW2,Q99ZW2,,false,ESILPKR,KYGGFDSPTVAYSVLVVAK,1108,1130,6,1,1113,1130,TT - T - ESILPKR xl T - KYGGFDSPTVAYSVLVVAK,,108.634388,false,true,false,false,Self ,0,0.007856,0.014925,,0,0,0,0,,157,0,,108.634388,
180,Scan: 1194728 Run: DIA12_CV48:20251228_A2_N1_Mueller_MS_TechHub_IMP_THIDDIAXL003_Cas9_PhoX_DIA12_CV48_250ng_FAIMS_003 P1_YPKLESEFVYGDYK P2_SEQEIGKATAK 3 7,Q99ZW2,,,false,Q99ZW2,Q99ZW2,,false,SEQEIGKATAK,YPKLESEFVYGDYK,1025,1001,7,3,1031,1003,TT - T - SEQEIGKATAK xl T - YPKLESEFVYGDYK,,108.605503,false,true,false,false,Self ,0,0.007861,0.014925,,0,0,0,0,,156,0,,,108.605503
179,Scan: 1140096 Run: DIA12_CV48:20251228_A2_N1_Mueller_MS_TechHub_IMP_THIDDIAXL003_Cas9_PhoX_DIA12_CV48_250ng_FAIMS_002 P1_KDFQFYK P2_DDSIDNKVLTR 1 7,Q99ZW2,,,false,Q99ZW2,Q99ZW2,,false,DDSIDNKVLTR,KDFQFYK,849,968,7,1,855,968,TT - T - DDSIDNKVLTR xl T - KDFQFYK,,108.475235,false,true,false,false,Self ,0,0.007884,0.015625,,0,0,0,0,,155,0,108.475235,,
178,Scan: 737327 Run: DIA12_CV48:20251228_A2_N1_Mueller_MS_TechHub_IMP_THIDDIAXL003_Cas9_PhoX_DIA12_CV48_250ng_FAIMS_002 P1_TEVQTGGFSKESILPK P2_DLIIKLPK 10 5,Q99ZW2,,,false,Q99ZW2,Q99ZW2,,false,DLIIKLPK,TEVQTGGFSKESILPK,1193,1098,5,10,1197,1107,TT - T - DLIIKLPK xl T - TEVQTGGFSKESILPK,,108.443707,false,true,false,false,Self ,0,0.007889,0.015873,,0,0,0,0,,154,0,108.443707,,
177,Scan: 1537567 Run: DIA12_CV48:20251228_A2_N1_Mueller_MS_TechHub_IMP_THIDDIAXL003_Cas9_PhoX_DIA12_CV48_250ng_FAIMS_003 P1_SEETITPWNFEEVVDKGASAQSFIER P2_KFKVLGNTDR 16 1,Q99ZW2,,,false,Q99ZW2,Q99ZW2,,false,KFKVLGNTDR,SEETITPWNFEEVVDKGASAQSFIER,31,469,1,16,31,484,TT - T - KFKVLGNTDR xl T - SEETITPWNFEEVVDKGASAQSFIER,,108.437119,false,true,false,false,Self ,0,0.007891,0.015873,,0,0,0,0,,153,0,94.079502,,108.437119
176,Scan: 376712 Run: DIA12_CV48:20251228_A2_N1_Mueller_MS_TechHub_IMP_THIDDIAXL003_Cas9_PhoX_DIA12_CV48_250ng_FAIMS_001 P1_SEQEIGKATAK P2_KPAFLSGEQK 7 1,Q99ZW2,,,false,Q99ZW2,Q99ZW2,,false,KPAFLSGEQK,SEQEIGKATAK,536,1025,1,7,536,1031,TT - T - KPAFLSGEQK xl T - SEQEIGKATAK,,108.353939,false,true,false,false,Self ,0,0.007905,0.016393,,0,0,0,0,,152,0,,108.353939,
174,Scan: 83373 Run: DIA12_CV48:20251228_A2_N1_Mueller_MS_TechHub_IMP_THIDDIAXL003_Cas9_PhoX_DIA12_CV48_250ng_FAIMS_001 P1_RNSDKLIAR P2_KDWDPK 5 1,Q99ZW2,,,false,Q99ZW2,Q99ZW2,,false,KDWDPK,RNSDKLIAR,1124,1114,1,5,1124,1118,TT - T - KDWDPK xl T - RNSDKLIAR,,108.328243,false,true,false,false,Self ,0,0.00791,0.016393,,0,0,0,0,,151,0,,108.328243,
173,Scan: 536042 Run: DIA12_CV48:20251228_A2_N1_Mueller_MS_TechHub_IMP_THIDDIAXL003_Cas9_PhoX_DIA12_CV48_250ng_FAIMS_001 P1_LKGSPEDNEQK P2_EHPVENTQLQNEKLYLYYLQNGR 2 13,Q99ZW2,,,false,Q99ZW2,Q99ZW2,,false,EHPVENTQLQNEKLYLYYLQNGR,LKGSPEDNEQK,798,1245,13,2,810,1246,TT - T - EHPVENTQLQNEKLYLYYLQNGR xl T - LKGSPEDNEQK,,108.252415,false,true,false,false,Self ,0,0.007923,0.016393,,0,0,0,0,,150,0,,108.252415,
171,Scan: 689665 Run: DIA12_CV48:20251228_A2_N1_Mueller_MS_TechHub_IMP_THIDDIAXL003_Cas9_PhoX_DIA12_CV48_250ng_FAIMS_002 P1_NSDKLIAR P2_ENQTTQKGQK 4 7,Q99ZW2,,,false,Q99ZW2,Q99ZW2,,false,ENQTTQKGQK,NSDKLIAR,766,1115,7,4,772,1118,TT - T - ENQTTQKGQK xl T - NSDKLIAR,,108.213928,false,true,false,false,Self ,0,0.007929,0.016393,,0,0,0,0,,149,0,108.213928,51.490205,
170,Scan: 549004 Run: DIA12_CV48:20251228_A2_N1_Mueller_MS_TechHub_IMP_THIDDIAXL003_Cas9_PhoX_DIA12_CV48_250ng_FAIMS_001 P1_GKSDNVPSEEVVK P2_GGLSELDKAGFIK 2 8,Q99ZW2,,,false,Q99ZW2,Q99ZW2,,false,GGLSELDKAGFIK,GKSDNVPSEEVVK,906,865,8,2,913,866,TT - T - GGLSELDKAGFIK xl T - GKSDNVPSEEVVK,,108.210125,false,true,false,false,Self ,0,0.00793,0.016393,,0,0,0,0,,148,0,,108.210125,
169,Scan: 415262 Run: DIA12_CV48:20251228_A2_N1_Mueller_MS_TechHub_IMP_THIDDIAXL003_Cas9_PhoX_DIA12_CV48_250ng_FAIMS_001 P1_KPAFLSGEQK P2_KIECFDSVEISGVEDR 1 1,Q99ZW2,,,false,Q99ZW2,Q99ZW2,,false,KIECFDSVEISGVEDR,KPAFLSGEQK,571,536,1,1,571,536,TT - T - KIECFDSVEISGVEDR xl T - KPAFLSGEQK,,108.200699,false,true,false,false,Self ,0,0.007932,0.016393,,0,0,0,0,,147,0,,108.200699,
168,Scan: 260869 Run: DIA12_CV48:20251228_A2_N1_Mueller_MS_TechHub_IMP_THIDDIAXL003_Cas9_PhoX_DIA12_CV48_250ng_FAIMS_001 P1_YKEIFFDQSK P2_DDSIDNKVLTR 2 7,Q99ZW2,,,false,Q99ZW2,Q99ZW2,,false,DDSIDNKVLTR,YKEIFFDQSK,849,347,7,2,855,348,TT - T - DDSIDNKVLTR xl T - YKEIFFDQSK,,108.167839,false,true,false,false,Self ,0,0.007937,0.016393,,0,0,0,0,,146,0,,108.167839,90.363171
167,Scan: 1107186 Run: DIA12_CV48:20251228_A2_N1_Mueller_MS_TechHub_IMP_THIDDIAXL003_Cas9_PhoX_DIA12_CV48_250ng_FAIMS_002 P1_ENQTTQKGQK P2_ENQTTQKGQK 7 7,Q99ZW2,,,false,Q99ZW2,Q99ZW2,,false,ENQTTQKGQK,ENQTTQKGQK,766,766,7,7,772,772,TT - T - ENQTTQKGQK xl T - ENQTTQKGQK,,108.093498,false,true,false,false,Self ,0,0.00795,0.016949,,0,0,0,0,,145,0,108.093498,,
166,Scan: 365326 Run: DIA12_CV48:20251228_A2_N1_Mueller_MS_TechHub_IMP_THIDDIAXL003_Cas9_PhoX_DIA12_CV48_250ng_FAIMS_001 P1_VLPKHSLLYEYFTVYNELTK P2_GKSDNVPSEEVVK 4 2,Q99ZW2,,,false,Q99ZW2,Q99ZW2,,false,GKSDNVPSEEVVK,VLPKHSLLYEYFTVYNELTK,865,507,2,4,866,510,TT - T - GKSDNVPSEEVVK xl T - VLPKHSLLYEYFTVYNELTK,,108.032391,false,true,false,false,Self ,0,0.007961,0.016949,,0,0,0,0,,144,0,67.127005,108.032391,
165,Scan: 1542776 Run: DIA12_CV48:20251228_A2_N1_Mueller_MS_TechHub_IMP_THIDDIAXL003_Cas9_PhoX_DIA12_CV48_250ng_FAIMS_003 P1_SEETITPWNFEEVVDKGASAQSFIER P2_KLINGIR 16 1,Q99ZW2,,,false,Q99ZW2,Q99ZW2,,false,KLINGIR,SEETITPWNFEEVVDKGASAQSFIER,665,469,1,16,665,484,TT - T - KLINGIR xl T - SEETITPWNFEEVVDKGASAQSFIER,,108.017174,false,true,false,false,Self ,0,0.007964,0.017241,,0,0,0,0,,54,0,,,108.017174
164,Scan: 547443 Run: DIA12_CV48:20251228_A2_N1_Mueller_MS_TechHub_IMP_THIDDIAXL003_Cas9_PhoX_DIA12_CV48_250ng_FAIMS_001 P1_GKSDNVPSEEVVK P2_ENQTTQKGQK 2 7,Q99ZW2,,,false,Q99ZW2,Q99ZW2,,false,ENQTTQKGQK,GKSDNVPSEEVVK,766,865,7,2,772,866,TT - T - ENQTTQKGQK xl T - GKSDNVPSEEVVK,,107.975079,false,true,false,false,Self ,0,0.007971,0.017544,,0,0,0,0,,142,0,,107.975079,
163,Scan: 256940 Run: DIA12_CV48:20251228_A2_N1_Mueller_MS_TechHub_IMP_THIDDIAXL003_Cas9_PhoX_DIA12_CV48_250ng_FAIMS_001 P1_YKEIFFDQSK P2_YDEHHQDLTLLKALVR 2 12,Q99ZW2,,,false,Q99ZW2,Q99ZW2,,false,YDEHHQDLTLLKALVR,YKEIFFDQSK,325,347,12,2,336,348,TT - T - YDEHHQDLTLLKALVR xl T - YKEIFFDQSK,,107.974712,false,true,false,false,Self ,0,0.007971,0.017544,,0,0,0,0,,141,0,98.408669,107.974712,
162,Scan: 387758 Run: DIA12_CV48:20251228_A2_N1_Mueller_MS_TechHub_IMP_THIDDIAXL003_Cas9_PhoX_DIA12_CV48_250ng_FAIMS_001 P1_KPAFLSGEQK P2_ENQTTQKGQK 1 7,Q99ZW2,,,false,Q99ZW2,Q99ZW2,,false,ENQTTQKGQK,KPAFLSGEQK,766,536,7,1,772,536,TT - T - ENQTTQKGQK xl T - KPAFLSGEQK,,107.969719,false,true,false,false,Self ,0,0.007972,0.017544,,0,0,0,0,,140,0,,107.969719,107.247341
161,Scan: 288880 Run: DIA12_CV48:20251228_A2_N1_Mueller_MS_TechHub_IMP_THIDDIAXL003_Cas9_PhoX_DIA12_CV48_250ng_FAIMS_001 P1_SEETITPWNFEEVVDKGASAQSFIER P2_QEDFYPFLKDNR 16 9,Q99ZW2,,,false,Q99ZW2,Q99ZW2,,false,QEDFYPFLKDNR,SEETITPWNFEEVVDKGASAQSFIER,426,469,9,16,434,484,TT - T - QEDFYPFLKDNR xl T - SEETITPWNFEEVVDKGASAQSFIER,,107.952045,false,true,false,false,Self ,0,0.007975,0.017544,,0,0,0,0,,139,0,,107.952045,
160,Scan: 62759 Run: DIA12_CV48:20251228_A2_N1_Mueller_MS_TechHub_IMP_THIDDIAXL003_Cas9_PhoX_DIA12_CV48_250ng_FAIMS_001 P1_TEVQTGGFSKESILPK P2_RNSDKLIAR 10 5,Q99ZW2,,,false,Q99ZW2,Q99ZW2,,false,RNSDKLIAR,TEVQTGGFSKESILPK,1114,1098,5,10,1118,1107,TT - T - RNSDKLIAR xl T - TEVQTGGFSKESILPK,,107.841877,false,true,false,false,Self ,0,0.007994,0.017857,,0,0,0,0,,138,0,,107.841877,
159,Scan: 427920 Run: DIA12_CV48:20251228_A2_N1_Mueller_MS_TechHub_IMP_THIDDIAXL003_Cas9_PhoX_DIA12_CV48_250ng_FAIMS_001 P1_KLINGIR P2_KDWDPK 1 1,Q99ZW2,,,false,Q99ZW2,Q99ZW2,,false,KDWDPK,KLINGIR,1124,665,1,1,1124,665,TT - T - KDWDPK xl T - KLINGIR,,107.782017,false,true,false,false,Self ,0,0.008005,0.018519,,0,0,0,0,,137,0,,107.782017,
158,Scan: 376379 Run: DIA12_CV48:20251228_A2_N1_Mueller_MS_TechHub_IMP_THIDDIAXL003_Cas9_PhoX_DIA12_CV48_250ng_FAIMS_001 P1_LESEFVYGDYKVYDVR P2_KPAFLSGEQK 11 1,Q99ZW2,,,false,Q99ZW2,Q99ZW2,,false,KPAFLSGEQK,LESEFVYGDYKVYDVR,536,1004,1,11,536,1014,TT - T - KPAFLSGEQK xl T - LESEFVYGDYKVYDVR,,107.706856,false,true,false,false,Self ,0,0.008018,0.019231,,0,0,0,0,,136,0,,107.706856,
157,Scan: 1308299 Run: DIA12_CV48:20251228_A2_N1_Mueller_MS_TechHub_IMP_THIDDIAXL003_Cas9_PhoX_DIA12_CV48_250ng_FAIMS_003 P1_SSFEKNPIDFLEAK P2_DLIIKLPK 5 5,Q99ZW2,,,false,Q99ZW2,Q99ZW2,,false,DLIIKLPK,SSFEKNPIDFLEAK,1193,1172,5,5,1197,1176,TT - T - DLIIKLPK xl T - SSFEKNPIDFLEAK,,107.671764,false,true,false,false,Self ,0,0.008024,0.019231,,0,0,0,0,,135,0,,,107.671764
156,Scan: 227985 Run: DIA12_CV48:20251228_A2_N1_Mueller_MS_TechHub_IMP_THIDDIAXL003_Cas9_PhoX_DIA12_CV48_250ng_FAIMS_001 P1_SNFDLAEDAKLQLSK P2_KVTVK 10 1,Q99ZW2,,,false,Q99ZW2,Q99ZW2,,false,KVTVK,SNFDLAEDAKLQLSK,558,254,1,10,558,263,TT - T - KVTVK xl T - SNFDLAEDAKLQLSK,,107.513577,false,true,false,false,Self ,0,0.008052,0.021277,,0,0,0,0,,134,0,,107.513577,
155,Scan: 430571 Run: DIA12_CV48:20251228_A2_N1_Mueller_MS_TechHub_IMP_THIDDIAXL003_Cas9_PhoX_DIA12_CV48_250ng_FAIMS_001 P1_KLINGIR P2_DKQSGK 1 2,Q99ZW2,,,false,Q99ZW2,Q99ZW2,,false,DKQSGK,KLINGIR,672,665,2,1,673,665,TT - T - DKQSGK xl T - KLINGIR,,107.476452,false,true,false,false,Self ,0,0.008058,0.021739,,0,0,0,0,,133,0,,107.476452,
154,Scan: 1051456 Run: DIA12_CV48:20251228_A2_N1_Mueller_MS_TechHub_IMP_THIDDIAXL003_Cas9_PhoX_DIA12_CV48_250ng_FAIMS_002 P1_KDLIIK P2_EDIQKAQVSGQGDSLHEHIANLAGSPAIK 1 5,Q99ZW2,,,false,Q99ZW2,Q99ZW2,,false,EDIQKAQVSGQGDSLHEHIANLAGSPAIK,KDLIIK,706,1192,5,1,710,1192,TT - T - EDIQKAQVSGQGDSLHEHIANLAGSPAIK xl T - KDLIIK,,107.383999,false,true,false,false,Self ,0,0.008074,0.022727,,0,0,0,0,,132,0,107.383999,,
153,Scan: 1305940 Run: DIA12_CV48:20251228_A2_N1_Mueller_MS_TechHub_IMP_THIDDIAXL003_Cas9_PhoX_DIA12_CV48_250ng_FAIMS_003 P1_SSFEKNPIDFLEAK P2_NSDKLIAR 5 4,Q99ZW2,,,false,Q99ZW2,Q99ZW2,,false,NSDKLIAR,SSFEKNPIDFLEAK,1115,1172,4,5,1118,1176,TT - T - NSDKLIAR xl T - SSFEKNPIDFLEAK,,107.325958,false,true,false,false,Self ,0,0.008084,0.025,,0,0,0,0,,131,0,,,107.325958
152,Scan: 1143602 Run: DIA12_CV48:20251228_A2_N1_Mueller_MS_TechHub_IMP_THIDDIAXL003_Cas9_PhoX_DIA12_CV48_250ng_FAIMS_002 P1_KVTVK P2_GKSDNVPSEEVVK 1 2,Q99ZW2,,,false,Q99ZW2,Q99ZW2,,false,GKSDNVPSEEVVK,KVTVK,865,558,2,1,866,558,TT - T - GKSDNVPSEEVVK xl T - KVTVK,,107.057354,false,true,false,false,Self ,0,0.008131,0.027778,,0,0,0,0,,130,0,107.057354,103.884842,
151,Scan: 300666 Run: DIA12_CV48:20251228_A2_N1_Mueller_MS_TechHub_IMP_THIDDIAXL003_Cas9_PhoX_DIA12_CV48_250ng_FAIMS_001 P1_NSDKLIAR P2_KSEETITPWNFEEVVDK 4 1,Q99ZW2,,,false,Q99ZW2,Q99ZW2,,false,KSEETITPWNFEEVVDK,NSDKLIAR,468,1115,1,4,468,1118,TT - T - KSEETITPWNFEEVVDK xl T - NSDKLIAR,,107.020378,false,true,false,false,Self ,0,0.008138,0.027778,,0,0,0,0,,129,0,86.72995,107.020378,
148,Scan: 1311703 Run: DIA12_CV48:20251228_A2_N1_Mueller_MS_TechHub_IMP_THIDDIAXL003_Cas9_PhoX_DIA12_CV48_250ng_FAIMS_003 P1_SSFEKNPIDFLEAK P2_NLPNEKVLPK 5 6,Q99ZW2,,,false,Q99ZW2,Q99ZW2,,false,NLPNEKVLPK,SSFEKNPIDFLEAK,501,1172,6,5,506,1176,TT - T - NLPNEKVLPK xl T - SSFEKNPIDFLEAK,,106.800438,false,true,false,false,Self ,0,0.008176,0.029412,,0,0,0,0,,128,0,,,106.800438
147,Scan: 96782 Run: DIA12_CV48:20251228_A2_N1_Mueller_MS_TechHub_IMP_THIDDIAXL003_Cas9_PhoX_DIA12_CV48_250ng_FAIMS_001 P1_KTEVQTGGFSKESILPK P2_KKDWDPK 11 2,Q99ZW2,,,false,Q99ZW2,Q99ZW2,,false,KKDWDPK,KTEVQTGGFSKESILPK,1123,1097,2,11,1124,1107,TT - T - KKDWDPK xl T - KTEVQTGGFSKESILPK,,106.793995,false,true,false,false,Self ,0,0.008177,0.029412,,0,0,0,0,,72,0,,106.793995,
146,Scan: 760876 Run: DIA12_CV48:20251228_A2_N1_Mueller_MS_TechHub_IMP_THIDDIAXL003_Cas9_PhoX_DIA12_CV48_250ng_FAIMS_002 P1_LKGSPEDNEQK P2_GQKNSR 2 3,Q99ZW2,,,false,Q99ZW2,Q99ZW2,,false,GQKNSR,LKGSPEDNEQK,773,1245,3,2,775,1246,TT - T - GQKNSR xl T - LKGSPEDNEQK,,106.720516,false,true,false,false,Self ,0,0.00819,0.03125,,0,0,0,0,,126,0,106.720516,105.578754,
145,Scan: 512688 Run: DIA12_CV48:20251228_A2_N1_Mueller_MS_TechHub_IMP_THIDDIAXL003_Cas9_PhoX_DIA12_CV48_250ng_FAIMS_001 P1_SNKQGR P2_IEEGIKELGSQILK 3 6,Q99ZW2,,,false,decoy:Q99ZW2,decoy:Q99ZW2,decoy,true,IEEGIKELGSQILK,SNKQGR,784,773,6,3,789,775,TD - T - IEEGIKELGSQILK xl D - SNKQGR,,106.680695,true,false,true,false,Self ,0.008197,0.015078,0.03125,,0,1,0.008547,1,,125,11,46.339871,106.680695,
144,Scan: 438641 Run: DIA12_CV48:20251228_A2_N1_Mueller_MS_TechHub_IMP_THIDDIAXL003_Cas9_PhoX_DIA12_CV48_250ng_FAIMS_001 P1_SSFEKNPIDFLEAK P2_QSGKTILDFLK 5 4,Q99ZW2,,,false,Q99ZW2,Q99ZW2,,false,QSGKTILDFLK,SSFEKNPIDFLEAK,674,1172,4,5,677,1176,TT - T - QSGKTILDFLK xl T - SSFEKNPIDFLEAK,,106.597782,false,true,false,false,Self ,0.008197,0.008558,0.03125,,0,0,0.008547,0,,124,0,104.735661,106.597782,
143,Scan: 142887 Run: DIA12_CV48:20251228_A2_N1_Mueller_MS_TechHub_IMP_THIDDIAXL003_Cas9_PhoX_DIA12_CV48_250ng_FAIMS_001 P1_LPKYSLFELENGR P2_ESILPKR 3 6,Q99ZW2,,,false,Q99ZW2,Q99ZW2,,false,ESILPKR,LPKYSLFELENGR,1108,1198,6,3,1113,1200,TT - T - ESILPKR xl T - LPKYSLFELENGR,,106.439617,false,true,false,false,Self ,0.008197,0.009246,0.032258,,0,0,0.008547,0,,123,0,,106.439617,
142,Scan: 509448 Run: DIA12_CV48:20251228_A2_N1_Mueller_MS_TechHub_IMP_THIDDIAXL003_Cas9_PhoX_DIA12_CV48_250ng_FAIMS_001 P1_YKEIFFDQSK P2_ENQTTQKGQK 2 7,Q99ZW2,,,false,Q99ZW2,Q99ZW2,,false,ENQTTQKGQK,YKEIFFDQSK,766,347,7,2,772,348,TT - T - ENQTTQKGQK xl T - YKEIFFDQSK,,106.401806,false,true,false,false,Self ,0.008197,0.00941,0.033333,,0,0,0.008547,0,,122,0,,106.401806,
141,Scan: 377244 Run: DIA12_CV48:20251228_A2_N1_Mueller_MS_TechHub_IMP_THIDDIAXL003_Cas9_PhoX_DIA12_CV48_250ng_FAIMS_001 P1_KTEVQTGGFSK P2_KPAFLSGEQK 1 1,Q99ZW2,,,false,Q99ZW2,Q99ZW2,,false,KPAFLSGEQK,KTEVQTGGFSK,536,1097,1,1,536,1097,TT - T - KPAFLSGEQK xl T - KTEVQTGGFSK,,106.365158,false,true,false,false,Self ,0.008197,0.00957,0.033333,,0,0,0.008547,0,,121,0,105.17453,106.365158,
140,Scan: 983099 Run: DIA12_CV48:20251228_A2_N1_Mueller_MS_TechHub_IMP_THIDDIAXL003_Cas9_PhoX_DIA12_CV48_250ng_FAIMS_002 P1_VTVKQLK P2_KPAFLSGEQK 4 1,Q99ZW2,,,false,Q99ZW2,Q99ZW2,,false,KPAFLSGEQK,VTVKQLK,536,559,1,4,536,562,TT - T - KPAFLSGEQK xl T - VTVKQLK,,106.27404,false,true,false,false,Self ,0.008197,0.009966,0.033333,,0,0,0.008547,0,,120,0,106.27404,,
139,Scan: 143264 Run: DIA12_CV48:20251228_A2_N1_Mueller_MS_TechHub_IMP_THIDDIAXL003_Cas9_PhoX_DIA12_CV48_250ng_FAIMS_001 P1_LPKYSLFELENGR P2_KKDWDPK 3 1,Q99ZW2,,,false,Q99ZW2,Q99ZW2,,false,KKDWDPK,LPKYSLFELENGR,1123,1198,1,3,1123,1200,TT - T - KKDWDPK xl T - LPKYSLFELENGR,,106.233498,false,true,false,false,Self ,0.008197,0.010143,0.033333,,0,0,0.008547,0,,119,0,,106.233498,
138,Scan: 1276692 Run: DIA12_CV48:20251228_A2_N1_Mueller_MS_TechHub_IMP_THIDDIAXL003_Cas9_PhoX_DIA12_CV48_250ng_FAIMS_003 P1_NSDKLIAR P2_ESILPKR 4 6,Q99ZW2,,,false,Q99ZW2,Q99ZW2,,false,ESILPKR,NSDKLIAR,1108,1115,6,4,1113,1118,TT - T - ESILPKR xl T - NSDKLIAR,,106.206192,false,true,false,false,Self ,0.008197,0.010262,0.033333,,0,0,0.008547,0,,118,0,,,106.206192
137,Scan: 360731 Run: DIA12_CV48:20251228_A2_N1_Mueller_MS_TechHub_IMP_THIDDIAXL003_Cas9_PhoX_DIA12_CV48_250ng_FAIMS_001 P1_NLPNEKVLPK P2_KLINGIR 6 1,Q99ZW2,,,false,Q99ZW2,Q99ZW2,,false,KLINGIR,NLPNEKVLPK,665,501,1,6,665,506,TT - T - KLINGIR xl T - NLPNEKVLPK,,106.162888,false,true,false,false,Self ,0.008197,0.01045,0.035714,,0,0,0.008547,0,,117,0,,106.162888,
136,Scan: 424124 Run: DIA12_CV48:20251228_A2_N1_Mueller_MS_TechHub_IMP_THIDDIAXL003_Cas9_PhoX_DIA12_CV48_250ng_FAIMS_001 P1_LKTYAHLFDDK P2_FKVLGNTDR 2 2,Q99ZW2,,,false,Q99ZW2,Q99ZW2,,false,FKVLGNTDR,LKTYAHLFDDK,32,636,2,2,33,637,TT - T - FKVLGNTDR xl T - LKTYAHLFDDK,,106.160591,false,true,false,false,Self ,0.008197,0.01046,0.035714,,0,0,0.008547,0,,116,0,,106.160591,
135,Scan: 1540674 Run: DIA12_CV48:20251228_A2_N1_Mueller_MS_TechHub_IMP_THIDDIAXL003_Cas9_PhoX_DIA12_CV48_250ng_FAIMS_003 P1_NLPNEKVLPK P2_KSEETITPWNFEEVVDKGASAQSFIER 6 17,Q99ZW2,,,false,Q99ZW2,Q99ZW2,,false,KSEETITPWNFEEVVDKGASAQSFIER,NLPNEKVLPK,468,501,17,6,484,506,TT - T - KSEETITPWNFEEVVDKGASAQSFIER xl T - NLPNEKVLPK,,106.119995,false,true,false,false,Self ,0.008197,0.010637,0.035714,,0,0,0.008547,0,,115,0,,,106.119995
134,Scan: 376891 Run: DIA12_CV48:20251228_A2_N1_Mueller_MS_TechHub_IMP_THIDDIAXL003_Cas9_PhoX_DIA12_CV48_250ng_FAIMS_001 P1_KRPLIETNGETGEIVWDK P2_KPAFLSGEQK 1 1,Q99ZW2,,,false,Q99ZW2,Q99ZW2,,false,KPAFLSGEQK,KRPLIETNGETGEIVWDK,536,1059,1,1,536,1059,TT - T - KPAFLSGEQK xl T - KRPLIETNGETGEIVWDK,,106.110519,false,true,false,false,Self ,0.008197,0.010678,0.037037,,0,0,0.008547,0,,114,0,,106.110519,40.44971
133,Scan: 1704682 Run: DIA12_CV48:20251228_A2_N1_Mueller_MS_TechHub_IMP_THIDDIAXL003_Cas9_PhoX_DIA12_CV48_250ng_FAIMS_003 P1_SKLVSDFR P2_ENQTTQKGQK 2 7,Q99ZW2,,,false,Q99ZW2,Q99ZW2,,false,ENQTTQKGQK,SKLVSDFR,766,960,7,2,772,961,TT - T - ENQTTQKGQK xl T - SKLVSDFR,,106.0742,false,true,false,false,Self ,0.008197,0.010836,0.030303,,0,0,0.008547,0,,113,0,,43.383725,106.0742
132,Scan: 35559 Run: DIA12_CV48:20251228_A2_N1_Mueller_MS_TechHub_IMP_THIDDIAXL003_Cas9_PhoX_DIA12_CV48_250ng_FAIMS_001 P1_SEQEIGKATAK P2_KTEVQTGGFSK 7 1,Q99ZW2,,,false,Q99ZW2,Q99ZW2,,false,KTEVQTGGFSK,SEQEIGKATAK,1097,1025,1,7,1097,1031,TT - T - KTEVQTGGFSK xl T - SEQEIGKATAK,,105.972393,false,true,false,false,Self ,0.008197,0.011279,0.03125,,0,0,0.008547,0,,112,0,,105.972393,
131,Scan: 957809 Run: DIA12_CV48:20251228_A2_N1_Mueller_MS_TechHub_IMP_THIDDIAXL003_Cas9_PhoX_DIA12_CV48_250ng_FAIMS_002 P1_NLPNEKVLPK P2_KPAFLSGEQK 6 1,Q99ZW2,,,false,Q99ZW2,Q99ZW2,,false,KPAFLSGEQK,NLPNEKVLPK,536,501,1,6,536,506,TT - T - KPAFLSGEQK xl T - NLPNEKVLPK,,105.881588,false,true,false,false,Self ,0.008197,0.011674,0.03125,,0,0,0.008547,0,,111,0,105.881588,,
130,Scan: 259892 Run: DIA12_CV48:20251228_A2_N1_Mueller_MS_TechHub_IMP_THIDDIAXL003_Cas9_PhoX_DIA12_CV48_250ng_FAIMS_001 P1_YKEIFFDQSK P2_FNASLGTYHDLLKIIK 2 13,Q99ZW2,,,false,Q99ZW2,Q99ZW2,,false,FNASLGTYHDLLKIIK,YKEIFFDQSK,587,347,13,2,599,348,TT - T - FNASLGTYHDLLKIIK xl T - YKEIFFDQSK,,105.874279,false,true,false,false,Self ,0.008197,0.011706,0.03125,,0,0,0.008547,0,,110,0,,105.874279,
129,Scan: 1537668 Run: DIA12_CV48:20251228_A2_N1_Mueller_MS_TechHub_IMP_THIDDIAXL003_Cas9_PhoX_DIA12_CV48_250ng_FAIMS_003 P1_KSEETITPWNFEEVVDKGASAQSFIER P2_FKVLGNTDR 17 2,Q99ZW2,,,false,Q99ZW2,Q99ZW2,,false,FKVLGNTDR,KSEETITPWNFEEVVDKGASAQSFIER,32,468,2,17,33,484,TT - T - FKVLGNTDR xl T - KSEETITPWNFEEVVDKGASAQSFIER,,105.792835,false,true,false,false,Self ,0.008197,0.012061,0.033333,,0,0,0.008547,0,,109,0,,,105.792835
128,Scan: 1260216 Run: DIA12_CV48:20251228_A2_N1_Mueller_MS_TechHub_IMP_THIDDIAXL003_Cas9_PhoX_DIA12_CV48_250ng_FAIMS_003 P1_TEVQTGGFSKESILPK P2_KYGGFDSPTVAYSVLVVAK 10 1,Q99ZW2,,,false,Q99ZW2,Q99ZW2,,false,KYGGFDSPTVAYSVLVVAK,TEVQTGGFSKESILPK,1130,1098,1,10,1130,1107,TT - T - KYGGFDSPTVAYSVLVVAK xl T - TEVQTGGFSKESILPK,,105.745007,false,true,false,false,Self ,0.008197,0.012269,0.034483,,0,0,0.008547,0,,108,0,,99.816586,105.745007
127,Scan: 385705 Run: DIA12_CV48:20251228_A2_N1_Mueller_MS_TechHub_IMP_THIDDIAXL003_Cas9_PhoX_DIA12_CV48_250ng_FAIMS_001 P1_KPAFLSGEQK P2_AIVDLLFKTNR 1 8,Q99ZW2,,,false,Q99ZW2,Q99ZW2,,false,AIVDLLFKTNR,KPAFLSGEQK,547,536,8,1,554,536,TT - T - AIVDLLFKTNR xl T - KPAFLSGEQK,,105.740372,false,true,false,false,Self ,0.008197,0.012289,0.034483,,0,0,0.008547,0,,107,0,,105.740372,
126,Scan: 1141366 Run: DIA12_CV48:20251228_A2_N1_Mueller_MS_TechHub_IMP_THIDDIAXL003_Cas9_PhoX_DIA12_CV48_250ng_FAIMS_002 P1_KTEVQTGGFSK P2_GKSDNVPSEEVVK 1 2,Q99ZW2,,,false,Q99ZW2,Q99ZW2,,false,GKSDNVPSEEVVK,KTEVQTGGFSK,865,1097,2,1,866,1097,TT - T - GKSDNVPSEEVVK xl T - KTEVQTGGFSK,,105.706242,false,true,false,false,Self ,0.008197,0.012437,0.034483,,0,0,0.008547,0,,106,0,105.706242,,
125,Scan: 1286926 Run: DIA12_CV48:20251228_A2_N1_Mueller_MS_TechHub_IMP_THIDDIAXL003_Cas9_PhoX_DIA12_CV48_250ng_FAIMS_003 P1_NSDKLIAR P2_GQKNSR 4 3,Q99ZW2,,,false,Q99ZW2,Q99ZW2,,false,GQKNSR,NSDKLIAR,773,1115,3,4,775,1118,TT - T - GQKNSR xl T - NSDKLIAR,,105.692745,false,true,false,false,Self ,0.008197,0.012496,0.034483,,0,0,0.008547,0,,105,0,,105.385456,105.692745
124,Scan: 1652610 Run: DIA12_CV48:20251228_A2_N1_Mueller_MS_TechHub_IMP_THIDDIAXL003_Cas9_PhoX_DIA12_CV48_250ng_FAIMS_003 P1_KPAFLSGEQK P2_EDIQKAQVSGQGDSLHEHIANLAGSPAIK 1 5,Q99ZW2,,,false,Q99ZW2,Q99ZW2,,false,EDIQKAQVSGQGDSLHEHIANLAGSPAIK,KPAFLSGEQK,706,536,5,1,710,536,TT - T - EDIQKAQVSGQGDSLHEHIANLAGSPAIK xl T - KPAFLSGEQK,,105.689102,false,true,false,false,Self ,0.008197,0.012512,0.034483,,0,0,0.008547,0,,104,0,,46.485578,105.689102
121,Scan: 412103 Run: DIA12_CV48:20251228_A2_N1_Mueller_MS_TechHub_IMP_THIDDIAXL003_Cas9_PhoX_DIA12_CV48_250ng_FAIMS_001 P1_KVTVKQLK P2_KIECFDSVEISGVEDR 5 1,Q99ZW2,,,false,Q99ZW2,Q99ZW2,,false,KIECFDSVEISGVEDR,KVTVKQLK,571,558,1,5,571,562,TT - T - KIECFDSVEISGVEDR xl T - KVTVKQLK,,105.424793,false,true,false,false,Self ,0.008197,0.013662,0.047619,,0,0,0,0,,88,0,99.565945,105.424793,
120,Scan: 95979 Run: DIA12_CV48:20251228_A2_N1_Mueller_MS_TechHub_IMP_THIDDIAXL003_Cas9_PhoX_DIA12_CV48_250ng_FAIMS_001 P1_KKDWDPK P2_DKQSGK 1 2,Q99ZW2,,,false,Q99ZW2,Q99ZW2,,false,DKQSGK,KKDWDPK,672,1123,2,1,673,1123,TT - T - DKQSGK xl T - KKDWDPK,,105.367508,false,true,false,false,Self ,0.008197,0.013912,0.1,,0,0,0.008547,0,,102,0,,105.367508,
119,Scan: 1190526 Run: DIA12_CV48:20251228_A2_N1_Mueller_MS_TechHub_IMP_THIDDIAXL003_Cas9_PhoX_DIA12_CV48_250ng_FAIMS_002 P1_KDFQFYK P2_GSPEDNEQKQLFVEQHK 1 9,Q99ZW2,,,false,Q99ZW2,Q99ZW2,,false,GSPEDNEQKQLFVEQHK,KDFQFYK,1247,968,9,1,1255,968,TT - T - GSPEDNEQKQLFVEQHK xl T - KDFQFYK,,105.34433,false,true,false,false,Self ,0.008197,0.014013,0.1,,0,0,0.008547,0,,101,0,105.34433,100.180134,
117,Scan: 1381357 Run: DIA12_CV48:20251228_A2_N1_Mueller_MS_TechHub_IMP_THIDDIAXL003_Cas9_PhoX_DIA12_CV48_250ng_FAIMS_003 P1_VLSAYNKHR P2_DKPIR 7 2,Q99ZW2,,,false,Q99ZW2,Q99ZW2,,false,DKPIR,VLSAYNKHR,1299,1290,2,7,1300,1296,TT - T - DKPIR xl T - VLSAYNKHR,,105.292782,false,true,false,false,Self ,0.008197,0.014237,0.095238,,0,0,0.008547,0,,100,0,,,105.292782
116,Scan: 1026568 Run: DIA12_CV48:20251228_A2_N1_Mueller_MS_TechHub_IMP_THIDDIAXL003_Cas9_PhoX_DIA12_CV48_250ng_FAIMS_002 P1_KSEETITPWNFEEVVDK P2_KLINGIR 1 1,Q99ZW2,,,false,Q99ZW2,Q99ZW2,,false,KLINGIR,KSEETITPWNFEEVVDK,665,468,1,1,665,468,TT - T - KLINGIR xl T - KSEETITPWNFEEVVDK,,105.255547,false,true,false,false,Self ,0.008197,0.014399,0.1,,0,0,0.008547,0,,99,0,105.255547,,
114,Scan: 104286 Run: DIA12_CV48:20251228_A2_N1_Mueller_MS_TechHub_IMP_THIDDIAXL003_Cas9_PhoX_DIA12_CV48_250ng_FAIMS_001 P1_KYGGFDSPTVAYSVLVVAK P2_KKDWDPK 1 1,Q99ZW2,,,false,Q99ZW2,Q99ZW2,,false,KKDWDPK,KYGGFDSPTVAYSVLVVAK,1123,1130,1,1,1123,1130,TT - T - KKDWDPK xl T - KYGGFDSPTVAYSVLVVAK,,105.074501,false,true,false,false,Self ,0.008197,0.015187,0.176471,,0,0,0.008547,0,,98,0,,105.074501,
113,Scan: 615820 Run: DIA12_CV48:20251228_A2_N1_Mueller_MS_TechHub_IMP_THIDDIAXL003_Cas9_PhoX_DIA12_CV48_250ng_FAIMS_002 P1_VLPKHSLLYEYFTVYNELTK P2_EHKKDEEVLFSEELR 4 4,decoy:Q99ZW2,decoy:,decoy,true,Q99ZW2,Q99ZW2,,false,EHKKDEEVLFSEELR,VLPKHSLLYEYFTVYNELTK,101,507,4,4,104,510,TD - D - EHKKDEEVLFSEELR xl T - VLPKHSLLYEYFTVYNELTK,,104.973808,true,false,true,false,Self ,0.015625,0.021541,0.142857,,1,0,0.01626,1,,97,11,104.973808,,
112,Scan: 1749831 Run: DIA12_CV48:20251228_A2_N1_Mueller_MS_TechHub_IMP_THIDDIAXL003_Cas9_PhoX_DIA12_CV48_250ng_FAIMS_003 P1_SDNVPSEEVVKK P2_NSDKLIAR 11 4,Q99ZW2,,,false,Q99ZW2,Q99ZW2,,false,NSDKLIAR,SDNVPSEEVVKK,1115,867,4,11,1118,877,TT - T - NSDKLIAR xl T - SDNVPSEEVVKK,,104.949654,false,true,false,false,Self ,0.015625,0.016541,0.136364,,0,0,0.01626,0,,96,0,,,104.949654
111,Scan: 1380950 Run: DIA12_CV48:20251228_A2_N1_Mueller_MS_TechHub_IMP_THIDDIAXL003_Cas9_PhoX_DIA12_CV48_250ng_FAIMS_003 P1_VLSAYNKHR P2_KRPLIETNGETGEIVWDK 7 1,Q99ZW2,,,false,Q99ZW2,Q99ZW2,,false,KRPLIETNGETGEIVWDK,VLSAYNKHR,1059,1290,1,7,1059,1296,TT - T - KRPLIETNGETGEIVWDK xl T - VLSAYNKHR,,104.934277,false,true,false,false,Self ,0.015625,0.017124,0.136364,,0,0,0.01626,0,,95,0,,33.532108,104.934277
110,Scan: 676033 Run: DIA12_CV48:20251228_A2_N1_Mueller_MS_TechHub_IMP_THIDDIAXL003_Cas9_PhoX_DIA12_CV48_250ng_FAIMS_002 P1_SSFEKNPIDFLEAK P2_ESILPKR 5 6,Q99ZW2,,,false,Q99ZW2,Q99ZW2,,false,ESILPKR,SSFEKNPIDFLEAK,1108,1172,6,5,1113,1176,TT - T - ESILPKR xl T - SSFEKNPIDFLEAK,,104.899742,false,true,false,false,Self ,0.015625,0.018434,0.136364,,0,0,0.01626,0,,94,0,104.899742,46.772612,
109,Scan: 1495625 Run: DIA12_CV48:20251228_A2_N1_Mueller_MS_TechHub_IMP_THIDDIAXL003_Cas9_PhoX_DIA12_CV48_250ng_FAIMS_003 P1_SSFEKNPIDFLEAK P2_KSEETITPWNFEEVVDK 5 1,Q99ZW2,,,false,Q99ZW2,Q99ZW2,,false,KSEETITPWNFEEVVDK,SSFEKNPIDFLEAK,468,1172,1,5,468,1176,TT - T - KSEETITPWNFEEVVDK xl T - SSFEKNPIDFLEAK,,104.859295,false,true,false,false,Self ,0.015625,0.019968,0.181818,,0,0,0.01626,0,,93,0,,,104.859295
108,Scan: 243332 Run: DIA12_CV48:20251228_A2_N1_Mueller_MS_TechHub_IMP_THIDDIAXL003_Cas9_PhoX_DIA12_CV48_250ng_FAIMS_001 P1_KSEETITPWNFEEVVDK P2_FKVLGNTDR 1 2,Q99ZW2,,,false,Q99ZW2,Q99ZW2,,false,FKVLGNTDR,KSEETITPWNFEEVVDK,32,468,2,1,33,468,TT - T - FKVLGNTDR xl T - KSEETITPWNFEEVVDK,,104.845821,false,true,false,false,Self ,0.015625,0.020479,0.181818,,0,0,0.01626,0,,92,0,,104.845821,
107,Scan: 741111 Run: DIA12_CV48:20251228_A2_N1_Mueller_MS_TechHub_IMP_THIDDIAXL003_Cas9_PhoX_DIA12_CV48_250ng_FAIMS_002 P1_LPKYSLFELENGR P2_KYGGFDSPTVAYSVLVVAK 3 1,Q99ZW2,,,false,Q99ZW2,Q99ZW2,,false,KYGGFDSPTVAYSVLVVAK,LPKYSLFELENGR,1130,1198,1,3,1130,1200,TT - T - KYGGFDSPTVAYSVLVVAK xl T - LPKYSLFELENGR,,104.777496,false,true,false,false,Self ,0.015625,0.02307,0.173913,,0,0,0.01626,0,,91,0,104.777496,,
106,Scan: 1731069 Run: DIA12_CV48:20251228_A2_N1_Mueller_MS_TechHub_IMP_THIDDIAXL003_Cas9_PhoX_DIA12_CV48_250ng_FAIMS_003 P1_QGKQTTQNEK P2_EHPVENTQLQNEKLYLYYLQNGR 3 13,Q99ZW2,,,false,decoy:Q99ZW2,decoy:Q99ZW2,decoy,true,EHPVENTQLQNEKLYLYYLQNGR,QGKQTTQNEK,798,766,13,3,810,768,TD - T - EHPVENTQLQNEKLYLYYLQNGR xl D - QGKQTTQNEK,,104.777309,true,false,true,false,Self ,0.023077,0.023544,0.173913,,0,1,0.024194,1,,90,11,,,104.777309
105,Scan: 510323 Run: DIA12_CV48:20251228_A2_N1_Mueller_MS_TechHub_IMP_THIDDIAXL003_Cas9_PhoX_DIA12_CV48_250ng_FAIMS_001 P1_ENQTTQKGQK P2_AGFIKR 7 5,Q99ZW2,,,false,Q99ZW2,Q99ZW2,,false,AGFIKR,ENQTTQKGQK,914,766,5,7,918,772,TT - T - AGFIKR xl T - ENQTTQKGQK,,104.712357,false,true,false,false,Self ,0.023077,0.025919,0.173913,,0,0,0.024194,0,,89,0,,104.712357,
104,Scan: 1012819 Run: DIA12_CV48:20251228_A2_N1_Mueller_MS_TechHub_IMP_THIDDIAXL003_Cas9_PhoX_DIA12_CV48_250ng_FAIMS_002 P1_VTVKQLK P2_KIECFDSVEISGVEDR 4 1,Q99ZW2,,,false,Q99ZW2,Q99ZW2,,false,KIECFDSVEISGVEDR,VTVKQLK,571,559,1,4,571,562,TT - T - KIECFDSVEISGVEDR xl T - VTVKQLK,,104.666676,false,true,false,false,Self ,0.023077,0.027918,0.181818,,0,0,0,0,,88,0,104.666676,,
102,Scan: 1333982 Run: DIA12_CV48:20251228_A2_N1_Mueller_MS_TechHub_IMP_THIDDIAXL003_Cas9_PhoX_DIA12_CV48_250ng_FAIMS_003 P1_IILDKK P2_EDIQKAQVSGQGDSLHEHIANLAGSPAIK 5 5,Q99ZW2,,,false,decoy:Q99ZW2,decoy:Q99ZW2,decoy,true,EDIQKAQVSGQGDSLHEHIANLAGSPAIK,IILDKK,706,1192,5,5,710,1196,TD - T - EDIQKAQVSGQGDSLHEHIANLAGSPAIK xl D - IILDKK,,104.642277,true,false,true,false,Self ,0.028986,0.025113,0.181818,,0,1,0.030534,1,,87,11,48.896842,,104.642277
101,Scan: 1737746 Run: DIA12_CV48:20251228_A2_N1_Mueller_MS_TechHub_IMP_THIDDIAXL003_Cas9_PhoX_DIA12_CV48_250ng_FAIMS_003 P1_SDKNR P2_GKSDNVPSEEVVKK 3 2,Q99ZW2,,,false,Q99ZW2,Q99ZW2,,false,GKSDNVPSEEVVKK,SDKNR,865,860,2,3,866,862,TT - T - GKSDNVPSEEVVKK xl T - SDKNR,,104.601704,false,true,false,false,Self ,0.028986,0.029157,0.173913,,0,0,0,0,,86,0,,,104.601704
100,Scan: 1609602 Run: DIA12_CV48:20251228_A2_N1_Mueller_MS_TechHub_IMP_THIDDIAXL003_Cas9_PhoX_DIA12_CV48_250ng_FAIMS_003 P1_KVTVK P2_KIECFDSVEISGVEDR 1 1,Q99ZW2,,,false,Q99ZW2,Q99ZW2,,false,KIECFDSVEISGVEDR,KVTVK,571,558,1,1,571,558,TT - T - KIECFDSVEISGVEDR xl T - KVTVK,,104.538631,false,true,false,false,Self ,0.028986,0.029422,0.173913,,0,0,0.030534,0,,85,0,,,104.538631
99,Scan: 1273603 Run: DIA12_CV48:20251228_A2_N1_Mueller_MS_TechHub_IMP_THIDDIAXL003_Cas9_PhoX_DIA12_CV48_250ng_FAIMS_003 P1_KLINGIR P2_ESILPKR 1 6,Q99ZW2,,,false,Q99ZW2,Q99ZW2,,false,ESILPKR,KLINGIR,1108,665,6,1,1113,665,TT - T - ESILPKR xl T - KLINGIR,,104.510891,false,true,false,false,Self ,0.028986,0.029539,0.166667,,0,0,0.030534,0,,84,0,,,104.510891
98,Scan: 1165807 Run: DIA12_CV48:20251228_A2_N1_Mueller_MS_TechHub_IMP_THIDDIAXL003_Cas9_PhoX_DIA12_CV48_250ng_FAIMS_002 P1_GGLSELDKAGFIK P2_FDNLTKAER 8 6,Q99ZW2,,,false,Q99ZW2,Q99ZW2,,false,FDNLTKAER,GGLSELDKAGFIK,897,906,6,8,902,913,TT - T - FDNLTKAER xl T - GGLSELDKAGFIK,,104.448708,false,true,false,false,Self ,0.028986,0.029801,0.166667,,0,0,0.030534,0,,83,0,104.448708,,
97,Scan: 958018 Run: DIA12_CV48:20251228_A2_N1_Mueller_MS_TechHub_IMP_THIDDIAXL003_Cas9_PhoX_DIA12_CV48_250ng_FAIMS_002 P1_VLPKHSLLYEYFTVYNELTK P2_SEQEIGKATAK 4 7,Q99ZW2,,,false,Q99ZW2,Q99ZW2,,false,SEQEIGKATAK,VLPKHSLLYEYFTVYNELTK,1025,507,7,4,1031,510,TT - T - SEQEIGKATAK xl T - VLPKHSLLYEYFTVYNELTK,,104.44664,false,true,false,false,Self ,0.028986,0.02981,0.166667,,0,0,0.030534,0,,82,0,104.44664,,
96,Scan: 309719 Run: DIA12_CV48:20251228_A2_N1_Mueller_MS_TechHub_IMP_THIDDIAXL003_Cas9_PhoX_DIA12_CV48_250ng_FAIMS_001 P1_KVTVK P2_KSEETITPWNFEEVVDK 1 1,Q99ZW2,,,false,Q99ZW2,Q99ZW2,,false,KSEETITPWNFEEVVDK,KVTVK,468,558,1,1,468,558,TT - T - KSEETITPWNFEEVVDK xl T - KVTVK,,104.398323,false,true,false,false,Self ,0.028986,0.030014,0.166667,,0,0,0.030534,0,,81,0,,104.398323,
95,Scan: 1145045 Run: DIA12_CV48:20251228_A2_N1_Mueller_MS_TechHub_IMP_THIDDIAXL003_Cas9_PhoX_DIA12_CV48_250ng_FAIMS_002 P1_GKSDNVPSEEVVK P2_DDSIDNKVLTR 2 7,Q99ZW2,,,false,Q99ZW2,Q99ZW2,,false,DDSIDNKVLTR,GKSDNVPSEEVVK,849,865,7,2,855,866,TT - T - DDSIDNKVLTR xl T - GKSDNVPSEEVVK,,104.381115,false,true,false,false,Self ,0.028986,0.030086,0.153846,,0,0,0.030534,0,,80,0,104.381115,93.941051,
94,Scan: 903460 Run: DIA12_CV48:20251228_A2_N1_Mueller_MS_TechHub_IMP_THIDDIAXL003_Cas9_PhoX_DIA12_CV48_250ng_FAIMS_002 P1_KSEETITPWNFEEVVDK P2_IEKILTFR 1 3,Q99ZW2,,,false,Q99ZW2,Q99ZW2,,false,IEKILTFR,KSEETITPWNFEEVVDK,440,468,3,1,442,468,TT - T - IEKILTFR xl T - KSEETITPWNFEEVVDK,,104.362152,false,true,false,false,Self ,0.028986,0.030166,0.111111,,0,0,0.030534,0,,79,0,104.362152,,
93,Scan: 672765 Run: DIA12_CV48:20251228_A2_N1_Mueller_MS_TechHub_IMP_THIDDIAXL003_Cas9_PhoX_DIA12_CV48_250ng_FAIMS_002 P1_SSFEKNPIDFLEAK P2_KPLISER 5 1,decoy:Q99ZW2,decoy:,decoy,true,Q99ZW2,Q99ZW2,,false,KPLISER,SSFEKNPIDFLEAK,1108,1172,1,5,1108,1176,TD - D - KPLISER xl T - SSFEKNPIDFLEAK,,104.285828,true,false,true,false,Self ,0.030488,0.02984,0.103448,,1,0,0.032468,1,,78,11,104.285828,,
92,Scan: 361355 Run: DIA12_CV48:20251228_A2_N1_Mueller_MS_TechHub_IMP_THIDDIAXL003_Cas9_PhoX_DIA12_CV48_250ng_FAIMS_001 P1_VLPKHSLLYEYFTVYNELTK P2_NSDKLIAR 4 4,Q99ZW2,,,false,Q99ZW2,Q99ZW2,,false,NSDKLIAR,VLPKHSLLYEYFTVYNELTK,1115,507,4,4,1118,510,TT - T - NSDKLIAR xl T - VLPKHSLLYEYFTVYNELTK,,104.199738,false,true,false,false,Self ,0.030488,0.030668,0.111111,,0,0,0.032468,0,,77,0,,104.199738,
91,Scan: 347934 Run: DIA12_CV48:20251228_A2_N1_Mueller_MS_TechHub_IMP_THIDDIAXL003_Cas9_PhoX_DIA12_CV48_250ng_FAIMS_001 P1_SEETITPWNFEEVVDKGASAQSFIER P2_KAIVDLLFK 16 1,Q99ZW2,,,false,Q99ZW2,Q99ZW2,,false,KAIVDLLFK,SEETITPWNFEEVVDKGASAQSFIER,546,469,1,16,546,484,TT - T - KAIVDLLFK xl T - SEETITPWNFEEVVDKGASAQSFIER,,104.180099,false,true,false,false,Self ,0.030488,0.030709,0.111111,,0,0,0.032468,0,,76,0,,104.180099,
90,Scan: 1631211 Run: DIA12_CV48:20251228_A2_N1_Mueller_MS_TechHub_IMP_THIDDIAXL003_Cas9_PhoX_DIA12_CV48_250ng_FAIMS_003 P1_SSFEKNPIDFLEAK P2_DKQSGK 5 2,Q99ZW2,,,false,Q99ZW2,Q99ZW2,,false,DKQSGK,SSFEKNPIDFLEAK,672,1172,2,5,673,1176,TT - T - DKQSGK xl T - SSFEKNPIDFLEAK,,104.153446,false,true,false,false,Self ,0.030488,0.030764,0.076923,,0,0,0.032468,0,,75,0,,,104.153446
89,Scan: 1335461 Run: DIA12_CV48:20251228_A2_N1_Mueller_MS_TechHub_IMP_THIDDIAXL003_Cas9_PhoX_DIA12_CV48_250ng_FAIMS_003 P1_EDIQKAQVSGQGDSLHEHIANLAGSPAIK P2_DLIIKLPK 5 5,Q99ZW2,,,false,Q99ZW2,Q99ZW2,,false,DLIIKLPK,EDIQKAQVSGQGDSLHEHIANLAGSPAIK,1193,706,5,5,1197,710,TT - T - DLIIKLPK xl T - EDIQKAQVSGQGDSLHEHIANLAGSPAIK,,104.126747,false,true,false,false,Self ,0.030488,0.03082,0.076923,,0,0,0.032468,0,,74,0,,84.110411,104.126747
88,Scan: 1687252 Run: DIA12_CV48:20251228_A2_N1_Mueller_MS_TechHub_IMP_THIDDIAXL003_Cas9_PhoX_DIA12_CV48_250ng_FAIMS_003 P1_SEETITPWNFEEVVDKGASAQSFIER P2_GILQTVKVVDELVK 16 7,Q99ZW2,,,false,Q99ZW2,Q99ZW2,,false,GILQTVKVVDELVK,SEETITPWNFEEVVDKGASAQSFIER,736,469,7,16,742,484,TT - T - GILQTVKVVDELVK xl T - SEETITPWNFEEVVDKGASAQSFIER,,104.05299,false,true,false,false,Self ,0.030488,0.030974,0.076923,,0,0,0,0,,17,0,,,104.05299
87,Scan: 96734 Run: DIA12_CV48:20251228_A2_N1_Mueller_MS_TechHub_IMP_THIDDIAXL003_Cas9_PhoX_DIA12_CV48_250ng_FAIMS_001 P1_KTEVQTGGFSKESILPK P2_KDWDPK 11 1,Q99ZW2,,,false,Q99ZW2,Q99ZW2,,false,KDWDPK,KTEVQTGGFSKESILPK,1124,1097,1,11,1124,1107,TT - T - KDWDPK xl T - KTEVQTGGFSKESILPK,,104.027348,false,true,false,false,Self ,0.030488,0.031028,0.029412,,0,0,0,0,,72,0,103.757591,104.027348,
85,Scan: 1182501 Run: DIA12_CV48:20251228_A2_N1_Mueller_MS_TechHub_IMP_THIDDIAXL003_Cas9_PhoX_DIA12_CV48_250ng_FAIMS_002 P1_YDENDKLIR P2_SEQEIGKATAK 6 7,Q99ZW2,,,false,Q99ZW2,Q99ZW2,,false,SEQEIGKATAK,YDENDKLIR,1025,943,7,6,1031,948,TT - T - SEQEIGKATAK xl T - YDENDKLIR,,103.919891,false,true,false,false,Self ,0.030488,0.031252,0.03125,,0,0,0.032468,0,,71,0,103.919891,,
84,Scan: 1329535 Run: DIA12_CV48:20251228_A2_N1_Mueller_MS_TechHub_IMP_THIDDIAXL003_Cas9_PhoX_DIA12_CV48_250ng_FAIMS_003 P1_TEVQTGGFSKESILPK P2_KDLIIK 10 1,Q99ZW2,,,false,Q99ZW2,Q99ZW2,,false,KDLIIK,TEVQTGGFSKESILPK,1192,1098,1,10,1192,1107,TT - T - KDLIIK xl T - TEVQTGGFSKESILPK,,103.863998,false,true,false,false,Self ,0.030488,0.031369,0.032258,,0,0,0.032468,0,,70,0,,,103.863998
81,Scan: 136486 Run: DIA12_CV48:20251228_A2_N1_Mueller_MS_TechHub_IMP_THIDDIAXL003_Cas9_PhoX_DIA12_CV48_250ng_FAIMS_001 P1_KDLIIK P2_DKQSGK 1 2,Q99ZW2,,,false,Q99ZW2,Q99ZW2,,false,DKQSGK,KDLIIK,672,1192,2,1,673,1192,TT - T - DKQSGK xl T - KDLIIK,,103.786972,false,true,false,false,Self ,0.030488,0.03153,0.035714,,0,0,0.032468,0,,69,0,,103.786972,
80,Scan: 86692 Run: DIA12_CV48:20251228_A2_N1_Mueller_MS_TechHub_IMP_THIDDIAXL003_Cas9_PhoX_DIA12_CV48_250ng_FAIMS_001 P1_NSDKLIAR P2_LKGSPEDNEQK 4 2,Q99ZW2,,,false,Q99ZW2,Q99ZW2,,false,LKGSPEDNEQK,NSDKLIAR,1245,1115,2,4,1246,1118,TT - T - LKGSPEDNEQK xl T - NSDKLIAR,,103.78281,false,true,false,false,Self ,0.030488,0.031539,0.035714,,0,0,0.032468,0,,68,0,,103.78281,
79,Scan: 1235280 Run: DIA12_CV48:20251228_A2_N1_Mueller_MS_TechHub_IMP_THIDDIAXL003_Cas9_PhoX_DIA12_CV48_250ng_FAIMS_003 P1_KTEVQTGGFSK P2_ENQTTQKGQK 1 7,Q99ZW2,,,false,Q99ZW2,Q99ZW2,,false,ENQTTQKGQK,KTEVQTGGFSK,766,1097,7,1,772,1097,TT - T - ENQTTQKGQK xl T - KTEVQTGGFSK,,103.768486,false,true,false,false,Self ,0.030488,0.031569,0.037037,,0,0,0.032468,0,,67,0,,,103.768486
78,Scan: 1371998 Run: DIA12_CV48:20251228_A2_N1_Mueller_MS_TechHub_IMP_THIDDIAXL003_Cas9_PhoX_DIA12_CV48_250ng_FAIMS_003 P1_KLINGIR P2_HYLDEIIEQISEFSKR 1 15,Q99ZW2,,,false,Q99ZW2,Q99ZW2,,false,HYLDEIIEQISEFSKR,KLINGIR,1264,665,15,1,1278,665,TT - T - HYLDEIIEQISEFSKR xl T - KLINGIR,,103.744637,false,true,false,false,Self ,0.030488,0.031619,0.038462,,0,0,0.032468,0,,66,0,,,103.744637
77,Scan: 443836 Run: DIA12_CV48:20251228_A2_N1_Mueller_MS_TechHub_IMP_THIDDIAXL003_Cas9_PhoX_DIA12_CV48_250ng_FAIMS_001 P1_TILDFLKSDGFANR P2_FKVLGNTDR 7 2,Q99ZW2,,,false,Q99ZW2,Q99ZW2,,false,FKVLGNTDR,TILDFLKSDGFANR,32,678,2,7,33,684,TT - T - FKVLGNTDR xl T - TILDFLKSDGFANR,,103.739822,false,true,false,false,Self ,0.030488,0.031629,0.038462,,0,0,0.032468,0,,65,0,,103.739822,
76,Scan: 1449448 Run: DIA12_CV48:20251228_A2_N1_Mueller_MS_TechHub_IMP_THIDDIAXL003_Cas9_PhoX_DIA12_CV48_250ng_FAIMS_003 P1_YKEIFFDQSK P2_DLIIKLPK 2 5,Q99ZW2,,,false,Q99ZW2,Q99ZW2,,false,DLIIKLPK,YKEIFFDQSK,1193,347,5,2,1197,348,TT - T - DLIIKLPK xl T - YKEIFFDQSK,,103.734066,false,true,false,false,Self ,0.030488,0.031641,0.038462,,0,0,0.032468,0,,64,0,,,103.734066
75,Scan: 852877 Run: DIA12_CV48:20251228_A2_N1_Mueller_MS_TechHub_IMP_THIDDIAXL003_Cas9_PhoX_DIA12_CV48_250ng_FAIMS_002 P1_YKEIFFDQSK P2_VLSAYNKHR 2 7,Q99ZW2,,,false,Q99ZW2,Q99ZW2,,false,VLSAYNKHR,YKEIFFDQSK,1290,347,7,2,1296,348,TT - T - VLSAYNKHR xl T - YKEIFFDQSK,,103.712872,false,true,false,false,Self ,0.030488,0.031685,0.038462,,0,0,0.032468,0,,63,0,103.712872,,
74,Scan: 1107888 Run: DIA12_CV48:20251228_A2_N1_Mueller_MS_TechHub_IMP_THIDDIAXL003_Cas9_PhoX_DIA12_CV48_250ng_FAIMS_002 P1_ENQTTQKGQK P2_DFQFYKVR 7 6,Q99ZW2,,,false,Q99ZW2,Q99ZW2,,false,DFQFYKVR,ENQTTQKGQK,969,766,6,7,974,772,TT - T - DFQFYKVR xl T - ENQTTQKGQK,,103.710007,false,true,false,false,Self ,0.030488,0.031691,0.038462,,0,0,0.032468,0,,62,0,103.710007,,
70,Scan: 374026 Run: DIA12_CV48:20251228_A2_N1_Mueller_MS_TechHub_IMP_THIDDIAXL003_Cas9_PhoX_DIA12_CV48_250ng_FAIMS_001 P1_VKYVTEGMR P2_KPAFLSGEQK 2 1,Q99ZW2,,,false,Q99ZW2,Q99ZW2,,false,KPAFLSGEQK,VKYVTEGMR,536,527,1,2,536,528,TT - T - KPAFLSGEQK xl T - VKYVTEGMR,,103.466896,false,true,false,false,Self ,0.030488,0.032199,0.033333,,0,0,0.032468,0,,61,0,,103.466896,84.380116
69,Scan: 1172037 Run: DIA12_CV48:20251228_A2_N1_Mueller_MS_TechHub_IMP_THIDDIAXL003_Cas9_PhoX_DIA12_CV48_250ng_FAIMS_002 P1_VITLKSK P2_QITKHVAQILDSR 5 4,Q99ZW2,,,false,Q99ZW2,Q99ZW2,,false,QITKHVAQILDSR,VITLKSK,926,955,4,5,929,959,TT - T - QITKHVAQILDSR xl T - VITLKSK,,103.449398,false,true,false,false,Self ,0.030488,0.032236,0.033333,,0,0,0.032468,0,,60,0,103.449398,,
68,Scan: 635493 Run: DIA12_CV48:20251228_A2_N1_Mueller_MS_TechHub_IMP_THIDDIAXL003_Cas9_PhoX_DIA12_CV48_250ng_FAIMS_002 P1_YKEIFFDQSK P2_KTEVQTGGFSK 2 1,Q99ZW2,,,false,Q99ZW2,Q99ZW2,,false,KTEVQTGGFSK,YKEIFFDQSK,1097,347,1,2,1097,348,TT - T - KTEVQTGGFSK xl T - YKEIFFDQSK,,103.363033,false,true,false,false,Self ,0.030488,0.032416,0.035714,,0,0,0.032468,0,,59,0,103.363033,,
67,Scan: 144336 Run: DIA12_CV48:20251228_A2_N1_Mueller_MS_TechHub_IMP_THIDDIAXL003_Cas9_PhoX_DIA12_CV48_250ng_FAIMS_001 P1_LPKYSLFELENGR P2_GYKEVK 3 3,Q99ZW2,,,false,Q99ZW2,Q99ZW2,,false,GYKEVK,LPKYSLFELENGR,1186,1198,3,3,1188,1200,TT - T - GYKEVK xl T - LPKYSLFELENGR,,103.28199,false,true,false,false,Self ,0.030488,0.032585,0.037037,,0,0,0.032468,0,,58,0,,103.28199,
66,Scan: 1200300 Run: DIA12_CV48:20251228_A2_N1_Mueller_MS_TechHub_IMP_THIDDIAXL003_Cas9_PhoX_DIA12_CV48_250ng_FAIMS_003 P1_LESEFVYGDYKVYDVR P2_KMIAK 11 1,Q99ZW2,,,false,Q99ZW2,Q99ZW2,,false,KMIAK,LESEFVYGDYKVYDVR,1020,1004,1,11,1020,1014,TT - T - KMIAK xl T - LESEFVYGDYKVYDVR,,103.088448,false,true,false,false,Self ,0.030488,0.03299,0.055556,,0,0,0.032468,0,,57,0,98.134846,97.978252,103.088448
65,Scan: 940908 Run: DIA12_CV48:20251228_A2_N1_Mueller_MS_TechHub_IMP_THIDDIAXL003_Cas9_PhoX_DIA12_CV48_250ng_FAIMS_002 P1_YKEIFFDQSK P2_SEETITPWNFEEVVDKGASAQSFIER 2 16,Q99ZW2,,,false,Q99ZW2,Q99ZW2,,false,SEETITPWNFEEVVDKGASAQSFIER,YKEIFFDQSK,469,347,16,2,484,348,TT - T - SEETITPWNFEEVVDKGASAQSFIER xl T - YKEIFFDQSK,,102.853291,false,true,false,false,Self ,0.030488,0.033481,0.117647,,0,0,0.032468,0,,56,0,102.853291,,
64,Scan: 1706866 Run: DIA12_CV48:20251228_A2_N1_Mueller_MS_TechHub_IMP_THIDDIAXL003_Cas9_PhoX_DIA12_CV48_250ng_FAIMS_003 P1_IEEGIKELGSQILK P2_GQKNSR 6 3,Q99ZW2,,,false,Q99ZW2,Q99ZW2,,false,GQKNSR,IEEGIKELGSQILK,773,784,3,6,775,789,TT - T - GQKNSR xl T - IEEGIKELGSQILK,,102.823227,false,true,false,false,Self ,0.030488,0.033544,0.117647,,0,0,0.032468,0,,55,0,,50.564835,102.823227
63,Scan: 429663 Run: DIA12_CV48:20251228_A2_N1_Mueller_MS_TechHub_IMP_THIDDIAXL003_Cas9_PhoX_DIA12_CV48_250ng_FAIMS_001 P1_KSEETITPWNFEEVVDKGASAQSFIER P2_KLINGIR 17 1,Q99ZW2,,,false,Q99ZW2,Q99ZW2,,false,KLINGIR,KSEETITPWNFEEVVDKGASAQSFIER,665,468,1,17,665,484,TT - T - KLINGIR xl T - KSEETITPWNFEEVVDKGASAQSFIER,,102.734905,false,true,false,false,Self ,0.030488,0.033729,0.117647,,0,0,0,0,,54,0,,102.734905,
62,Scan: 1358603 Run: DIA12_CV48:20251228_A2_N1_Mueller_MS_TechHub_IMP_THIDDIAXL003_Cas9_PhoX_DIA12_CV48_250ng_FAIMS_003 P1_LKGSPEDNEQK P2_GKSDNVPSEEVVK 2 2,Q99ZW2,,,false,Q99ZW2,Q99ZW2,,false,GKSDNVPSEEVVK,LKGSPEDNEQK,865,1245,2,2,866,1246,TT - T - GKSDNVPSEEVVK xl T - LKGSPEDNEQK,,102.234169,false,true,false,false,Self ,0.030488,0.034775,0.117647,,0,0,0.032468,0,,53,0,,,102.234169
60,Scan: 404566 Run: DIA12_CV48:20251228_A2_N1_Mueller_MS_TechHub_IMP_THIDDIAXL003_Cas9_PhoX_DIA12_CV48_250ng_FAIMS_001 P1_KPAFLSGEQK P2_KAIVDLLFK 1 1,Q99ZW2,,,false,Q99ZW2,Q99ZW2,,false,KAIVDLLFK,KPAFLSGEQK,546,536,1,1,546,536,TT - T - KAIVDLLFK xl T - KPAFLSGEQK,,102.19022,false,true,false,false,Self ,0.030488,0.034867,0.117647,,0,0,0.032468,0,,52,0,,102.19022,100.238045
59,Scan: 1049399 Run: DIA12_CV48:20251228_A2_N1_Mueller_MS_TechHub_IMP_THIDDIAXL003_Cas9_PhoX_DIA12_CV48_250ng_FAIMS_002 P1_KPLISER P2_EDIQKAQVSGQGDSLHEHIANLAGSPAIK 1 5,Q99ZW2,,,false,decoy:Q99ZW2,decoy:Q99ZW2,decoy,true,EDIQKAQVSGQGDSLHEHIANLAGSPAIK,KPLISER,706,1108,5,1,710,1108,TD - T - EDIQKAQVSGQGDSLHEHIANLAGSPAIK xl D - KPLISER,,102.182068,true,false,true,false,Self ,0.034884,0.036356,0.117647,,0,1,0.0375,1,,51,11,102.182068,,
58,Scan: 1285504 Run: DIA12_CV48:20251228_A2_N1_Mueller_MS_TechHub_IMP_THIDDIAXL003_Cas9_PhoX_DIA12_CV48_250ng_FAIMS_003 P1_RNSDKLIAR P2_EDIQKAQVSGQGDSLHEHIANLAGSPAIK 5 5,Q99ZW2,,,false,Q99ZW2,Q99ZW2,,false,EDIQKAQVSGQGDSLHEHIANLAGSPAIK,RNSDKLIAR,706,1114,5,5,710,1118,TT - T - EDIQKAQVSGQGDSLHEHIANLAGSPAIK xl T - RNSDKLIAR,,102.113026,false,true,false,false,Self ,0.034884,0.035399,0.117647,,0,0,0,0,,50,0,,76.827749,102.113026
56,Scan: 1007494 Run: DIA12_CV48:20251228_A2_N1_Mueller_MS_TechHub_IMP_THIDDIAXL003_Cas9_PhoX_DIA12_CV48_250ng_FAIMS_002 P1_KVTVK P2_AIVDLLFKTNR 1 8,Q99ZW2,,,false,Q99ZW2,Q99ZW2,,false,AIVDLLFKTNR,KVTVK,547,558,8,1,554,558,TT - T - AIVDLLFKTNR xl T - KVTVK,,102.089581,false,true,false,false,Self ,0.034884,0.035575,0.117647,,0,0,0.0375,0,,49,0,102.089581,,
55,Scan: 143479 Run: DIA12_CV48:20251228_A2_N1_Mueller_MS_TechHub_IMP_THIDDIAXL003_Cas9_PhoX_DIA12_CV48_250ng_FAIMS_001 P1_LPKYSLFELENGR P2_KDWDPK 3 1,Q99ZW2,,,false,Q99ZW2,Q99ZW2,,false,KDWDPK,LPKYSLFELENGR,1124,1198,1,3,1124,1200,TT - T - KDWDPK xl T - LPKYSLFELENGR,,102.080864,false,true,false,false,Self ,0.034884,0.03564,0.117647,,0,0,0.0375,0,,48,0,,102.080864,
54,Scan: 1210678 Run: DIA12_CV48:20251228_A2_N1_Mueller_MS_TechHub_IMP_THIDDIAXL003_Cas9_PhoX_DIA12_CV48_250ng_FAIMS_003 P1_SEQEIGKATAK P2_ELGSQILKEHPVENTQLQNEK 7 8,Q99ZW2,,,false,Q99ZW2,Q99ZW2,,false,ELGSQILKEHPVENTQLQNEK,SEQEIGKATAK,790,1025,8,7,797,1031,TT - T - ELGSQILKEHPVENTQLQNEK xl T - SEQEIGKATAK,,102.013508,false,true,false,false,Self ,0.034884,0.036143,0.111111,,0,0,0.0375,0,,47,0,,,102.013508
53,Scan: 1292130 Run: DIA12_CV48:20251228_A2_N1_Mueller_MS_TechHub_IMP_THIDDIAXL003_Cas9_PhoX_DIA12_CV48_250ng_FAIMS_003 P1_KYGGFDSPTVAYSVLVVAK P2_KKDWDPK 1 2,Q99ZW2,,,false,Q99ZW2,Q99ZW2,,false,KKDWDPK,KYGGFDSPTVAYSVLVVAK,1123,1130,2,1,1124,1130,TT - T - KKDWDPK xl T - KYGGFDSPTVAYSVLVVAK,,102.005096,false,true,false,false,Self ,0.034884,0.036206,0.111111,,0,0,0,0,,46,0,,,102.005096
52,Scan: 293704 Run: DIA12_CV48:20251228_A2_N1_Mueller_MS_TechHub_IMP_THIDDIAXL003_Cas9_PhoX_DIA12_CV48_250ng_FAIMS_001 P1_IEKILTFR P2_EDIQKAQVSGQGDSLHEHIANLAGSPAIK 3 5,Q99ZW2,,,false,Q99ZW2,Q99ZW2,,false,EDIQKAQVSGQGDSLHEHIANLAGSPAIK,IEKILTFR,706,440,5,3,710,442,TT - T - EDIQKAQVSGQGDSLHEHIANLAGSPAIK xl T - IEKILTFR,,101.980419,false,true,false,false,Self ,0.034884,0.03639,0.111111,,0,0,0.0375,0,,45,0,,101.980419,
51,Scan: 1541550 Run: DIA12_CV48:20251228_A2_N1_Mueller_MS_TechHub_IMP_THIDDIAXL003_Cas9_PhoX_DIA12_CV48_250ng_FAIMS_003 P1_SEETITPWNFEEVVDKGASAQSFIER P2_KPAFLSGEQK 16 1,Q99ZW2,,,false,Q99ZW2,Q99ZW2,,false,KPAFLSGEQK,SEETITPWNFEEVVDKGASAQSFIER,536,469,1,16,536,484,TT - T - KPAFLSGEQK xl T - SEETITPWNFEEVVDKGASAQSFIER,,101.938232,false,true,false,false,Self ,0.034884,0.036705,0.111111,,0,0,0.0375,0,,44,0,,,101.938232
50,Scan: 1290263 Run: DIA12_CV48:20251228_A2_N1_Mueller_MS_TechHub_IMP_THIDDIAXL003_Cas9_PhoX_DIA12_CV48_250ng_FAIMS_003 P1_KKDWDPK P2_EDIQKAQVSGQGDSLHEHIANLAGSPAIK 1 5,Q99ZW2,,,false,Q99ZW2,Q99ZW2,,false,EDIQKAQVSGQGDSLHEHIANLAGSPAIK,KKDWDPK,706,1123,5,1,710,1123,TT - T - EDIQKAQVSGQGDSLHEHIANLAGSPAIK xl T - KKDWDPK,,101.930576,false,true,false,false,Self ,0.034884,0.036762,0.111111,,0,0,0.0375,0,,43,0,,74.120062,101.930576
49,Scan: 506565 Run: DIA12_CV48:20251228_A2_N1_Mueller_MS_TechHub_IMP_THIDDIAXL003_Cas9_PhoX_DIA12_CV48_250ng_FAIMS_001 P1_QGKQTTQNEK P2_LPKYSLFELENGR 3 3,Q99ZW2,,,false,decoy:Q99ZW2,decoy:Q99ZW2,decoy,true,LPKYSLFELENGR,QGKQTTQNEK,1198,766,3,3,1200,768,TD - T - LPKYSLFELENGR xl D - QGKQTTQNEK,,101.86739,true,false,true,false,Self ,0.037234,0.03651,0.105263,,0,1,0.039773,1,,42,11,,101.86739,
48,Scan: 897533 Run: DIA12_CV48:20251228_A2_N1_Mueller_MS_TechHub_IMP_THIDDIAXL003_Cas9_PhoX_DIA12_CV48_250ng_FAIMS_002 P1_KSEETITPWNFEEVVDK P2_ESILPKR 1 6,Q99ZW2,,,false,Q99ZW2,Q99ZW2,,false,ESILPKR,KSEETITPWNFEEVVDK,1108,468,6,1,1113,468,TT - T - ESILPKR xl T - KSEETITPWNFEEVVDK,,101.809902,false,true,false,false,Self ,0.037234,0.037496,0.105263,,0,0,0.039773,0,,41,0,101.809902,,
47,Scan: 785628 Run: DIA12_CV48:20251228_A2_N1_Mueller_MS_TechHub_IMP_THIDDIAXL003_Cas9_PhoX_DIA12_CV48_250ng_FAIMS_002 P1_KLVDSTDK P2_HPIFGNIVDEVAYHEKYPTIYHLR 1 16,Q99ZW2,,,false,Q99ZW2,Q99ZW2,,false,HPIFGNIVDEVAYHEKYPTIYHLR,KLVDSTDK,116,141,16,1,131,141,TT - T - HPIFGNIVDEVAYHEKYPTIYHLR xl T - KLVDSTDK,,101.762012,false,true,false,false,Self ,0.037234,0.037713,0.095238,,0,0,0.039773,0,,40,0,101.762012,,89.712551
43,Scan: 963049 Run: DIA12_CV48:20251228_A2_N1_Mueller_MS_TechHub_IMP_THIDDIAXL003_Cas9_PhoX_DIA12_CV48_250ng_FAIMS_002 P1_YDENDKLIR P2_VLPKHSLLYEYFTVYNELTK 6 4,Q99ZW2,,,false,Q99ZW2,Q99ZW2,,false,VLPKHSLLYEYFTVYNELTK,YDENDKLIR,507,943,4,6,510,948,TT - T - VLPKHSLLYEYFTVYNELTK xl T - YDENDKLIR,,101.666862,false,true,false,false,Self ,0.037234,0.038146,0.086957,,0,0,0.039773,0,,39,0,101.666862,,
42,Scan: 684617 Run: DIA12_CV48:20251228_A2_N1_Mueller_MS_TechHub_IMP_THIDDIAXL003_Cas9_PhoX_DIA12_CV48_250ng_FAIMS_002 P1_SNFDLAEDAKLQLSK P2_NSDKLIAR 10 4,Q99ZW2,,,false,Q99ZW2,Q99ZW2,,false,NSDKLIAR,SNFDLAEDAKLQLSK,1115,254,4,10,1118,263,TT - T - NSDKLIAR xl T - SNFDLAEDAKLQLSK,,101.663494,false,true,false,false,Self ,0.037234,0.038162,0.086957,,0,0,0.039773,0,,38,0,101.663494,92.298332,
41,Scan: 986889 Run: DIA12_CV48:20251228_A2_N1_Mueller_MS_TechHub_IMP_THIDDIAXL003_Cas9_PhoX_DIA12_CV48_250ng_FAIMS_002 P1_YDENDKLIR P2_KPAFLSGEQK 6 1,Q99ZW2,,,false,Q99ZW2,Q99ZW2,,false,KPAFLSGEQK,YDENDKLIR,536,943,1,6,536,948,TT - T - KPAFLSGEQK xl T - YDENDKLIR,,101.604603,false,true,false,false,Self ,0.037234,0.03843,0.086957,,0,0,0.039773,0,,37,0,101.604603,,
40,Scan: 94744 Run: DIA12_CV48:20251228_A2_N1_Mueller_MS_TechHub_IMP_THIDDIAXL003_Cas9_PhoX_DIA12_CV48_250ng_FAIMS_001 P1_KKDWDPK P2_ESILPKR 1 6,Q99ZW2,,,false,Q99ZW2,Q99ZW2,,false,ESILPKR,KKDWDPK,1108,1123,6,1,1113,1123,TT - T - ESILPKR xl T - KKDWDPK,,101.591003,false,true,false,false,Self ,0.037234,0.038491,0.086957,,0,0,0.039773,0,,36,0,,101.591003,
39,Scan: 1390941 Run: DIA12_CV48:20251228_A2_N1_Mueller_MS_TechHub_IMP_THIDDIAXL003_Cas9_PhoX_DIA12_CV48_250ng_FAIMS_003 P1_YTSTKEVLDATLIHQSITGLYETR P2_NSDKLIAR 5 4,Q99ZW2,,,false,Q99ZW2,Q99ZW2,,false,NSDKLIAR,YTSTKEVLDATLIHQSITGLYETR,1115,1336,4,5,1118,1340,TT - T - NSDKLIAR xl T - YTSTKEVLDATLIHQSITGLYETR,,101.507473,false,true,false,false,Self ,0.037234,0.038871,0.043478,,0,0,0.039773,0,,35,0,,,101.507473
38,Scan: 1710857 Run: DIA12_CV48:20251228_A2_N1_Mueller_MS_TechHub_IMP_THIDDIAXL003_Cas9_PhoX_DIA12_CV48_250ng_FAIMS_003 P1_SKLVSDFR P2_IEEGIKELGSQILK 2 6,Q99ZW2,,,false,Q99ZW2,Q99ZW2,,false,IEEGIKELGSQILK,SKLVSDFR,784,960,6,2,789,961,TT - T - IEEGIKELGSQILK xl T - SKLVSDFR,,101.427967,false,true,false,false,Self ,0.037234,0.039233,0.047619,,0,0,0.039773,0,,34,0,,,101.427967
35,Scan: 110556 Run: DIA12_CV48:20251228_A2_N1_Mueller_MS_TechHub_IMP_THIDDIAXL003_Cas9_PhoX_DIA12_CV48_250ng_FAIMS_001 P1_SSFEKNPIDFLEAK P2_KMIAK 5 1,Q99ZW2,,,false,Q99ZW2,Q99ZW2,,false,KMIAK,SSFEKNPIDFLEAK,1020,1172,1,5,1020,1176,TT - T - KMIAK xl T - SSFEKNPIDFLEAK,,101.299885,false,true,false,false,Self ,0.037234,0.039816,0.1875,,0,0,0.039773,0,,33,0,,101.299885,
34,Scan: 840751 Run: DIA12_CV48:20251228_A2_N1_Mueller_MS_TechHub_IMP_THIDDIAXL003_Cas9_PhoX_DIA12_CV48_250ng_FAIMS_002 P1_NLPNEKVLPK P2_FKVLGNTDR 6 2,Q99ZW2,,,false,Q99ZW2,Q99ZW2,,false,FKVLGNTDR,NLPNEKVLPK,32,501,2,6,33,506,TT - T - FKVLGNTDR xl T - NLPNEKVLPK,,101.202541,false,true,false,false,Self ,0.037234,0.040259,0.117647,,0,0,0.039773,0,,32,0,101.202541,,
33,Scan: 898995 Run: DIA12_CV48:20251228_A2_N1_Mueller_MS_TechHub_IMP_THIDDIAXL003_Cas9_PhoX_DIA12_CV48_250ng_FAIMS_002 P1_KSEETITPWNFEEVVDK P2_KDLIIK 1 1,Q99ZW2,,,false,Q99ZW2,Q99ZW2,,false,KDLIIK,KSEETITPWNFEEVVDK,1192,468,1,1,1192,468,TT - T - KDLIIK xl T - KSEETITPWNFEEVVDK,,101.167923,false,true,false,false,Self ,0.037234,0.040416,0.117647,,0,0,0.039773,0,,31,0,101.167923,,
32,Scan: 207760 Run: DIA12_CV48:20251228_A2_N1_Mueller_MS_TechHub_IMP_THIDDIAXL003_Cas9_PhoX_DIA12_CV48_250ng_FAIMS_001 P1_LVDSTDKADLR P2_KPAFLSGEQK 7 1,Q99ZW2,,,false,Q99ZW2,Q99ZW2,,false,KPAFLSGEQK,LVDSTDKADLR,536,142,1,7,536,148,TT - T - KPAFLSGEQK xl T - LVDSTDKADLR,,101.147606,false,true,false,false,Self ,0.037234,0.040509,0.117647,,0,0,0.039773,0,,30,0,,101.147606,98.255699
31,Scan: 760778 Run: DIA12_CV48:20251228_A2_N1_Mueller_MS_TechHub_IMP_THIDDIAXL003_Cas9_PhoX_DIA12_CV48_250ng_FAIMS_002 P1_LKGSPEDNEQK P2_ENQTTQKGQK 2 7,Q99ZW2,,,false,Q99ZW2,Q99ZW2,,false,ENQTTQKGQK,LKGSPEDNEQK,766,1245,7,2,772,1246,TT - T - ENQTTQKGQK xl T - LKGSPEDNEQK,,101.139973,false,true,false,false,Self ,0.037234,0.040543,0.117647,,0,0,0.039773,0,,29,0,101.139973,,
30,Scan: 1081339 Run: DIA12_CV48:20251228_A2_N1_Mueller_MS_TechHub_IMP_THIDDIAXL003_Cas9_PhoX_DIA12_CV48_250ng_FAIMS_002 P1_KGILQTVK P2_EDIQKAQVSGQGDSLHEHIANLAGSPAIK 1 5,Q99ZW2,,,false,Q99ZW2,Q99ZW2,,false,EDIQKAQVSGQGDSLHEHIANLAGSPAIK,KGILQTVK,706,735,5,1,710,735,TT - T - EDIQKAQVSGQGDSLHEHIANLAGSPAIK xl T - KGILQTVK,,101.04813,false,true,false,false,Self ,0.037234,0.040961,0.117647,,0,0,0.039773,0,,28,0,101.04813,67.932252,
29,Scan: 298069 Run: DIA12_CV48:20251228_A2_N1_Mueller_MS_TechHub_IMP_THIDDIAXL003_Cas9_PhoX_DIA12_CV48_250ng_FAIMS_001 P1_KSEETITPWNFEEVVDK P2_KNLIGALLFDSGETAEATR 1 1,Q99ZW2,,,false,Q99ZW2,Q99ZW2,,false,KNLIGALLFDSGETAEATR,KSEETITPWNFEEVVDK,45,468,1,1,45,468,TT - T - KNLIGALLFDSGETAEATR xl T - KSEETITPWNFEEVVDK,,100.920326,false,true,false,false,Self ,0.037234,0.041543,0.117647,,0,0,0.039773,0,,27,0,78.471243,100.920326,
28,Scan: 194108 Run: DIA12_CV48:20251228_A2_N1_Mueller_MS_TechHub_IMP_THIDDIAXL003_Cas9_PhoX_DIA12_CV48_250ng_FAIMS_001 P1_NSDKLIAR P2_EQAENIIHLFTLTNLGAPAAFKYFDTTIDR 4 22,Q99ZW2,,,false,Q99ZW2,Q99ZW2,,false,EQAENIIHLFTLTNLGAPAAFKYFDTTIDR,NSDKLIAR,1304,1115,22,4,1325,1118,TT - T - EQAENIIHLFTLTNLGAPAAFKYFDTTIDR xl T - NSDKLIAR,,100.710461,false,true,false,false,Self ,0.037234,0.042497,0.25,,0,0,0.039773,0,,26,0,98.499302,100.710461,
27,Scan: 415618 Run: DIA12_CV48:20251228_A2_N1_Mueller_MS_TechHub_IMP_THIDDIAXL003_Cas9_PhoX_DIA12_CV48_250ng_FAIMS_001 P1_LQKVTVK P2_KIECFDSVEISGVEDR 3 1,Q99ZW2,,,false,decoy:Q99ZW2,decoy:Q99ZW2,decoy,true,KIECFDSVEISGVEDR,LQKVTVK,571,559,1,3,571,561,TD - T - KIECFDSVEISGVEDR xl D - LQKVTVK,,100.698219,true,false,true,false,Self ,0.042553,0.045908,0.222222,,0,1,0.045455,1,,25,11,99.285713,100.698219,
26,Scan: 1007963 Run: DIA12_CV48:20251228_A2_N1_Mueller_MS_TechHub_IMP_THIDDIAXL003_Cas9_PhoX_DIA12_CV48_250ng_FAIMS_002 P1_LQKVTVKK P2_KIECFDSVEISGVEDR 3 1,Q99ZW2,,,false,decoy:Q99ZW2,decoy:Q99ZW2,decoy,true,KIECFDSVEISGVEDR,LQKVTVKK,571,558,1,3,571,560,TD - T - KIECFDSVEISGVEDR xl D - LQKVTVKK,,100.665047,true,false,true,false,Self ,0.046154,0.043113,0.235294,,0,1,0.049451,1,,24,11,100.665047,,95.95163
25,Scan: 1464704 Run: DIA12_CV48:20251228_A2_N1_Mueller_MS_TechHub_IMP_THIDDIAXL003_Cas9_PhoX_DIA12_CV48_250ng_FAIMS_003 P1_NSDKLIAR P2_EIFFDQSKNGYAGYIDGGASQEEFYK 4 8,Q99ZW2,,,false,Q99ZW2,Q99ZW2,,false,EIFFDQSKNGYAGYIDGGASQEEFYK,NSDKLIAR,349,1115,8,4,356,1118,TT - T - EIFFDQSKNGYAGYIDGGASQEEFYK xl T - NSDKLIAR,,100.513336,false,true,false,false,Self ,0.046154,0.047762,0.266667,,0,0,0.049451,0,,23,0,,,100.513336
24,Scan: 761700 Run: DIA12_CV48:20251228_A2_N1_Mueller_MS_TechHub_IMP_THIDDIAXL003_Cas9_PhoX_DIA12_CV48_250ng_FAIMS_002 P1_SKLVSDFR P2_LKGSPEDNEQK 2 2,Q99ZW2,,,false,Q99ZW2,Q99ZW2,,false,LKGSPEDNEQK,SKLVSDFR,1245,960,2,2,1246,961,TT - T - LKGSPEDNEQK xl T - SKLVSDFR,,100.446476,false,true,false,false,Self ,0.046154,0.048471,0.25,,0,0,0.049451,0,,22,0,100.446476,,
23,Scan: 1555817 Run: DIA12_CV48:20251228_A2_N1_Mueller_MS_TechHub_IMP_THIDDIAXL003_Cas9_PhoX_DIA12_CV48_250ng_FAIMS_003 P1_VLPKHSLLYEYFTVYNELTK P2_SSFEKNPIDFLEAK 4 5,Q99ZW2,,,false,Q99ZW2,Q99ZW2,,false,SSFEKNPIDFLEAK,VLPKHSLLYEYFTVYNELTK,1172,507,5,4,1176,510,TT - T - SSFEKNPIDFLEAK xl T - VLPKHSLLYEYFTVYNELTK,,100.428818,false,true,false,false,Self ,0.046154,0.048658,0.266667,,0,0,0.049451,0,,21,0,,,100.428818
22,Scan: 937950 Run: DIA12_CV48:20251228_A2_N1_Mueller_MS_TechHub_IMP_THIDDIAXL003_Cas9_PhoX_DIA12_CV48_250ng_FAIMS_002 P1_SEETITPWNFEEVVDKGASAQSFIER P2_ESILPKR 16 6,Q99ZW2,,,false,Q99ZW2,Q99ZW2,,false,ESILPKR,SEETITPWNFEEVVDKGASAQSFIER,1108,469,6,16,1113,484,TT - T - ESILPKR xl T - SEETITPWNFEEVVDKGASAQSFIER,,100.420483,false,true,false,false,Self ,0.046154,0.048746,0.266667,,0,0,0.049451,0,,20,0,100.420483,,
21,Scan: 1145850 Run: DIA12_CV48:20251228_A2_N1_Mueller_MS_TechHub_IMP_THIDDIAXL003_Cas9_PhoX_DIA12_CV48_250ng_FAIMS_002 P1_KFDNLTKAER P2_GKSDNVPSEEVVK 1 2,Q99ZW2,,,false,Q99ZW2,Q99ZW2,,false,GKSDNVPSEEVVK,KFDNLTKAER,865,896,2,1,866,896,TT - T - GKSDNVPSEEVVK xl T - KFDNLTKAER,,100.266251,false,true,false,false,Self ,0.046154,0.050381,0.25,,0,0,0.049451,0,,19,0,100.266251,,
20,Scan: 443920 Run: DIA12_CV48:20251228_A2_N1_Mueller_MS_TechHub_IMP_THIDDIAXL003_Cas9_PhoX_DIA12_CV48_250ng_FAIMS_001 P1_YKEIFFDQSK P2_TILDFLKSDGFANR 2 7,Q99ZW2,,,false,Q99ZW2,Q99ZW2,,false,TILDFLKSDGFANR,YKEIFFDQSK,678,347,7,2,684,348,TT - T - TILDFLKSDGFANR xl T - YKEIFFDQSK,,100.217453,false,true,false,false,Self ,0.046154,0.050899,0.235294,,0,0,0.049451,0,,18,0,,100.217453,
19,Scan: 947254 Run: DIA12_CV48:20251228_A2_N1_Mueller_MS_TechHub_IMP_THIDDIAXL003_Cas9_PhoX_DIA12_CV48_250ng_FAIMS_002 P1_KSEETITPWNFEEVVDKGASAQSFIER P2_GILQTVKVVDELVK 17 7,Q99ZW2,,,false,Q99ZW2,Q99ZW2,,false,GILQTVKVVDELVK,KSEETITPWNFEEVVDKGASAQSFIER,736,468,7,17,742,484,TT - T - GILQTVKVVDELVK xl T - KSEETITPWNFEEVVDKGASAQSFIER,,100.213985,false,true,false,false,Self ,0.046154,0.050935,0.222222,,0,0,0,0,,17,0,100.213985,,
18,Scan: 605786 Run: DIA12_CV48:20251228_A2_N1_Mueller_MS_TechHub_IMP_THIDDIAXL003_Cas9_PhoX_DIA12_CV48_250ng_FAIMS_002 P1_LESEFVYGDYKVYDVR P2_AIMKK 11 4,decoy:Q99ZW2,decoy:,decoy,true,Q99ZW2,Q99ZW2,,false,AIMKK,LESEFVYGDYKVYDVR,1020,1004,4,11,1023,1014,TD - D - AIMKK xl T - LESEFVYGDYKVYDVR,,100.181271,true,false,true,false,Self ,0.051282,0.051657,0.210526,,1,0,0.054945,1,,16,11,100.181271,,48.953361
17,Scan: 686389 Run: DIA12_CV48:20251228_A2_N1_Mueller_MS_TechHub_IMP_THIDDIAXL003_Cas9_PhoX_DIA12_CV48_250ng_FAIMS_002 P1_SEETITPWNFEEVVDKGASAQSFIER P2_AILKDSNR 16 4,decoy:Q99ZW2,decoy:,decoy,true,Q99ZW2,Q99ZW2,,false,AILKDSNR,SEETITPWNFEEVVDKGASAQSFIER,1115,469,4,16,1118,484,TD - D - AILKDSNR xl T - SEETITPWNFEEVVDKGASAQSFIER,,100.117588,true,false,true,false,Self ,0.052381,0.051347,0.210526,,1,0,0.056995,1,,15,11,100.117588,,
16,Scan: 1329780 Run: DIA12_CV48:20251228_A2_N1_Mueller_MS_TechHub_IMP_THIDDIAXL003_Cas9_PhoX_DIA12_CV48_250ng_FAIMS_003 P1_LPKYSLFELENGR P2_KDLIIK 3 1,Q99ZW2,,,false,Q99ZW2,Q99ZW2,,false,KDLIIK,LPKYSLFELENGR,1192,1198,1,3,1192,1200,TT - T - KDLIIK xl T - LPKYSLFELENGR,,100.108997,false,true,false,false,Self ,0.052381,0.052381,0.2,,0,0,0.056995,0,,14,0,,,100.108997
15,Scan: 412564 Run: DIA12_CV48:20251228_A2_N1_Mueller_MS_TechHub_IMP_THIDDIAXL003_Cas9_PhoX_DIA12_CV48_250ng_FAIMS_001 P1_YKEIFFDQSK P2_QLKEDYFK 2 3,Q99ZW2,,,false,Q99ZW2,Q99ZW2,,false,QLKEDYFK,YKEIFFDQSK,563,347,3,2,565,348,TT - T - QLKEDYFK xl T - YKEIFFDQSK,,100.095409,false,true,false,false,Self ,0.052381,0.052381,0.210526,,0,0,0.056995,0,,13,0,,100.095409,45.308198
14,Scan: 1216661 Run: DIA12_CV48:20251228_A2_N1_Mueller_MS_TechHub_IMP_THIDDIAXL003_Cas9_PhoX_DIA12_CV48_250ng_FAIMS_003 P1_KSEETITPWNFEEVVDK P2_KRPLIETNGETGEIVWDK 1 1,Q99ZW2,,,false,Q99ZW2,Q99ZW2,,false,KRPLIETNGETGEIVWDK,KSEETITPWNFEEVVDK,1059,468,1,1,1059,468,TT - T - KRPLIETNGETGEIVWDK xl T - KSEETITPWNFEEVVDK,,100.094902,false,true,false,false,Self ,0.052381,0.052381,0.210526,,0,0,0.056995,0,,12,0,,,100.094902
13,Scan: 1209831 Run: DIA12_CV48:20251228_A2_N1_Mueller_MS_TechHub_IMP_THIDDIAXL003_Cas9_PhoX_DIA12_CV48_250ng_FAIMS_003 P1_YKEIFFDQSK P2_SEQEIGKATAK 2 7,Q99ZW2,,,false,Q99ZW2,Q99ZW2,,false,SEQEIGKATAK,YKEIFFDQSK,1025,347,7,2,1031,348,TT - T - SEQEIGKATAK xl T - YKEIFFDQSK,,100.032391,false,true,false,false,Self ,0.052381,0.052381,0.105263,,0,0,0.056995,0,,11,0,,,100.032391
11,Scan: 1055916 Run: DIA12_CV48:20251228_A2_N1_Mueller_MS_TechHub_IMP_THIDDIAXL003_Cas9_PhoX_DIA12_CV48_250ng_FAIMS_002 P1_KLINGIR P2_EDIQKAQVSGQGDSLHEHIANLAGSPAIKK 1 5,Q99ZW2,,,false,Q99ZW2,Q99ZW2,,false,EDIQKAQVSGQGDSLHEHIANLAGSPAIKK,KLINGIR,706,665,5,1,710,665,TT - T - EDIQKAQVSGQGDSLHEHIANLAGSPAIKK xl T - KLINGIR,,99.868755,false,true,false,false,Self ,0.052381,0.052381,0.105263,,0,0,0,0,,10,0,99.868755,57.393322,
10,Scan: 739647 Run: DIA12_CV48:20251228_A2_N1_Mueller_MS_TechHub_IMP_THIDDIAXL003_Cas9_PhoX_DIA12_CV48_250ng_FAIMS_002 P1_TEVQTGGFSKESILPK P2_LPKYSLFELENGR 10 3,Q99ZW2,,,false,Q99ZW2,Q99ZW2,,false,LPKYSLFELENGR,TEVQTGGFSKESILPK,1198,1098,3,10,1200,1107,TT - T - LPKYSLFELENGR xl T - TEVQTGGFSKESILPK,,99.850437,false,true,false,false,Self ,0.052381,0.052381,0.105263,,0,0,0,0,,9,0,99.850437,,
9,Scan: 840869 Run: DIA12_CV48:20251228_A2_N1_Mueller_MS_TechHub_IMP_THIDDIAXL003_Cas9_PhoX_DIA12_CV48_250ng_FAIMS_002 P1_VLPKHSLLYEYFTVYNELTK P2_FKVLGNTDR 4 2,Q99ZW2,,,false,Q99ZW2,Q99ZW2,,false,FKVLGNTDR,VLPKHSLLYEYFTVYNELTK,32,507,2,4,33,510,TT - T - FKVLGNTDR xl T - VLPKHSLLYEYFTVYNELTK,,99.726307,false,true,false,false,Self ,0.052381,0.052381,0.117647,,0,0,0.056995,0,,8,0,99.726307,99.374836,
8,Scan: 450545 Run: DIA12_CV48:20251228_A2_N1_Mueller_MS_TechHub_IMP_THIDDIAXL003_Cas9_PhoX_DIA12_CV48_250ng_FAIMS_001 P1_KTEVQTGGFSK P2_EDIQKAQVSGQGDSLHEHIANLAGSPAIK 1 5,Q99ZW2,,,false,Q99ZW2,Q99ZW2,,false,EDIQKAQVSGQGDSLHEHIANLAGSPAIK,KTEVQTGGFSK,706,1097,5,1,710,1097,TT - T - EDIQKAQVSGQGDSLHEHIANLAGSPAIK xl T - KTEVQTGGFSK,,99.721313,false,true,false,false,Self ,0.052381,0.052381,0.117647,,0,0,0.056995,0,,7,0,56.292774,99.721313,
7,Scan: 97178 Run: DIA12_CV48:20251228_A2_N1_Mueller_MS_TechHub_IMP_THIDDIAXL003_Cas9_PhoX_DIA12_CV48_250ng_FAIMS_001 P1_KKDWDPK P2_ESILPKR 2 6,Q99ZW2,,,false,Q99ZW2,Q99ZW2,,false,ESILPKR,KKDWDPK,1108,1123,6,2,1113,1124,TT - T - ESILPKR xl T - KKDWDPK,,99.620518,false,true,false,false,Self ,0.052381,0.052381,0.117647,,0,0,0.056995,0,,6,0,,99.620518,
6,Scan: 145426 Run: DIA12_CV48:20251228_A2_N1_Mueller_MS_TechHub_IMP_THIDDIAXL003_Cas9_PhoX_DIA12_CV48_250ng_FAIMS_001 P1_LPKYSLFELENGR P2_FKVLGNTDR 3 2,Q99ZW2,,,false,Q99ZW2,Q99ZW2,,false,FKVLGNTDR,LPKYSLFELENGR,32,1198,2,3,33,1200,TT - T - FKVLGNTDR xl T - LPKYSLFELENGR,,99.612392,false,true,false,false,Self ,0.052381,0.052381,0.125,,0,0,0.056995,0,,5,0,,99.612392,
5,Scan: 1455761 Run: DIA12_CV48:20251228_A2_N1_Mueller_MS_TechHub_IMP_THIDDIAXL003_Cas9_PhoX_DIA12_CV48_250ng_FAIMS_003 P1_YKEIFFDQSK P2_SKLVSDFR 2 2,Q99ZW2,,,false,Q99ZW2,Q99ZW2,,false,SKLVSDFR,YKEIFFDQSK,960,347,2,2,961,348,TT - T - SKLVSDFR xl T - YKEIFFDQSK,,99.606133,false,true,false,false,Self ,0.052381,0.052381,0.133333,,0,0,0.056995,0,,4,0,,,99.606133
4,Scan: 1683018 Run: DIA12_CV48:20251228_A2_N1_Mueller_MS_TechHub_IMP_THIDDIAXL003_Cas9_PhoX_DIA12_CV48_250ng_FAIMS_003 P1_TEVQTGGFSKESILPK P2_GILQTVKVVDELVK 10 7,Q99ZW2,,,false,Q99ZW2,Q99ZW2,,false,GILQTVKVVDELVK,TEVQTGGFSKESILPK,736,1098,7,10,742,1107,TT - T - GILQTVKVVDELVK xl T - TEVQTGGFSKESILPK,,99.504601,false,true,false,false,Self ,0.052381,0.052381,0,,0,0,0,0,,3,0,92.981243,,99.504601
2,Scan: 709353 Run: DIA12_CV48:20251228_A2_N1_Mueller_MS_TechHub_IMP_THIDDIAXL003_Cas9_PhoX_DIA12_CV48_250ng_FAIMS_002 P1_SSFEKNPIDFLEAK P2_KKDWDPK 5 2,Q99ZW2,,,false,Q99ZW2,Q99ZW2,,false,KKDWDPK,SSFEKNPIDFLEAK,1123,1172,2,5,1124,1176,TT - T - KKDWDPK xl T - SSFEKNPIDFLEAK,,99.40271,false,true,false,false,Self ,0.052381,0.052381,0,,0,0,0,0,,2,0,99.40271,,
1,Scan: 361683 Run: DIA12_CV48:20251228_A2_N1_Mueller_MS_TechHub_IMP_THIDDIAXL003_Cas9_PhoX_DIA12_CV48_250ng_FAIMS_001 P1_VLPKHSLLYEYFTVYNELTK P2_KDLIIK 4 1,Q99ZW2,,,false,Q99ZW2,Q99ZW2,,false,KDLIIK,VLPKHSLLYEYFTVYNELTK,1192,507,1,4,1192,510,TT - T - KDLIIK xl T - VLPKHSLLYEYFTVYNELTK,,99.168198,false,true,false,false,Self ,0.052381,0.052381,0,,0,0,0.056995,0,,1,0,,99.168198,
0,Scan: 311060 Run: DIA12_CV48:20251228_A2_N1_Mueller_MS_TechHub_IMP_THIDDIAXL003_Cas9_PhoX_DIA12_CV48_250ng_FAIMS_001 P1_KSEETITPWNFEEVVDK P2_DKQSGK 1 2,Q99ZW2,,,false,Q99ZW2,Q99ZW2,,false,DKQSGK,KSEETITPWNFEEVVDK,672,468,2,1,673,468,TT - T - DKQSGK xl T - KSEETITPWNFEEVVDK,,99.099503,false,true,false,false,Self ,0.052381,0.052381,0,,0,0,0.056995,0,,0,0,,99.099503,
