LinkID,PeptidePairIDs,PSMIDs,Protein1,Name1,Description1,Decoy1,Protein2,Name2,Description2,Decoy2,fromSite,ToSite,Croslinkers,Score,isDecoy,isTT,isTD,isDD,count PSMs,count peptide pairs,fdrGroup,fdr,ifdr,PEP,DIA12_CV48:20251228_A2_N1_Mueller_MS_TechHub_IMP_THIDDIAXL003_Cas9_PhoX_DIA12_CV48_250ng_FAIMS_002,DIA12_CV48:20251228_A2_N1_Mueller_MS_TechHub_IMP_THIDDIAXL003_Cas9_PhoX_DIA12_CV48_250ng_FAIMS_001,DIA12_CV48:20251228_A2_N1_Mueller_MS_TechHub_IMP_THIDDIAXL003_Cas9_PhoX_DIA12_CV48_250ng_FAIMS_003,,Protein1FDR,Protein2FDR,PPIFDR,,top pep fdr,top psm fdr,,PPI id
138,235;225;160,Scan: 62961 Run: DIA12_CV48:20251228_A2_N1_Mueller_MS_TechHub_IMP_THIDDIAXL003_Cas9_PhoX_DIA12_CV48_250ng_FAIMS_001 P1_NSDKLIAR P2_KTEVQTGGFSKESILPK 4 11;Scan: 62797 Run: DIA12_CV48:20251228_A2_N1_Mueller_MS_TechHub_IMP_THIDDIAXL003_Cas9_PhoX_DIA12_CV48_250ng_FAIMS_001 P1_TEVQTGGFSKESILPK P2_NSDKLIAR 10 4;Scan: 62759 Run: DIA12_CV48:20251228_A2_N1_Mueller_MS_TechHub_IMP_THIDDIAXL003_Cas9_PhoX_DIA12_CV48_250ng_FAIMS_001 P1_TEVQTGGFSKESILPK P2_RNSDKLIAR 10 5,Q99ZW2,null,,false,Q99ZW2,null,,false,1118,1107,,191.522305,false,true,false,false,3,3,Self,0,0,0.008547,,112.012039,106.492485,,0,0,0,,0,0,,0
72,189;147;87,Scan: 661698 Run: DIA12_CV48:20251228_A2_N1_Mueller_MS_TechHub_IMP_THIDDIAXL003_Cas9_PhoX_DIA12_CV48_250ng_FAIMS_002 P1_TEVQTGGFSKESILPK P2_KDWDPK 10 1;Scan: 96782 Run: DIA12_CV48:20251228_A2_N1_Mueller_MS_TechHub_IMP_THIDDIAXL003_Cas9_PhoX_DIA12_CV48_250ng_FAIMS_001 P1_KTEVQTGGFSKESILPK P2_KKDWDPK 11 2;Scan: 96734 Run: DIA12_CV48:20251228_A2_N1_Mueller_MS_TechHub_IMP_THIDDIAXL003_Cas9_PhoX_DIA12_CV48_250ng_FAIMS_001 P1_KTEVQTGGFSKESILPK P2_KDWDPK 11 1,Q99ZW2,null,,false,Q99ZW2,null,,false,1124,1107,,184.761453,false,true,false,false,3,3,Self,0,0.000681,0.008621,109.133625,106.793995,,,0,0,0,,0,0,,0
154,36;178,Scan: 68314 Run: DIA12_CV48:20251228_A2_N1_Mueller_MS_TechHub_IMP_THIDDIAXL003_Cas9_PhoX_DIA12_CV48_250ng_FAIMS_001 P1_KTEVQTGGFSKESILPK P2_DLIIKLPK 11 5;Scan: 737291 Run: DIA12_CV48:20251228_A2_N1_Mueller_MS_TechHub_IMP_THIDDIAXL003_Cas9_PhoX_DIA12_CV48_250ng_FAIMS_002 P1_KTEVQTGGFSKESILPK P2_DLIIKLPK 11 5;Scan: 737327 Run: DIA12_CV48:20251228_A2_N1_Mueller_MS_TechHub_IMP_THIDDIAXL003_Cas9_PhoX_DIA12_CV48_250ng_FAIMS_002 P1_TEVQTGGFSKESILPK P2_DLIIKLPK 10 5,Q99ZW2,null,,false,Q99ZW2,null,,false,1197,1107,,184.662679,false,true,false,false,3,2,Self,0,0.000691,0.008621,108.443707,109.864338,99.855522,,0,0,0,,0,0,,0
151,72;174,Scan: 1277436 Run: DIA12_CV48:20251228_A2_N1_Mueller_MS_TechHub_IMP_THIDDIAXL003_Cas9_PhoX_DIA12_CV48_250ng_FAIMS_003 P1_NSDKLIAR P2_KDWDPK 4 1;Scan: 1291606 Run: DIA12_CV48:20251228_A2_N1_Mueller_MS_TechHub_IMP_THIDDIAXL003_Cas9_PhoX_DIA12_CV48_250ng_FAIMS_003 P1_NSDKLIAR P2_KDWDPK 4 1;Scan: 83373 Run: DIA12_CV48:20251228_A2_N1_Mueller_MS_TechHub_IMP_THIDDIAXL003_Cas9_PhoX_DIA12_CV48_250ng_FAIMS_001 P1_RNSDKLIAR P2_KDWDPK 5 1,Q99ZW2,null,,false,Q99ZW2,null,,false,1124,1118,,182.32001,false,true,false,false,3,2,Self,0,0.000927,0.008621,,108.328243,103.825554,,0,0,0,,0,0,,0
2,86;2,Scan: 1306527 Run: DIA12_CV48:20251228_A2_N1_Mueller_MS_TechHub_IMP_THIDDIAXL003_Cas9_PhoX_DIA12_CV48_250ng_FAIMS_003 P1_SSFEKNPIDFLEAK P2_KDWDPK 5 1;Scan: 112354 Run: DIA12_CV48:20251228_A2_N1_Mueller_MS_TechHub_IMP_THIDDIAXL003_Cas9_PhoX_DIA12_CV48_250ng_FAIMS_001 P1_SSFEKNPIDFLEAK P2_KDWDPK 5 1;Scan: 709353 Run: DIA12_CV48:20251228_A2_N1_Mueller_MS_TechHub_IMP_THIDDIAXL003_Cas9_PhoX_DIA12_CV48_250ng_FAIMS_002 P1_SSFEKNPIDFLEAK P2_KKDWDPK 5 2,Q99ZW2,null,,false,Q99ZW2,null,,false,1124,1176,,180.454368,false,true,false,false,3,2,Self,0,0.001115,0.008772,99.40271,104.005642,108.929825,,0,0,0,,0,0,,0
50,37;58,Scan: 688303 Run: DIA12_CV48:20251228_A2_N1_Mueller_MS_TechHub_IMP_THIDDIAXL003_Cas9_PhoX_DIA12_CV48_250ng_FAIMS_002 P1_NSDKLIAR P2_EDIQKAQVSGQGDSLHEHIANLAGSPAIK 4 5;Scan: 452912 Run: DIA12_CV48:20251228_A2_N1_Mueller_MS_TechHub_IMP_THIDDIAXL003_Cas9_PhoX_DIA12_CV48_250ng_FAIMS_001 P1_NSDKLIAR P2_EDIQKAQVSGQGDSLHEHIANLAGSPAIK 4 5;Scan: 1285504 Run: DIA12_CV48:20251228_A2_N1_Mueller_MS_TechHub_IMP_THIDDIAXL003_Cas9_PhoX_DIA12_CV48_250ng_FAIMS_003 P1_RNSDKLIAR P2_EDIQKAQVSGQGDSLHEHIANLAGSPAIK 5 5,Q99ZW2,null,,false,Q99ZW2,null,,false,710,1118,,177.953392,false,true,false,false,3,2,Self,0,0.001367,0.00885,101.418449,104.664406,102.113026,,0,0,0,,0,0.023077,,0
86,3;101,Scan: 543511 Run: DIA12_CV48:20251228_A2_N1_Mueller_MS_TechHub_IMP_THIDDIAXL003_Cas9_PhoX_DIA12_CV48_250ng_FAIMS_001 P1_SDKNR P2_GKSDNVPSEEVVK 3 2;Scan: 1742400 Run: DIA12_CV48:20251228_A2_N1_Mueller_MS_TechHub_IMP_THIDDIAXL003_Cas9_PhoX_DIA12_CV48_250ng_FAIMS_003 P1_SDKNR P2_GKSDNVPSEEVVK 3 2;Scan: 1737746 Run: DIA12_CV48:20251228_A2_N1_Mueller_MS_TechHub_IMP_THIDDIAXL003_Cas9_PhoX_DIA12_CV48_250ng_FAIMS_003 P1_SDKNR P2_GKSDNVPSEEVVKK 3 2,Q99ZW2,null,,false,Q99ZW2,null,,false,866,862,,176.81827,false,true,false,false,3,2,Self,0,0.001481,0.00885,98.178181,99.493725,104.601704,,0,0,0,,0,0.028986,,0
173,216;201,Scan: 1494048 Run: DIA12_CV48:20251228_A2_N1_Mueller_MS_TechHub_IMP_THIDDIAXL003_Cas9_PhoX_DIA12_CV48_250ng_FAIMS_003 P1_TEVQTGGFSKESILPK P2_KSEETITPWNFEEVVDK 10 1;Scan: 1494193 Run: DIA12_CV48:20251228_A2_N1_Mueller_MS_TechHub_IMP_THIDDIAXL003_Cas9_PhoX_DIA12_CV48_250ng_FAIMS_003 P1_KTEVQTGGFSKESILPK P2_KSEETITPWNFEEVVDK 11 1,Q99ZW2,null,,false,Q99ZW2,null,,false,468,1107,,156.21193,false,true,false,false,2,2,Self,0,0.003557,0.009091,96.627148,,110.906368,,0,0,0,,0,0,,0
220,172,Scan: 1334850 Run: DIA12_CV48:20251228_A2_N1_Mueller_MS_TechHub_IMP_THIDDIAXL003_Cas9_PhoX_DIA12_CV48_250ng_FAIMS_003 P1_KSEETITPWNFEEVVDK P2_DLIIKLPK 1 5;Scan: 1497103 Run: DIA12_CV48:20251228_A2_N1_Mueller_MS_TechHub_IMP_THIDDIAXL003_Cas9_PhoX_DIA12_CV48_250ng_FAIMS_003 P1_KSEETITPWNFEEVVDK P2_DLIIKLPK 1 5,Q99ZW2,null,,false,Q99ZW2,null,,false,1197,468,,153.700102,false,true,false,false,2,1,Self,0,0.00381,0.009091,,,109.13623,,0,0,0,,0,0,,0
219,150,Scan: 669104 Run: DIA12_CV48:20251228_A2_N1_Mueller_MS_TechHub_IMP_THIDDIAXL003_Cas9_PhoX_DIA12_CV48_250ng_FAIMS_002 P1_TEVQTGGFSKESILPK P2_KLINGIR 10 1;Scan: 1024587 Run: DIA12_CV48:20251228_A2_N1_Mueller_MS_TechHub_IMP_THIDDIAXL003_Cas9_PhoX_DIA12_CV48_250ng_FAIMS_002 P1_TEVQTGGFSKESILPK P2_KLINGIR 10 1,Q99ZW2,null,,false,Q99ZW2,null,,false,665,1107,,152.497057,false,true,false,false,2,1,Self,0,0.003931,0.009091,108.657852,,,,0,0,0,,0,0,,0
218,82,Scan: 663741 Run: DIA12_CV48:20251228_A2_N1_Mueller_MS_TechHub_IMP_THIDDIAXL003_Cas9_PhoX_DIA12_CV48_250ng_FAIMS_002 P1_SSFEKNPIDFLEAK P2_KTEVQTGGFSKESILPK 5 11;Scan: 66749 Run: DIA12_CV48:20251228_A2_N1_Mueller_MS_TechHub_IMP_THIDDIAXL003_Cas9_PhoX_DIA12_CV48_250ng_FAIMS_001 P1_SSFEKNPIDFLEAK P2_KTEVQTGGFSKESILPK 5 11,Q99ZW2,null,,false,Q99ZW2,null,,false,1107,1176,,151.547166,false,true,false,false,2,1,Self,0,0.004027,0.009174,110.39397,103.825405,,,0,0,0,,0,0,,0
46,209;53,Scan: 1298749 Run: DIA12_CV48:20251228_A2_N1_Mueller_MS_TechHub_IMP_THIDDIAXL003_Cas9_PhoX_DIA12_CV48_250ng_FAIMS_003 P1_KYGGFDSPTVAYSVLVVAK P2_KDWDPK 1 1;Scan: 1292130 Run: DIA12_CV48:20251228_A2_N1_Mueller_MS_TechHub_IMP_THIDDIAXL003_Cas9_PhoX_DIA12_CV48_250ng_FAIMS_003 P1_KYGGFDSPTVAYSVLVVAK P2_KKDWDPK 1 2,Q99ZW2,null,,false,Q99ZW2,null,,false,1124,1130,,150.330697,false,true,false,false,2,2,Self,0,0.00415,0.009174,,,110.427708,,0,0,0,,0,0,,0
9,226;10,Scan: 142351 Run: DIA12_CV48:20251228_A2_N1_Mueller_MS_TechHub_IMP_THIDDIAXL003_Cas9_PhoX_DIA12_CV48_250ng_FAIMS_001 P1_LPKYSLFELENGR P2_KTEVQTGGFSKESILPK 3 11;Scan: 739647 Run: DIA12_CV48:20251228_A2_N1_Mueller_MS_TechHub_IMP_THIDDIAXL003_Cas9_PhoX_DIA12_CV48_250ng_FAIMS_002 P1_TEVQTGGFSKESILPK P2_LPKYSLFELENGR 10 3,Q99ZW2,null,,false,Q99ZW2,null,,false,1200,1107,,149.968319,false,true,false,false,2,2,Self,0,0.004186,0.009174,99.850437,111.894535,,,0,0,0,,0,0,,0
215,12,Scan: 113505 Run: DIA12_CV48:20251228_A2_N1_Mueller_MS_TechHub_IMP_THIDDIAXL003_Cas9_PhoX_DIA12_CV48_250ng_FAIMS_001 P1_SSFEKNPIDFLEAK P2_KDLIIK 5 1;Scan: 113548 Run: DIA12_CV48:20251228_A2_N1_Mueller_MS_TechHub_IMP_THIDDIAXL003_Cas9_PhoX_DIA12_CV48_250ng_FAIMS_001 P1_SSFEKNPIDFLEAK P2_KDLIIK 5 1,Q99ZW2,null,,false,Q99ZW2,null,,false,1192,1176,,149.319316,false,true,false,false,2,1,Self,0,0.004252,0.009259,,110.896458,,,0,0,0,,0,0,,0
3,217;4,Scan: 1682886 Run: DIA12_CV48:20251228_A2_N1_Mueller_MS_TechHub_IMP_THIDDIAXL003_Cas9_PhoX_DIA12_CV48_250ng_FAIMS_003 P1_KTEVQTGGFSKESILPK P2_GILQTVKVVDELVK 11 7;Scan: 1683018 Run: DIA12_CV48:20251228_A2_N1_Mueller_MS_TechHub_IMP_THIDDIAXL003_Cas9_PhoX_DIA12_CV48_250ng_FAIMS_003 P1_TEVQTGGFSKESILPK P2_GILQTVKVVDELVK 10 7,Q99ZW2,null,,false,Q99ZW2,null,,false,742,1107,,149.215579,false,true,false,false,2,2,Self,0,0.004262,0.009259,92.981243,,111.19408,,0,0,0,,0,0,,0
54,165;63,Scan: 1542776 Run: DIA12_CV48:20251228_A2_N1_Mueller_MS_TechHub_IMP_THIDDIAXL003_Cas9_PhoX_DIA12_CV48_250ng_FAIMS_003 P1_SEETITPWNFEEVVDKGASAQSFIER P2_KLINGIR 16 1;Scan: 429663 Run: DIA12_CV48:20251228_A2_N1_Mueller_MS_TechHub_IMP_THIDDIAXL003_Cas9_PhoX_DIA12_CV48_250ng_FAIMS_001 P1_KSEETITPWNFEEVVDKGASAQSFIER P2_KLINGIR 17 1,Q99ZW2,null,,false,Q99ZW2,null,,false,665,484,,149.071025,false,true,false,false,2,2,Self,0,0.004277,0.009259,,102.734905,108.017174,,0,0,0,,0,0,,0
214,118,Scan: 1779437 Run: DIA12_CV48:20251228_A2_N1_Mueller_MS_TechHub_IMP_THIDDIAXL003_Cas9_PhoX_DIA12_CV48_250ng_FAIMS_003 P1_YDENDKLIR P2_LESEFVYGDYKVYDVR 6 11;Scan: 1202260 Run: DIA12_CV48:20251228_A2_N1_Mueller_MS_TechHub_IMP_THIDDIAXL003_Cas9_PhoX_DIA12_CV48_250ng_FAIMS_003 P1_YDENDKLIR P2_LESEFVYGDYKVYDVR 6 11,Q99ZW2,null,,false,Q99ZW2,null,,false,1014,948,,149.023534,false,true,false,false,2,1,Self,0,0.004281,0.009259,,,105.442791,,0,0,0,,0,0.008264,,0
10,208;11,Scan: 1653060 Run: DIA12_CV48:20251228_A2_N1_Mueller_MS_TechHub_IMP_THIDDIAXL003_Cas9_PhoX_DIA12_CV48_250ng_FAIMS_003 P1_KLINGIR P2_EDIQKAQVSGQGDSLHEHIANLAGSPAIK 1 5;Scan: 1055916 Run: DIA12_CV48:20251228_A2_N1_Mueller_MS_TechHub_IMP_THIDDIAXL003_Cas9_PhoX_DIA12_CV48_250ng_FAIMS_002 P1_KLINGIR P2_EDIQKAQVSGQGDSLHEHIANLAGSPAIKK 1 5,Q99ZW2,null,,false,Q99ZW2,null,,false,710,665,,148.871512,false,true,false,false,2,2,Self,0,0.004297,0.009259,99.868755,57.393322,110.403618,,0,0,0,,0,0,,0
213,44,Scan: 112948 Run: DIA12_CV48:20251228_A2_N1_Mueller_MS_TechHub_IMP_THIDDIAXL003_Cas9_PhoX_DIA12_CV48_250ng_FAIMS_001 P1_SSFEKNPIDFLEAK P2_DWDPKK 5 5;Scan: 1307161 Run: DIA12_CV48:20251228_A2_N1_Mueller_MS_TechHub_IMP_THIDDIAXL003_Cas9_PhoX_DIA12_CV48_250ng_FAIMS_003 P1_SSFEKNPIDFLEAK P2_DWDPKK 5 5,Q99ZW2,null,,false,Q99ZW2,null,,false,1129,1176,,148.597911,false,true,false,false,2,1,Self,0,0.004324,0.009259,,108.344872,101.699203,,0,0,0,,0,0,,0
88,121;104,Scan: 412103 Run: DIA12_CV48:20251228_A2_N1_Mueller_MS_TechHub_IMP_THIDDIAXL003_Cas9_PhoX_DIA12_CV48_250ng_FAIMS_001 P1_KVTVKQLK P2_KIECFDSVEISGVEDR 5 1;Scan: 1012819 Run: DIA12_CV48:20251228_A2_N1_Mueller_MS_TechHub_IMP_THIDDIAXL003_Cas9_PhoX_DIA12_CV48_250ng_FAIMS_002 P1_VTVKQLK P2_KIECFDSVEISGVEDR 4 1,Q99ZW2,null,,false,Q99ZW2,null,,false,571,562,,148.558069,false,true,false,false,2,2,Self,0,0.004328,0.009259,104.666676,105.424793,,,0,0,0,,0.008197,0.008264,,0
212,73,Scan: 586104 Run: DIA12_CV48:20251228_A2_N1_Mueller_MS_TechHub_IMP_THIDDIAXL003_Cas9_PhoX_DIA12_CV48_250ng_FAIMS_001 P1_YDENDKLIR P2_IEKILTFR 6 3;Scan: 1780311 Run: DIA12_CV48:20251228_A2_N1_Mueller_MS_TechHub_IMP_THIDDIAXL003_Cas9_PhoX_DIA12_CV48_250ng_FAIMS_003 P1_YDENDKLIR P2_IEKILTFR 6 3,Q99ZW2,null,,false,Q99ZW2,null,,false,442,948,,147.992736,false,true,false,false,2,1,Self,0,0.004385,0.009346,51.054693,105.581284,103.703629,,0,0,0,,0,0.008264,,0
211,46,Scan: 428947 Run: DIA12_CV48:20251228_A2_N1_Mueller_MS_TechHub_IMP_THIDDIAXL003_Cas9_PhoX_DIA12_CV48_250ng_FAIMS_001 P1_KLINGIR P2_DLIIKLPK 1 5;Scan: 1623110 Run: DIA12_CV48:20251228_A2_N1_Mueller_MS_TechHub_IMP_THIDDIAXL003_Cas9_PhoX_DIA12_CV48_250ng_FAIMS_003 P1_KLINGIR P2_DLIIKLPK 1 5,Q99ZW2,null,,false,Q99ZW2,null,,false,1197,665,,147.623487,false,true,false,false,2,1,Self,0,0.004422,0.009346,,106.949585,101.756966,,0,0,0,,0,0,,0
209,45,Scan: 1298039 Run: DIA12_CV48:20251228_A2_N1_Mueller_MS_TechHub_IMP_THIDDIAXL003_Cas9_PhoX_DIA12_CV48_250ng_FAIMS_003 P1_NSDKLIAR P2_KYGGFDSPTVAYSVLVVAK 4 1;Scan: 1279156 Run: DIA12_CV48:20251228_A2_N1_Mueller_MS_TechHub_IMP_THIDDIAXL003_Cas9_PhoX_DIA12_CV48_250ng_FAIMS_003 P1_NSDKLIAR P2_KYGGFDSPTVAYSVLVVAK 4 1,Q99ZW2,null,,false,Q99ZW2,null,,false,1130,1118,,146.35644,false,true,false,false,2,1,Self,0,0.00455,0.009434,,102.534706,105.222134,,0,0,0,,0,0.008264,,0
207,61,Scan: 813333 Run: DIA12_CV48:20251228_A2_N1_Mueller_MS_TechHub_IMP_THIDDIAXL003_Cas9_PhoX_DIA12_CV48_250ng_FAIMS_002 P1_RLENLIAQLPGEKK P2_ENQTTQKGQK 13 7;Scan: 1703522 Run: DIA12_CV48:20251228_A2_N1_Mueller_MS_TechHub_IMP_THIDDIAXL003_Cas9_PhoX_DIA12_CV48_250ng_FAIMS_003 P1_RLENLIAQLPGEKK P2_ENQTTQKGQK 13 7,Q99ZW2,null,,false,Q99ZW2,null,,false,772,233,,145.475608,false,true,false,false,2,1,Self,0,0.004639,0.009615,103.535217,,102.193989,,0,0,0,,0,0.02924,,0
17,88;19,Scan: 1687252 Run: DIA12_CV48:20251228_A2_N1_Mueller_MS_TechHub_IMP_THIDDIAXL003_Cas9_PhoX_DIA12_CV48_250ng_FAIMS_003 P1_SEETITPWNFEEVVDKGASAQSFIER P2_GILQTVKVVDELVK 16 7;Scan: 947254 Run: DIA12_CV48:20251228_A2_N1_Mueller_MS_TechHub_IMP_THIDDIAXL003_Cas9_PhoX_DIA12_CV48_250ng_FAIMS_002 P1_KSEETITPWNFEEVVDKGASAQSFIER P2_GILQTVKVVDELVK 17 7,Q99ZW2,null,,false,Q99ZW2,null,,false,742,484,,144.46407,false,true,false,false,2,2,Self,0,0.004741,0.010101,100.213985,,104.05299,,0,0,0,,0.030488,0.02924,,0
205,234,Scan: 873167 Run: DIA12_CV48:20251228_A2_N1_Mueller_MS_TechHub_IMP_THIDDIAXL003_Cas9_PhoX_DIA12_CV48_250ng_FAIMS_002 P1_YKEIFFDQSK P2_FIKPILEK 2 3,Q99ZW2,null,,false,Q99ZW2,null,,false,377,348,,112.012039,false,true,false,false,1,1,Self,0,0.00801,0.01087,112.012039,,,,0,0,0,,0,0,,0
201,233,Scan: 633725 Run: DIA12_CV48:20251228_A2_N1_Mueller_MS_TechHub_IMP_THIDDIAXL003_Cas9_PhoX_DIA12_CV48_250ng_FAIMS_002 P1_SSFEKNPIDFLEAK P2_KTEVQTGGFSK 5 1,Q99ZW2,null,,false,Q99ZW2,null,,false,1097,1176,,112.012039,false,true,false,false,1,1,Self,0,0.00801,0.01087,112.012039,,,,0,0,0,,0,0,,0
202,232,Scan: 1743497 Run: DIA12_CV48:20251228_A2_N1_Mueller_MS_TechHub_IMP_THIDDIAXL003_Cas9_PhoX_DIA12_CV48_250ng_FAIMS_003 P1_SKLVSDFR P2_GKSDNVPSEEVVK 2 2,Q99ZW2,null,,false,Q99ZW2,null,,false,866,961,,112.012039,false,true,false,false,1,1,Self,0,0.00801,0.01087,,,112.012039,,0,0,0,,0,0,,0
200,231,Scan: 105967 Run: DIA12_CV48:20251228_A2_N1_Mueller_MS_TechHub_IMP_THIDDIAXL003_Cas9_PhoX_DIA12_CV48_250ng_FAIMS_001 P1_KYGGFDSPTVAYSVLVVAK P2_KLINGIR 1 1,Q99ZW2,null,,false,Q99ZW2,null,,false,665,1130,,112.012039,false,true,false,false,1,1,Self,0,0.00801,0.01087,,112.012039,,,0,0,0,,0,0,,0
203,230,Scan: 1451060 Run: DIA12_CV48:20251228_A2_N1_Mueller_MS_TechHub_IMP_THIDDIAXL003_Cas9_PhoX_DIA12_CV48_250ng_FAIMS_003 P1_YKEIFFDQSK P2_FKVLGNTDR 2 2,Q99ZW2,null,,false,Q99ZW2,null,,false,33,348,,112.012039,false,true,false,false,1,1,Self,0,0.00801,0.01087,,107.052876,112.012039,,0,0,0,,0,0,,0
199,229,Scan: 118140 Run: DIA12_CV48:20251228_A2_N1_Mueller_MS_TechHub_IMP_THIDDIAXL003_Cas9_PhoX_DIA12_CV48_250ng_FAIMS_001 P1_SSFEKNPIDFLEAK P2_KPAFLSGEQK 5 1,Q99ZW2,null,,false,Q99ZW2,null,,false,536,1176,,111.988361,false,true,false,false,1,1,Self,0,0.008012,0.01087,52.963106,111.988361,,,0,0,0,,0,0,,0
198,228,Scan: 1330147 Run: DIA12_CV48:20251228_A2_N1_Mueller_MS_TechHub_IMP_THIDDIAXL003_Cas9_PhoX_DIA12_CV48_250ng_FAIMS_003 P1_SEETITPWNFEEVVDKGASAQSFIER P2_KDLIIK 16 1,Q99ZW2,null,,false,Q99ZW2,null,,false,1192,484,,111.919624,false,true,false,false,1,1,Self,0,0.008019,0.01087,,,111.919624,,0,0,0,,0,0,,0
197,227,Scan: 1739461 Run: DIA12_CV48:20251228_A2_N1_Mueller_MS_TechHub_IMP_THIDDIAXL003_Cas9_PhoX_DIA12_CV48_250ng_FAIMS_003 P1_GKSDNVPSEEVVK P2_FKVLGNTDR 2 2,Q99ZW2,null,,false,Q99ZW2,null,,false,33,866,,111.914162,false,true,false,false,1,1,Self,0,0.00802,0.01087,,108.329609,111.914162,,0,0,0,,0,0,,0
194,224,Scan: 974764 Run: DIA12_CV48:20251228_A2_N1_Mueller_MS_TechHub_IMP_THIDDIAXL003_Cas9_PhoX_DIA12_CV48_250ng_FAIMS_002 P1_NSDKLIAR P2_KPAFLSGEQK 4 1,Q99ZW2,null,,false,Q99ZW2,null,,false,536,1118,,111.809967,false,true,false,false,1,1,Self,0,0.00803,0.01087,111.809967,76.048647,,,0,0,0,,0,0,,0
193,223,Scan: 543911 Run: DIA12_CV48:20251228_A2_N1_Mueller_MS_TechHub_IMP_THIDDIAXL003_Cas9_PhoX_DIA12_CV48_250ng_FAIMS_001 P1_SEQEIGKATAK P2_GKSDNVPSEEVVK 7 2,Q99ZW2,null,,false,Q99ZW2,null,,false,866,1031,,111.802029,false,true,false,false,1,1,Self,0,0.008031,0.01087,,111.802029,105.377327,,0,0,0,,0,0,,0
192,222,Scan: 1754060 Run: DIA12_CV48:20251228_A2_N1_Mueller_MS_TechHub_IMP_THIDDIAXL003_Cas9_PhoX_DIA12_CV48_250ng_FAIMS_003 P1_QLLNAKLITQR P2_ENQTTQKGQK 6 7,Q99ZW2,null,,false,Q99ZW2,null,,false,772,890,,111.718723,false,true,false,false,1,1,Self,0,0.008039,0.01087,,,111.718723,,0,0,0,,0,0,,0
191,221,Scan: 1702659 Run: DIA12_CV48:20251228_A2_N1_Mueller_MS_TechHub_IMP_THIDDIAXL003_Cas9_PhoX_DIA12_CV48_250ng_FAIMS_003 P1_SEQEIGKATAK P2_ENQTTQKGQK 7 7,Q99ZW2,null,,false,Q99ZW2,null,,false,772,1031,,111.695061,false,true,false,false,1,1,Self,0,0.008042,0.01087,,,111.695061,,0,0,0,,0,0,,0
190,220,Scan: 783870 Run: DIA12_CV48:20251228_A2_N1_Mueller_MS_TechHub_IMP_THIDDIAXL003_Cas9_PhoX_DIA12_CV48_250ng_FAIMS_002 P1_VLSAYNKHR P2_NSDKLIAR 7 4,Q99ZW2,null,,false,Q99ZW2,null,,false,1118,1296,,111.535133,false,true,false,false,1,1,Self,0,0.008058,0.01087,111.535133,,,,0,0,0,,0,0,,0
189,219,Scan: 1300372 Run: DIA12_CV48:20251228_A2_N1_Mueller_MS_TechHub_IMP_THIDDIAXL003_Cas9_PhoX_DIA12_CV48_250ng_FAIMS_003 P1_KYGGFDSPTVAYSVLVVAK P2_DKQSGK 1 2,Q99ZW2,null,,false,Q99ZW2,null,,false,673,1130,,111.215801,false,true,false,false,1,1,Self,0,0.00809,0.01087,,,111.215801,,0,0,0,,0,0,,0
188,218,Scan: 1309856 Run: DIA12_CV48:20251228_A2_N1_Mueller_MS_TechHub_IMP_THIDDIAXL003_Cas9_PhoX_DIA12_CV48_250ng_FAIMS_003 P1_YKEIFFDQSK P2_SSFEKNPIDFLEAK 2 5,Q99ZW2,null,,false,Q99ZW2,null,,false,1176,348,,111.203861,false,true,false,false,1,1,Self,0,0.008091,0.01087,,,111.203861,,0,0,0,,0,0,,0
185,214,Scan: 1081447 Run: DIA12_CV48:20251228_A2_N1_Mueller_MS_TechHub_IMP_THIDDIAXL003_Cas9_PhoX_DIA12_CV48_250ng_FAIMS_002 P1_KGILQTVK P2_ENQTTQKGQK 1 7,Q99ZW2,null,,false,Q99ZW2,null,,false,772,735,,110.759434,false,true,false,false,1,1,Self,0,0.008136,0.01087,110.759434,,,,0,0,0,,0,0,,0
184,213,Scan: 1359037 Run: DIA12_CV48:20251228_A2_N1_Mueller_MS_TechHub_IMP_THIDDIAXL003_Cas9_PhoX_DIA12_CV48_250ng_FAIMS_003 P1_LKGSPEDNEQK P2_KDFQFYK 2 1,Q99ZW2,null,,false,Q99ZW2,null,,false,968,1246,,110.655834,false,true,false,false,1,1,Self,0,0.008147,0.01087,,,110.655834,,0,0,0,,0,0,,0
183,212,Scan: 1267021 Run: DIA12_CV48:20251228_A2_N1_Mueller_MS_TechHub_IMP_THIDDIAXL003_Cas9_PhoX_DIA12_CV48_250ng_FAIMS_003 P1_KTEVQTGGFSKESILPK P2_DKQSGK 11 2,Q99ZW2,null,,false,Q99ZW2,null,,false,673,1107,,110.609798,false,true,false,false,1,1,Self,0,0.008151,0.01087,,,110.609798,,0,0,0,,0,0,,0
182,211,Scan: 1740349 Run: DIA12_CV48:20251228_A2_N1_Mueller_MS_TechHub_IMP_THIDDIAXL003_Cas9_PhoX_DIA12_CV48_250ng_FAIMS_003 P1_KPAFLSGEQK P2_GKSDNVPSEEVVK 1 2,Q99ZW2,null,,false,Q99ZW2,null,,false,866,536,,110.549179,false,true,false,false,1,1,Self,0,0.008157,0.01087,,,110.549179,,0,0,0,,0,0,,0
181,210,Scan: 983185 Run: DIA12_CV48:20251228_A2_N1_Mueller_MS_TechHub_IMP_THIDDIAXL003_Cas9_PhoX_DIA12_CV48_250ng_FAIMS_002 P1_QLKEDYFK P2_KPAFLSGEQK 3 1,Q99ZW2,null,,false,Q99ZW2,null,,false,536,565,,110.505619,false,true,false,false,1,1,Self,0,0.008162,0.01087,110.505619,64.957129,,,0,0,0,,0,0,,0
178,206,Scan: 889327 Run: DIA12_CV48:20251228_A2_N1_Mueller_MS_TechHub_IMP_THIDDIAXL003_Cas9_PhoX_DIA12_CV48_250ng_FAIMS_002 P1_SEETITPWNFEEVVDKGASAQSFIER P2_IEKILTFR 16 3,Q99ZW2,null,,false,Q99ZW2,null,,false,442,484,,110.39397,false,true,false,false,1,1,Self,0,0.008173,0.01087,110.39397,,106.750748,,0,0,0,,0,0,,0
177,205,Scan: 853128 Run: DIA12_CV48:20251228_A2_N1_Mueller_MS_TechHub_IMP_THIDDIAXL003_Cas9_PhoX_DIA12_CV48_250ng_FAIMS_002 P1_YKEIFFDQSK P2_LVDSTDKADLR 2 7,Q99ZW2,null,,false,Q99ZW2,null,,false,148,348,,110.387291,false,true,false,false,1,1,Self,0,0.008174,0.01087,110.387291,,,,0,0,0,,0,0,,0
176,204,Scan: 227436 Run: DIA12_CV48:20251228_A2_N1_Mueller_MS_TechHub_IMP_THIDDIAXL003_Cas9_PhoX_DIA12_CV48_250ng_FAIMS_001 P1_SNFDLAEDAKLQLSK P2_FIKPILEK 10 3,Q99ZW2,null,,false,Q99ZW2,null,,false,377,263,,110.291977,false,true,false,false,1,1,Self,0,0.008183,0.01087,,110.291977,,,0,0,0,,0,0,,0
175,203,Scan: 213512 Run: DIA12_CV48:20251228_A2_N1_Mueller_MS_TechHub_IMP_THIDDIAXL003_Cas9_PhoX_DIA12_CV48_250ng_FAIMS_001 P1_NSDKLIAR P2_LENLIAQLPGEKK 4 12,Q99ZW2,null,,false,Q99ZW2,null,,false,233,1118,,110.077423,false,true,false,false,1,1,Self,0,0.008205,0.01087,,110.077423,,,0,0,0,,0,0,,0
174,202,Scan: 1137543 Run: DIA12_CV48:20251228_A2_N1_Mueller_MS_TechHub_IMP_THIDDIAXL003_Cas9_PhoX_DIA12_CV48_250ng_FAIMS_002 P1_LKGSPEDNEQK P2_DDSIDNKVLTR 2 7,Q99ZW2,null,,false,Q99ZW2,null,,false,855,1246,,110.039677,false,true,false,false,1,1,Self,0,0.008209,0.01087,110.039677,105.38401,,,0,0,0,,0,0,,0
172,200,Scan: 695236 Run: DIA12_CV48:20251228_A2_N1_Mueller_MS_TechHub_IMP_THIDDIAXL003_Cas9_PhoX_DIA12_CV48_250ng_FAIMS_002 P1_SNFDLAEDAKLQLSK P2_KDWDPK 10 1,Q99ZW2,null,,false,Q99ZW2,null,,false,1124,263,,109.961578,false,true,false,false,1,1,Self,0,0.008216,0.01087,109.961578,,,,0,0,0,,0,0,,0
171,198,Scan: 254344 Run: DIA12_CV48:20251228_A2_N1_Mueller_MS_TechHub_IMP_THIDDIAXL003_Cas9_PhoX_DIA12_CV48_250ng_FAIMS_001 P1_YKEIFFDQSK P2_NSDKLIAR 2 4,Q99ZW2,null,,false,Q99ZW2,null,,false,1118,348,,109.661121,false,true,false,false,1,1,Self,0,0.008247,0.01087,,109.661121,,,0,0,0,,0,0,,0
170,197,Scan: 1739514 Run: DIA12_CV48:20251228_A2_N1_Mueller_MS_TechHub_IMP_THIDDIAXL003_Cas9_PhoX_DIA12_CV48_250ng_FAIMS_003 P1_YKEIFFDQSK P2_GKSDNVPSEEVVK 2 2,Q99ZW2,null,,false,Q99ZW2,null,,false,866,348,,109.57822,false,true,false,false,1,1,Self,0,0.008255,0.01087,105.366394,,109.57822,,0,0,0,,0,0,,0
169,196,Scan: 1539857 Run: DIA12_CV48:20251228_A2_N1_Mueller_MS_TechHub_IMP_THIDDIAXL003_Cas9_PhoX_DIA12_CV48_250ng_FAIMS_003 P1_SEETITPWNFEEVVDKGASAQSFIER P2_MTNFDKNLPNEK 16 6,Q99ZW2,null,,false,Q99ZW2,null,,false,500,484,,109.545166,false,true,false,false,1,1,Self,0,0.008258,0.01087,97.95715,93.310974,109.545166,,0,0,0,,0,0,,0
168,195,Scan: 1556979 Run: DIA12_CV48:20251228_A2_N1_Mueller_MS_TechHub_IMP_THIDDIAXL003_Cas9_PhoX_DIA12_CV48_250ng_FAIMS_003 P1_YKEIFFDQSK P2_VLPKHSLLYEYFTVYNELTK 2 4,Q99ZW2,null,,false,Q99ZW2,null,,false,510,348,,109.527744,false,true,false,false,1,1,Self,0,0.00826,0.01087,77.871586,,109.527744,,0,0,0,,0,0,,0
167,194,Scan: 381529 Run: DIA12_CV48:20251228_A2_N1_Mueller_MS_TechHub_IMP_THIDDIAXL003_Cas9_PhoX_DIA12_CV48_250ng_FAIMS_001 P1_YKEIFFDQSK P2_KPAFLSGEQK 2 1,Q99ZW2,null,,false,Q99ZW2,null,,false,536,348,,109.521751,false,true,false,false,1,1,Self,0,0.008261,0.01087,106.958488,109.521751,,,0,0,0,,0,0,,0
166,193,Scan: 147061 Run: DIA12_CV48:20251228_A2_N1_Mueller_MS_TechHub_IMP_THIDDIAXL003_Cas9_PhoX_DIA12_CV48_250ng_FAIMS_001 P1_SKLVSDFR P2_LPKYSLFELENGR 2 3,Q99ZW2,null,,false,Q99ZW2,null,,false,1200,961,,109.296196,false,true,false,false,1,1,Self,0,0.008284,0.01087,,109.296196,,,0,0,0,,0,0,,0
165,192,Scan: 1731085 Run: DIA12_CV48:20251228_A2_N1_Mueller_MS_TechHub_IMP_THIDDIAXL003_Cas9_PhoX_DIA12_CV48_250ng_FAIMS_003 P1_ENQTTQKGQK P2_EHPVENTQLQNEKLYLYYLQNGR 7 13,Q99ZW2,null,,false,Q99ZW2,null,,false,810,772,,109.206535,false,true,false,false,1,1,Self,0,0.008293,0.01087,,,109.206535,,0,0,0,,0,0,,0
164,191,Scan: 1506611 Run: DIA12_CV48:20251228_A2_N1_Mueller_MS_TechHub_IMP_THIDDIAXL003_Cas9_PhoX_DIA12_CV48_250ng_FAIMS_003 P1_KSEETITPWNFEEVVDK P2_KGILQTVK 1 1,Q99ZW2,null,,false,Q99ZW2,null,,false,735,468,,109.185207,false,true,false,false,1,1,Self,0,0.008295,0.01087,,,109.185207,,0,0,0,,0,0,,0
162,188,Scan: 156594 Run: DIA12_CV48:20251228_A2_N1_Mueller_MS_TechHub_IMP_THIDDIAXL003_Cas9_PhoX_DIA12_CV48_250ng_FAIMS_001 P1_KPAFLSGEQK P2_GNELALPSKYVNFLYLASHYEK 1 9,Q99ZW2,null,,false,Q99ZW2,null,,false,1231,536,,109.079025,false,true,false,false,1,1,Self,0,0.008305,0.021053,,109.079025,,,0,0,0,,0,0,,0
161,187,Scan: 1230375 Run: DIA12_CV48:20251228_A2_N1_Mueller_MS_TechHub_IMP_THIDDIAXL003_Cas9_PhoX_DIA12_CV48_250ng_FAIMS_003 P1_NSDKLIAR P2_KTEVQTGGFSK 4 1,Q99ZW2,null,,false,Q99ZW2,null,,false,1097,1118,,109.03474,false,true,false,false,1,1,Self,0,0.00831,0.020833,,,109.03474,,0,0,0,,0,0,,0
160,186,Scan: 1118363 Run: DIA12_CV48:20251228_A2_N1_Mueller_MS_TechHub_IMP_THIDDIAXL003_Cas9_PhoX_DIA12_CV48_250ng_FAIMS_002 P1_VLSAYNKHR P2_ELGSQILKEHPVENTQLQNEK 7 8,Q99ZW2,null,,false,Q99ZW2,null,,false,797,1296,,108.991814,false,true,false,false,1,1,Self,0,0.008314,0.020619,108.991814,94.711136,,,0,0,0,,0,0,,0
159,184,Scan: 1329646 Run: DIA12_CV48:20251228_A2_N1_Mueller_MS_TechHub_IMP_THIDDIAXL003_Cas9_PhoX_DIA12_CV48_250ng_FAIMS_003 P1_KDLIIK P2_GYKEVK 1 3,Q99ZW2,null,,false,Q99ZW2,null,,false,1188,1192,,108.74778,false,true,false,false,1,1,Self,0,0.008339,0.040404,,94.981495,108.74778,,0,0,0,,0,0,,0
158,183,Scan: 1536512 Run: DIA12_CV48:20251228_A2_N1_Mueller_MS_TechHub_IMP_THIDDIAXL003_Cas9_PhoX_DIA12_CV48_250ng_FAIMS_003 P1_SEETITPWNFEEVVDKGASAQSFIER P2_DLIIKLPK 16 5,Q99ZW2,null,,false,Q99ZW2,null,,false,1197,484,,108.737396,false,true,false,false,1,1,Self,0,0.00834,0.040404,,,108.737396,,0,0,0,,0,0,,0
157,181,Scan: 103626 Run: DIA12_CV48:20251228_A2_N1_Mueller_MS_TechHub_IMP_THIDDIAXL003_Cas9_PhoX_DIA12_CV48_250ng_FAIMS_001 P1_KYGGFDSPTVAYSVLVVAK P2_ESILPKR 1 6,Q99ZW2,null,,false,Q99ZW2,null,,false,1113,1130,,108.634388,false,true,false,false,1,1,Self,0,0.00835,0.039216,,108.634388,,,0,0,0,,0,0,,0
156,180,Scan: 1194728 Run: DIA12_CV48:20251228_A2_N1_Mueller_MS_TechHub_IMP_THIDDIAXL003_Cas9_PhoX_DIA12_CV48_250ng_FAIMS_003 P1_YPKLESEFVYGDYK P2_SEQEIGKATAK 3 7,Q99ZW2,null,,false,Q99ZW2,null,,false,1031,1003,,108.605503,false,true,false,false,1,1,Self,0,0.008353,0.038835,,,108.605503,,0,0,0,,0,0,,0
155,179,Scan: 1140096 Run: DIA12_CV48:20251228_A2_N1_Mueller_MS_TechHub_IMP_THIDDIAXL003_Cas9_PhoX_DIA12_CV48_250ng_FAIMS_002 P1_KDFQFYK P2_DDSIDNKVLTR 1 7,Q99ZW2,null,,false,Q99ZW2,null,,false,855,968,,108.475235,false,true,false,false,1,1,Self,0,0.008366,0.037736,108.475235,,,,0,0,0,,0,0,,0
153,177,Scan: 1537567 Run: DIA12_CV48:20251228_A2_N1_Mueller_MS_TechHub_IMP_THIDDIAXL003_Cas9_PhoX_DIA12_CV48_250ng_FAIMS_003 P1_SEETITPWNFEEVVDKGASAQSFIER P2_KFKVLGNTDR 16 1,Q99ZW2,null,,false,Q99ZW2,null,,false,31,484,,108.437119,false,true,false,false,1,1,Self,0,0.00837,0.04717,94.079502,,108.437119,,0,0,0,,0,0,,0
152,176,Scan: 376712 Run: DIA12_CV48:20251228_A2_N1_Mueller_MS_TechHub_IMP_THIDDIAXL003_Cas9_PhoX_DIA12_CV48_250ng_FAIMS_001 P1_SEQEIGKATAK P2_KPAFLSGEQK 7 1,Q99ZW2,null,,false,Q99ZW2,null,,false,536,1031,,108.353939,false,true,false,false,1,1,Self,0,0.008378,0.046296,,108.353939,,,0,0,0,,0,0,,0
150,173,Scan: 536042 Run: DIA12_CV48:20251228_A2_N1_Mueller_MS_TechHub_IMP_THIDDIAXL003_Cas9_PhoX_DIA12_CV48_250ng_FAIMS_001 P1_LKGSPEDNEQK P2_EHPVENTQLQNEKLYLYYLQNGR 2 13,Q99ZW2,null,,false,Q99ZW2,null,,false,810,1246,,108.252415,false,true,false,false,1,1,Self,0,0.008389,0.045455,,108.252415,,,0,0,0,,0,0,,0
149,171,Scan: 689665 Run: DIA12_CV48:20251228_A2_N1_Mueller_MS_TechHub_IMP_THIDDIAXL003_Cas9_PhoX_DIA12_CV48_250ng_FAIMS_002 P1_NSDKLIAR P2_ENQTTQKGQK 4 7,Q99ZW2,null,,false,Q99ZW2,null,,false,772,1118,,108.213928,false,true,false,false,1,1,Self,0,0.008393,0.045455,108.213928,51.490205,,,0,0,0,,0,0,,0
148,170,Scan: 549004 Run: DIA12_CV48:20251228_A2_N1_Mueller_MS_TechHub_IMP_THIDDIAXL003_Cas9_PhoX_DIA12_CV48_250ng_FAIMS_001 P1_GKSDNVPSEEVVK P2_GGLSELDKAGFIK 2 8,Q99ZW2,null,,false,Q99ZW2,null,,false,913,866,,108.210125,false,true,false,false,1,1,Self,0,0.008393,0.045455,,108.210125,,,0,0,0,,0,0,,0
147,169,Scan: 415262 Run: DIA12_CV48:20251228_A2_N1_Mueller_MS_TechHub_IMP_THIDDIAXL003_Cas9_PhoX_DIA12_CV48_250ng_FAIMS_001 P1_KPAFLSGEQK P2_KIECFDSVEISGVEDR 1 1,Q99ZW2,null,,false,Q99ZW2,null,,false,571,536,,108.200699,false,true,false,false,1,1,Self,0,0.008394,0.045455,,108.200699,,,0,0,0,,0,0,,0
146,168,Scan: 260869 Run: DIA12_CV48:20251228_A2_N1_Mueller_MS_TechHub_IMP_THIDDIAXL003_Cas9_PhoX_DIA12_CV48_250ng_FAIMS_001 P1_YKEIFFDQSK P2_DDSIDNKVLTR 2 7,Q99ZW2,null,,false,Q99ZW2,null,,false,855,348,,108.167839,false,true,false,false,1,1,Self,0,0.008397,0.045455,,108.167839,90.363171,,0,0,0,,0,0,,0
145,167,Scan: 1107186 Run: DIA12_CV48:20251228_A2_N1_Mueller_MS_TechHub_IMP_THIDDIAXL003_Cas9_PhoX_DIA12_CV48_250ng_FAIMS_002 P1_ENQTTQKGQK P2_ENQTTQKGQK 7 7,Q99ZW2,null,,false,Q99ZW2,null,,false,772,772,,108.093498,false,true,false,false,1,1,Self,0,0.008405,0.045045,108.093498,,,,0,0,0,,0,0,,0
144,166,Scan: 365326 Run: DIA12_CV48:20251228_A2_N1_Mueller_MS_TechHub_IMP_THIDDIAXL003_Cas9_PhoX_DIA12_CV48_250ng_FAIMS_001 P1_VLPKHSLLYEYFTVYNELTK P2_GKSDNVPSEEVVK 4 2,Q99ZW2,null,,false,Q99ZW2,null,,false,866,510,,108.032391,false,true,false,false,1,1,Self,0,0.008411,0.044643,67.127005,108.032391,,,0,0,0,,0,0,,0
142,164,Scan: 547443 Run: DIA12_CV48:20251228_A2_N1_Mueller_MS_TechHub_IMP_THIDDIAXL003_Cas9_PhoX_DIA12_CV48_250ng_FAIMS_001 P1_GKSDNVPSEEVVK P2_ENQTTQKGQK 2 7,Q99ZW2,null,,false,Q99ZW2,null,,false,772,866,,107.975079,false,true,false,false,1,1,Self,0,0.008417,0.044643,,107.975079,,,0,0,0,,0,0,,0
141,163,Scan: 256940 Run: DIA12_CV48:20251228_A2_N1_Mueller_MS_TechHub_IMP_THIDDIAXL003_Cas9_PhoX_DIA12_CV48_250ng_FAIMS_001 P1_YKEIFFDQSK P2_YDEHHQDLTLLKALVR 2 12,Q99ZW2,null,,false,Q99ZW2,null,,false,336,348,,107.974712,false,true,false,false,1,1,Self,0,0.008417,0.044643,98.408669,107.974712,,,0,0,0,,0,0,,0
140,162,Scan: 387758 Run: DIA12_CV48:20251228_A2_N1_Mueller_MS_TechHub_IMP_THIDDIAXL003_Cas9_PhoX_DIA12_CV48_250ng_FAIMS_001 P1_KPAFLSGEQK P2_ENQTTQKGQK 1 7,Q99ZW2,null,,false,Q99ZW2,null,,false,772,536,,107.969719,false,true,false,false,1,1,Self,0,0.008417,0.04386,,107.969719,107.247341,,0,0,0,,0,0,,0
139,161,Scan: 288880 Run: DIA12_CV48:20251228_A2_N1_Mueller_MS_TechHub_IMP_THIDDIAXL003_Cas9_PhoX_DIA12_CV48_250ng_FAIMS_001 P1_SEETITPWNFEEVVDKGASAQSFIER P2_QEDFYPFLKDNR 16 9,Q99ZW2,null,,false,Q99ZW2,null,,false,434,484,,107.952045,false,true,false,false,1,1,Self,0,0.008419,0.043478,,107.952045,,,0,0,0,,0,0,,0
137,159,Scan: 427920 Run: DIA12_CV48:20251228_A2_N1_Mueller_MS_TechHub_IMP_THIDDIAXL003_Cas9_PhoX_DIA12_CV48_250ng_FAIMS_001 P1_KLINGIR P2_KDWDPK 1 1,Q99ZW2,null,,false,Q99ZW2,null,,false,1124,665,,107.782017,false,true,false,false,1,1,Self,0,0.008436,0.04386,,107.782017,,,0,0,0,,0,0,,0
136,158,Scan: 376379 Run: DIA12_CV48:20251228_A2_N1_Mueller_MS_TechHub_IMP_THIDDIAXL003_Cas9_PhoX_DIA12_CV48_250ng_FAIMS_001 P1_LESEFVYGDYKVYDVR P2_KPAFLSGEQK 11 1,Q99ZW2,null,,false,Q99ZW2,null,,false,536,1014,,107.706856,false,true,false,false,1,1,Self,0,0.008444,0.044643,,107.706856,,,0,0,0,,0,0,,0
135,157,Scan: 1308299 Run: DIA12_CV48:20251228_A2_N1_Mueller_MS_TechHub_IMP_THIDDIAXL003_Cas9_PhoX_DIA12_CV48_250ng_FAIMS_003 P1_SSFEKNPIDFLEAK P2_DLIIKLPK 5 5,Q99ZW2,null,,false,Q99ZW2,null,,false,1197,1176,,107.671764,false,true,false,false,1,1,Self,0,0.008447,0.044643,,,107.671764,,0,0,0,,0,0,,0
134,156,Scan: 227985 Run: DIA12_CV48:20251228_A2_N1_Mueller_MS_TechHub_IMP_THIDDIAXL003_Cas9_PhoX_DIA12_CV48_250ng_FAIMS_001 P1_SNFDLAEDAKLQLSK P2_KVTVK 10 1,Q99ZW2,null,,false,Q99ZW2,null,,false,558,263,,107.513577,false,true,false,false,1,1,Self,0,0.008463,0.044643,,107.513577,,,0,0,0,,0,0,,0
133,155,Scan: 430571 Run: DIA12_CV48:20251228_A2_N1_Mueller_MS_TechHub_IMP_THIDDIAXL003_Cas9_PhoX_DIA12_CV48_250ng_FAIMS_001 P1_KLINGIR P2_DKQSGK 1 2,Q99ZW2,null,,false,Q99ZW2,null,,false,673,665,,107.476452,false,true,false,false,1,1,Self,0,0.008467,0.045045,,107.476452,,,0,0,0,,0,0,,0
132,154,Scan: 1051456 Run: DIA12_CV48:20251228_A2_N1_Mueller_MS_TechHub_IMP_THIDDIAXL003_Cas9_PhoX_DIA12_CV48_250ng_FAIMS_002 P1_KDLIIK P2_EDIQKAQVSGQGDSLHEHIANLAGSPAIK 1 5,Q99ZW2,null,,false,Q99ZW2,null,,false,710,1192,,107.383999,false,true,false,false,1,1,Self,0,0.008476,0.044643,107.383999,,,,0,0,0,,0,0,,0
131,153,Scan: 1305940 Run: DIA12_CV48:20251228_A2_N1_Mueller_MS_TechHub_IMP_THIDDIAXL003_Cas9_PhoX_DIA12_CV48_250ng_FAIMS_003 P1_SSFEKNPIDFLEAK P2_NSDKLIAR 5 4,Q99ZW2,null,,false,Q99ZW2,null,,false,1118,1176,,107.325958,false,true,false,false,1,1,Self,0,0.008482,0.045045,,,107.325958,,0,0,0,,0,0,,0
130,152,Scan: 1143602 Run: DIA12_CV48:20251228_A2_N1_Mueller_MS_TechHub_IMP_THIDDIAXL003_Cas9_PhoX_DIA12_CV48_250ng_FAIMS_002 P1_KVTVK P2_GKSDNVPSEEVVK 1 2,Q99ZW2,null,,false,Q99ZW2,null,,false,866,558,,107.057354,false,true,false,false,1,1,Self,0,0.008509,0.044643,107.057354,103.884842,,,0,0,0,,0,0,,0
129,151,Scan: 300666 Run: DIA12_CV48:20251228_A2_N1_Mueller_MS_TechHub_IMP_THIDDIAXL003_Cas9_PhoX_DIA12_CV48_250ng_FAIMS_001 P1_NSDKLIAR P2_KSEETITPWNFEEVVDK 4 1,Q99ZW2,null,,false,Q99ZW2,null,,false,468,1118,,107.020378,false,true,false,false,1,1,Self,0,0.008513,0.044643,86.72995,107.020378,,,0,0,0,,0,0,,0
128,148,Scan: 1311703 Run: DIA12_CV48:20251228_A2_N1_Mueller_MS_TechHub_IMP_THIDDIAXL003_Cas9_PhoX_DIA12_CV48_250ng_FAIMS_003 P1_SSFEKNPIDFLEAK P2_NLPNEKVLPK 5 6,Q99ZW2,null,,false,Q99ZW2,null,,false,506,1176,,106.800438,false,true,false,false,1,1,Self,0,0.008535,0.044643,,,106.800438,,0,0,0,,0,0,,0
126,146,Scan: 760876 Run: DIA12_CV48:20251228_A2_N1_Mueller_MS_TechHub_IMP_THIDDIAXL003_Cas9_PhoX_DIA12_CV48_250ng_FAIMS_002 P1_LKGSPEDNEQK P2_GQKNSR 2 3,Q99ZW2,null,,false,Q99ZW2,null,,false,775,1246,,106.720516,false,true,false,false,1,1,Self,0,0.008543,0.044643,106.720516,105.578754,,,0,0,0,,0,0,,0
125,145,Scan: 512688 Run: DIA12_CV48:20251228_A2_N1_Mueller_MS_TechHub_IMP_THIDDIAXL003_Cas9_PhoX_DIA12_CV48_250ng_FAIMS_001 P1_SNKQGR P2_IEEGIKELGSQILK 3 6,Q99ZW2,null,,false,decoy:Q99ZW2,decoydecoy:null,decoy:,true,789,775,,106.680695,true,false,true,false,1,1,Self,0.008547,0.015939,0.044643,46.339871,106.680695,,,0,1,1,,0.008197,0.008264,,11
124,144,Scan: 438641 Run: DIA12_CV48:20251228_A2_N1_Mueller_MS_TechHub_IMP_THIDDIAXL003_Cas9_PhoX_DIA12_CV48_250ng_FAIMS_001 P1_SSFEKNPIDFLEAK P2_QSGKTILDFLK 5 4,Q99ZW2,null,,false,Q99ZW2,null,,false,677,1176,,106.597782,false,true,false,false,1,1,Self,0.008547,0.008922,0.044643,104.735661,106.597782,,,0,0,0,,0.008197,0.008264,,0
123,143,Scan: 142887 Run: DIA12_CV48:20251228_A2_N1_Mueller_MS_TechHub_IMP_THIDDIAXL003_Cas9_PhoX_DIA12_CV48_250ng_FAIMS_001 P1_LPKYSLFELENGR P2_ESILPKR 3 6,Q99ZW2,null,,false,Q99ZW2,null,,false,1113,1200,,106.439617,false,true,false,false,1,1,Self,0.008547,0.009636,0.045455,,106.439617,,,0,0,0,,0.008197,0.008264,,0
122,142,Scan: 509448 Run: DIA12_CV48:20251228_A2_N1_Mueller_MS_TechHub_IMP_THIDDIAXL003_Cas9_PhoX_DIA12_CV48_250ng_FAIMS_001 P1_YKEIFFDQSK P2_ENQTTQKGQK 2 7,Q99ZW2,null,,false,Q99ZW2,null,,false,772,348,,106.401806,false,true,false,false,1,1,Self,0.008547,0.009807,0.045455,,106.401806,,,0,0,0,,0.008197,0.008264,,0
121,141,Scan: 377244 Run: DIA12_CV48:20251228_A2_N1_Mueller_MS_TechHub_IMP_THIDDIAXL003_Cas9_PhoX_DIA12_CV48_250ng_FAIMS_001 P1_KTEVQTGGFSK P2_KPAFLSGEQK 1 1,Q99ZW2,null,,false,Q99ZW2,null,,false,536,1097,,106.365158,false,true,false,false,1,1,Self,0.008547,0.009973,0.054054,105.17453,106.365158,,,0,0,0,,0.008197,0.008264,,0
120,140,Scan: 983099 Run: DIA12_CV48:20251228_A2_N1_Mueller_MS_TechHub_IMP_THIDDIAXL003_Cas9_PhoX_DIA12_CV48_250ng_FAIMS_002 P1_VTVKQLK P2_KPAFLSGEQK 4 1,Q99ZW2,null,,false,Q99ZW2,null,,false,536,562,,106.27404,false,true,false,false,1,1,Self,0.008547,0.010385,0.054545,106.27404,,,,0,0,0,,0.008197,0.008264,,0
119,139,Scan: 143264 Run: DIA12_CV48:20251228_A2_N1_Mueller_MS_TechHub_IMP_THIDDIAXL003_Cas9_PhoX_DIA12_CV48_250ng_FAIMS_001 P1_LPKYSLFELENGR P2_KKDWDPK 3 1,Q99ZW2,null,,false,Q99ZW2,null,,false,1123,1200,,106.233498,false,true,false,false,1,1,Self,0.008547,0.010568,0.054054,,106.233498,,,0,0,0,,0.008197,0.008264,,0
118,138,Scan: 1276692 Run: DIA12_CV48:20251228_A2_N1_Mueller_MS_TechHub_IMP_THIDDIAXL003_Cas9_PhoX_DIA12_CV48_250ng_FAIMS_003 P1_NSDKLIAR P2_ESILPKR 4 6,Q99ZW2,null,,false,Q99ZW2,null,,false,1113,1118,,106.206192,false,true,false,false,1,1,Self,0.008547,0.010691,0.054545,,,106.206192,,0,0,0,,0.008197,0.008264,,0
117,137,Scan: 360731 Run: DIA12_CV48:20251228_A2_N1_Mueller_MS_TechHub_IMP_THIDDIAXL003_Cas9_PhoX_DIA12_CV48_250ng_FAIMS_001 P1_NLPNEKVLPK P2_KLINGIR 6 1,Q99ZW2,null,,false,Q99ZW2,null,,false,665,506,,106.162888,false,true,false,false,1,1,Self,0.008547,0.010887,0.054054,,106.162888,,,0,0,0,,0.008197,0.008264,,0
116,136,Scan: 424124 Run: DIA12_CV48:20251228_A2_N1_Mueller_MS_TechHub_IMP_THIDDIAXL003_Cas9_PhoX_DIA12_CV48_250ng_FAIMS_001 P1_LKTYAHLFDDK P2_FKVLGNTDR 2 2,Q99ZW2,null,,false,Q99ZW2,null,,false,33,637,,106.160591,false,true,false,false,1,1,Self,0.008547,0.010897,0.054054,,106.160591,,,0,0,0,,0.008197,0.008264,,0
115,135,Scan: 1540674 Run: DIA12_CV48:20251228_A2_N1_Mueller_MS_TechHub_IMP_THIDDIAXL003_Cas9_PhoX_DIA12_CV48_250ng_FAIMS_003 P1_NLPNEKVLPK P2_KSEETITPWNFEEVVDKGASAQSFIER 6 17,Q99ZW2,null,,false,Q99ZW2,null,,false,484,506,,106.119995,false,true,false,false,1,1,Self,0.008547,0.011081,0.053571,,,106.119995,,0,0,0,,0.008197,0.008264,,0
114,134,Scan: 376891 Run: DIA12_CV48:20251228_A2_N1_Mueller_MS_TechHub_IMP_THIDDIAXL003_Cas9_PhoX_DIA12_CV48_250ng_FAIMS_001 P1_KRPLIETNGETGEIVWDK P2_KPAFLSGEQK 1 1,Q99ZW2,null,,false,Q99ZW2,null,,false,536,1059,,106.110519,false,true,false,false,1,1,Self,0.008547,0.011124,0.053097,,106.110519,40.44971,,0,0,0,,0.008197,0.008264,,0
113,133,Scan: 1704682 Run: DIA12_CV48:20251228_A2_N1_Mueller_MS_TechHub_IMP_THIDDIAXL003_Cas9_PhoX_DIA12_CV48_250ng_FAIMS_003 P1_SKLVSDFR P2_ENQTTQKGQK 2 7,Q99ZW2,null,,false,Q99ZW2,null,,false,772,961,,106.0742,false,true,false,false,1,1,Self,0.008547,0.011288,0.053571,,43.383725,106.0742,,0,0,0,,0.008197,0.008264,,0
112,132,Scan: 35559 Run: DIA12_CV48:20251228_A2_N1_Mueller_MS_TechHub_IMP_THIDDIAXL003_Cas9_PhoX_DIA12_CV48_250ng_FAIMS_001 P1_SEQEIGKATAK P2_KTEVQTGGFSK 7 1,Q99ZW2,null,,false,Q99ZW2,null,,false,1097,1031,,105.972393,false,true,false,false,1,1,Self,0.008547,0.011748,0.061947,,105.972393,,,0,0,0,,0.008197,0.008264,,0
111,131,Scan: 957809 Run: DIA12_CV48:20251228_A2_N1_Mueller_MS_TechHub_IMP_THIDDIAXL003_Cas9_PhoX_DIA12_CV48_250ng_FAIMS_002 P1_NLPNEKVLPK P2_KPAFLSGEQK 6 1,Q99ZW2,null,,false,Q99ZW2,null,,false,536,506,,105.881588,false,true,false,false,1,1,Self,0.008547,0.012158,0.061947,105.881588,,,,0,0,0,,0.008197,0.008264,,0
110,130,Scan: 259892 Run: DIA12_CV48:20251228_A2_N1_Mueller_MS_TechHub_IMP_THIDDIAXL003_Cas9_PhoX_DIA12_CV48_250ng_FAIMS_001 P1_YKEIFFDQSK P2_FNASLGTYHDLLKIIK 2 13,Q99ZW2,null,,false,Q99ZW2,null,,false,599,348,,105.874279,false,true,false,false,1,1,Self,0.008547,0.012191,0.061947,,105.874279,,,0,0,0,,0.008197,0.008264,,0
109,129,Scan: 1537668 Run: DIA12_CV48:20251228_A2_N1_Mueller_MS_TechHub_IMP_THIDDIAXL003_Cas9_PhoX_DIA12_CV48_250ng_FAIMS_003 P1_KSEETITPWNFEEVVDKGASAQSFIER P2_FKVLGNTDR 17 2,Q99ZW2,null,,false,Q99ZW2,null,,false,33,484,,105.792835,false,true,false,false,1,1,Self,0.008547,0.012559,0.061404,,,105.792835,,0,0,0,,0.008197,0.008264,,0
108,128,Scan: 1260216 Run: DIA12_CV48:20251228_A2_N1_Mueller_MS_TechHub_IMP_THIDDIAXL003_Cas9_PhoX_DIA12_CV48_250ng_FAIMS_003 P1_TEVQTGGFSKESILPK P2_KYGGFDSPTVAYSVLVVAK 10 1,Q99ZW2,null,,false,Q99ZW2,null,,false,1130,1107,,105.745007,false,true,false,false,1,1,Self,0.008547,0.012775,0.06087,,99.816586,105.745007,,0,0,0,,0.008197,0.008264,,0
107,127,Scan: 385705 Run: DIA12_CV48:20251228_A2_N1_Mueller_MS_TechHub_IMP_THIDDIAXL003_Cas9_PhoX_DIA12_CV48_250ng_FAIMS_001 P1_KPAFLSGEQK P2_AIVDLLFKTNR 1 8,Q99ZW2,null,,false,Q99ZW2,null,,false,554,536,,105.740372,false,true,false,false,1,1,Self,0.008547,0.012796,0.06087,,105.740372,,,0,0,0,,0.008197,0.008264,,0
106,126,Scan: 1141366 Run: DIA12_CV48:20251228_A2_N1_Mueller_MS_TechHub_IMP_THIDDIAXL003_Cas9_PhoX_DIA12_CV48_250ng_FAIMS_002 P1_KTEVQTGGFSK P2_GKSDNVPSEEVVK 1 2,Q99ZW2,null,,false,Q99ZW2,null,,false,866,1097,,105.706242,false,true,false,false,1,1,Self,0.008547,0.01295,0.06087,105.706242,,,,0,0,0,,0.008197,0.008264,,0
105,125,Scan: 1286926 Run: DIA12_CV48:20251228_A2_N1_Mueller_MS_TechHub_IMP_THIDDIAXL003_Cas9_PhoX_DIA12_CV48_250ng_FAIMS_003 P1_NSDKLIAR P2_GQKNSR 4 3,Q99ZW2,null,,false,Q99ZW2,null,,false,775,1118,,105.692745,false,true,false,false,1,1,Self,0.008547,0.013011,0.060345,,105.385456,105.692745,,0,0,0,,0.008197,0.008264,,0
104,124,Scan: 1652610 Run: DIA12_CV48:20251228_A2_N1_Mueller_MS_TechHub_IMP_THIDDIAXL003_Cas9_PhoX_DIA12_CV48_250ng_FAIMS_003 P1_KPAFLSGEQK P2_EDIQKAQVSGQGDSLHEHIANLAGSPAIK 1 5,Q99ZW2,null,,false,Q99ZW2,null,,false,710,536,,105.689102,false,true,false,false,1,1,Self,0.008547,0.013028,0.060345,,46.485578,105.689102,,0,0,0,,0.008197,0.008264,,0
102,120,Scan: 95979 Run: DIA12_CV48:20251228_A2_N1_Mueller_MS_TechHub_IMP_THIDDIAXL003_Cas9_PhoX_DIA12_CV48_250ng_FAIMS_001 P1_KKDWDPK P2_DKQSGK 1 2,Q99ZW2,null,,false,Q99ZW2,null,,false,673,1123,,105.367508,false,true,false,false,1,1,Self,0.008547,0.014481,0.059829,,105.367508,,,0,0,0,,0.008197,0.008264,,0
101,119,Scan: 1190526 Run: DIA12_CV48:20251228_A2_N1_Mueller_MS_TechHub_IMP_THIDDIAXL003_Cas9_PhoX_DIA12_CV48_250ng_FAIMS_002 P1_KDFQFYK P2_GSPEDNEQKQLFVEQHK 1 9,Q99ZW2,null,,false,Q99ZW2,null,,false,1255,968,,105.34433,false,true,false,false,1,1,Self,0.008547,0.014586,0.059829,105.34433,100.180134,,,0,0,0,,0.008197,0.008264,,0
100,117,Scan: 1381357 Run: DIA12_CV48:20251228_A2_N1_Mueller_MS_TechHub_IMP_THIDDIAXL003_Cas9_PhoX_DIA12_CV48_250ng_FAIMS_003 P1_VLSAYNKHR P2_DKPIR 7 2,Q99ZW2,null,,false,Q99ZW2,null,,false,1300,1296,,105.292782,false,true,false,false,1,1,Self,0.008547,0.014819,0.059829,,,105.292782,,0,0,0,,0.008197,0.008264,,0
99,116,Scan: 1026568 Run: DIA12_CV48:20251228_A2_N1_Mueller_MS_TechHub_IMP_THIDDIAXL003_Cas9_PhoX_DIA12_CV48_250ng_FAIMS_002 P1_KSEETITPWNFEEVVDK P2_KLINGIR 1 1,Q99ZW2,null,,false,Q99ZW2,null,,false,665,468,,105.255547,false,true,false,false,1,1,Self,0.008547,0.014987,0.059829,105.255547,,,,0,0,0,,0.008197,0.008264,,0
98,114,Scan: 104286 Run: DIA12_CV48:20251228_A2_N1_Mueller_MS_TechHub_IMP_THIDDIAXL003_Cas9_PhoX_DIA12_CV48_250ng_FAIMS_001 P1_KYGGFDSPTVAYSVLVVAK P2_KKDWDPK 1 1,Q99ZW2,null,,false,Q99ZW2,null,,false,1123,1130,,105.074501,false,true,false,false,1,1,Self,0.008547,0.015805,0.059322,,105.074501,,,0,0,0,,0.008197,0.008264,,0
97,113,Scan: 615820 Run: DIA12_CV48:20251228_A2_N1_Mueller_MS_TechHub_IMP_THIDDIAXL003_Cas9_PhoX_DIA12_CV48_250ng_FAIMS_002 P1_VLPKHSLLYEYFTVYNELTK P2_EHKKDEEVLFSEELR 4 4,decoy:Q99ZW2,decoydecoy:null,decoy:,true,Q99ZW2,null,,false,104,510,,104.973808,true,false,true,false,1,1,Self,0.01626,0.022578,0.060345,104.973808,,,,1,0,1,,0.015625,0.015748,,11
96,112,Scan: 1749831 Run: DIA12_CV48:20251228_A2_N1_Mueller_MS_TechHub_IMP_THIDDIAXL003_Cas9_PhoX_DIA12_CV48_250ng_FAIMS_003 P1_SDNVPSEEVVKK P2_NSDKLIAR 11 4,Q99ZW2,null,,false,Q99ZW2,null,,false,1118,877,,104.949654,false,true,false,false,1,1,Self,0.01626,0.017235,0.060345,,,104.949654,,0,0,0,,0.015625,0.015748,,0
95,111,Scan: 1380950 Run: DIA12_CV48:20251228_A2_N1_Mueller_MS_TechHub_IMP_THIDDIAXL003_Cas9_PhoX_DIA12_CV48_250ng_FAIMS_003 P1_VLSAYNKHR P2_KRPLIETNGETGEIVWDK 7 1,Q99ZW2,null,,false,Q99ZW2,null,,false,1059,1296,,104.934277,false,true,false,false,1,1,Self,0.01626,0.017856,0.060345,,33.532108,104.934277,,0,0,0,,0.015625,0.015748,,0
94,110,Scan: 676033 Run: DIA12_CV48:20251228_A2_N1_Mueller_MS_TechHub_IMP_THIDDIAXL003_Cas9_PhoX_DIA12_CV48_250ng_FAIMS_002 P1_SSFEKNPIDFLEAK P2_ESILPKR 5 6,Q99ZW2,null,,false,Q99ZW2,null,,false,1113,1176,,104.899742,false,true,false,false,1,1,Self,0.01626,0.01925,0.060345,104.899742,46.772612,,,0,0,0,,0.015625,0.015748,,0
93,109,Scan: 1495625 Run: DIA12_CV48:20251228_A2_N1_Mueller_MS_TechHub_IMP_THIDDIAXL003_Cas9_PhoX_DIA12_CV48_250ng_FAIMS_003 P1_SSFEKNPIDFLEAK P2_KSEETITPWNFEEVVDK 5 1,Q99ZW2,null,,false,Q99ZW2,null,,false,468,1176,,104.859295,false,true,false,false,1,1,Self,0.01626,0.020883,0.068966,,,104.859295,,0,0,0,,0.015625,0.015748,,0
92,108,Scan: 243332 Run: DIA12_CV48:20251228_A2_N1_Mueller_MS_TechHub_IMP_THIDDIAXL003_Cas9_PhoX_DIA12_CV48_250ng_FAIMS_001 P1_KSEETITPWNFEEVVDK P2_FKVLGNTDR 1 2,Q99ZW2,null,,false,Q99ZW2,null,,false,33,468,,104.845821,false,true,false,false,1,1,Self,0.01626,0.021427,0.078261,,104.845821,,,0,0,0,,0.015625,0.015748,,0
91,107,Scan: 741111 Run: DIA12_CV48:20251228_A2_N1_Mueller_MS_TechHub_IMP_THIDDIAXL003_Cas9_PhoX_DIA12_CV48_250ng_FAIMS_002 P1_LPKYSLFELENGR P2_KYGGFDSPTVAYSVLVVAK 3 1,Q99ZW2,null,,false,Q99ZW2,null,,false,1130,1200,,104.777496,false,true,false,false,1,1,Self,0.01626,0.024186,0.078947,104.777496,,,,0,0,0,,0.015625,0.015748,,0
90,106,Scan: 1731069 Run: DIA12_CV48:20251228_A2_N1_Mueller_MS_TechHub_IMP_THIDDIAXL003_Cas9_PhoX_DIA12_CV48_250ng_FAIMS_003 P1_QGKQTTQNEK P2_EHPVENTQLQNEKLYLYYLQNGR 3 13,Q99ZW2,null,,false,decoy:Q99ZW2,decoydecoy:null,decoy:,true,810,768,,104.777309,true,false,true,false,1,1,Self,0.024194,0.02472,0.078947,,,104.777309,,0,1,1,,0.023077,0.023077,,11
89,105,Scan: 510323 Run: DIA12_CV48:20251228_A2_N1_Mueller_MS_TechHub_IMP_THIDDIAXL003_Cas9_PhoX_DIA12_CV48_250ng_FAIMS_001 P1_ENQTTQKGQK P2_AGFIKR 7 5,Q99ZW2,null,,false,Q99ZW2,null,,false,918,772,,104.712357,false,true,false,false,1,1,Self,0.024194,0.027244,0.078947,,104.712357,,,0,0,0,,0.023077,0.023077,,0
87,102,Scan: 1333982 Run: DIA12_CV48:20251228_A2_N1_Mueller_MS_TechHub_IMP_THIDDIAXL003_Cas9_PhoX_DIA12_CV48_250ng_FAIMS_003 P1_IILDKK P2_EDIQKAQVSGQGDSLHEHIANLAGSPAIK 5 5,Q99ZW2,null,,false,decoy:Q99ZW2,decoydecoy:null,decoy:,true,710,1196,,104.642277,true,false,true,false,1,1,Self,0.030534,0.026467,0.078261,48.896842,,104.642277,,0,1,1,,0.028986,0.028986,,11
85,100,Scan: 1609602 Run: DIA12_CV48:20251228_A2_N1_Mueller_MS_TechHub_IMP_THIDDIAXL003_Cas9_PhoX_DIA12_CV48_250ng_FAIMS_003 P1_KVTVK P2_KIECFDSVEISGVEDR 1 1,Q99ZW2,null,,false,Q99ZW2,null,,false,571,558,,104.538631,false,true,false,false,1,1,Self,0.030534,0.031096,0.077586,,,104.538631,,0,0,0,,0.028986,0.028986,,0
84,99,Scan: 1273603 Run: DIA12_CV48:20251228_A2_N1_Mueller_MS_TechHub_IMP_THIDDIAXL003_Cas9_PhoX_DIA12_CV48_250ng_FAIMS_003 P1_KLINGIR P2_ESILPKR 1 6,Q99ZW2,null,,false,Q99ZW2,null,,false,1113,665,,104.510891,false,true,false,false,1,1,Self,0.030534,0.031247,0.077586,,,104.510891,,0,0,0,,0.028986,0.028986,,0
83,98,Scan: 1165807 Run: DIA12_CV48:20251228_A2_N1_Mueller_MS_TechHub_IMP_THIDDIAXL003_Cas9_PhoX_DIA12_CV48_250ng_FAIMS_002 P1_GGLSELDKAGFIK P2_FDNLTKAER 8 6,Q99ZW2,null,,false,Q99ZW2,null,,false,902,913,,104.448708,false,true,false,false,1,1,Self,0.030534,0.031584,0.076923,104.448708,,,,0,0,0,,0.028986,0.028986,,0
82,97,Scan: 958018 Run: DIA12_CV48:20251228_A2_N1_Mueller_MS_TechHub_IMP_THIDDIAXL003_Cas9_PhoX_DIA12_CV48_250ng_FAIMS_002 P1_VLPKHSLLYEYFTVYNELTK P2_SEQEIGKATAK 4 7,Q99ZW2,null,,false,Q99ZW2,null,,false,1031,510,,104.44664,false,true,false,false,1,1,Self,0.030534,0.031595,0.077586,104.44664,,,,0,0,0,,0.028986,0.028986,,0
81,96,Scan: 309719 Run: DIA12_CV48:20251228_A2_N1_Mueller_MS_TechHub_IMP_THIDDIAXL003_Cas9_PhoX_DIA12_CV48_250ng_FAIMS_001 P1_KVTVK P2_KSEETITPWNFEEVVDK 1 1,Q99ZW2,null,,false,Q99ZW2,null,,false,468,558,,104.398323,false,true,false,false,1,1,Self,0.030534,0.031857,0.077586,,104.398323,,,0,0,0,,0.028986,0.028986,,0
80,95,Scan: 1145045 Run: DIA12_CV48:20251228_A2_N1_Mueller_MS_TechHub_IMP_THIDDIAXL003_Cas9_PhoX_DIA12_CV48_250ng_FAIMS_002 P1_GKSDNVPSEEVVK P2_DDSIDNKVLTR 2 7,Q99ZW2,null,,false,Q99ZW2,null,,false,855,866,,104.381115,false,true,false,false,1,1,Self,0.030534,0.031951,0.077586,104.381115,93.941051,,,0,0,0,,0.028986,0.028986,,0
79,94,Scan: 903460 Run: DIA12_CV48:20251228_A2_N1_Mueller_MS_TechHub_IMP_THIDDIAXL003_Cas9_PhoX_DIA12_CV48_250ng_FAIMS_002 P1_KSEETITPWNFEEVVDK P2_IEKILTFR 1 3,Q99ZW2,null,,false,Q99ZW2,null,,false,442,468,,104.362152,false,true,false,false,1,1,Self,0.030534,0.032054,0.086207,104.362152,,,,0,0,0,,0.028986,0.028986,,0
78,93,Scan: 672765 Run: DIA12_CV48:20251228_A2_N1_Mueller_MS_TechHub_IMP_THIDDIAXL003_Cas9_PhoX_DIA12_CV48_250ng_FAIMS_002 P1_SSFEKNPIDFLEAK P2_KPLISER 5 1,decoy:Q99ZW2,decoydecoy:null,decoy:,true,Q99ZW2,null,,false,1108,1176,,104.285828,true,false,true,false,1,1,Self,0.032468,0.031544,0.094828,104.285828,,,,1,0,1,,0.030488,0.02924,,11
77,92,Scan: 361355 Run: DIA12_CV48:20251228_A2_N1_Mueller_MS_TechHub_IMP_THIDDIAXL003_Cas9_PhoX_DIA12_CV48_250ng_FAIMS_001 P1_VLPKHSLLYEYFTVYNELTK P2_NSDKLIAR 4 4,Q99ZW2,null,,false,Q99ZW2,null,,false,1118,510,,104.199738,false,true,false,false,1,1,Self,0.032468,0.032673,0.09322,,104.199738,,,0,0,0,,0.030488,0.02924,,0
76,91,Scan: 347934 Run: DIA12_CV48:20251228_A2_N1_Mueller_MS_TechHub_IMP_THIDDIAXL003_Cas9_PhoX_DIA12_CV48_250ng_FAIMS_001 P1_SEETITPWNFEEVVDKGASAQSFIER P2_KAIVDLLFK 16 1,Q99ZW2,null,,false,Q99ZW2,null,,false,546,484,,104.180099,false,true,false,false,1,1,Self,0.032468,0.03272,0.09322,,104.180099,,,0,0,0,,0.030488,0.02924,,0
75,90,Scan: 1631211 Run: DIA12_CV48:20251228_A2_N1_Mueller_MS_TechHub_IMP_THIDDIAXL003_Cas9_PhoX_DIA12_CV48_250ng_FAIMS_003 P1_SSFEKNPIDFLEAK P2_DKQSGK 5 2,Q99ZW2,null,,false,Q99ZW2,null,,false,673,1176,,104.153446,false,true,false,false,1,1,Self,0.032468,0.032784,0.094017,,,104.153446,,0,0,0,,0.030488,0.02924,,0
74,89,Scan: 1335461 Run: DIA12_CV48:20251228_A2_N1_Mueller_MS_TechHub_IMP_THIDDIAXL003_Cas9_PhoX_DIA12_CV48_250ng_FAIMS_003 P1_EDIQKAQVSGQGDSLHEHIANLAGSPAIK P2_DLIIKLPK 5 5,Q99ZW2,null,,false,Q99ZW2,null,,false,1197,710,,104.126747,false,true,false,false,1,1,Self,0.032468,0.032848,0.094017,,84.110411,104.126747,,0,0,0,,0.030488,0.02924,,0
71,85,Scan: 1182501 Run: DIA12_CV48:20251228_A2_N1_Mueller_MS_TechHub_IMP_THIDDIAXL003_Cas9_PhoX_DIA12_CV48_250ng_FAIMS_002 P1_YDENDKLIR P2_SEQEIGKATAK 6 7,Q99ZW2,null,,false,Q99ZW2,null,,false,1031,948,,103.919891,false,true,false,false,1,1,Self,0.032468,0.033343,0.098214,103.919891,,,,0,0,0,,0.030488,0.02924,,0
70,84,Scan: 1329535 Run: DIA12_CV48:20251228_A2_N1_Mueller_MS_TechHub_IMP_THIDDIAXL003_Cas9_PhoX_DIA12_CV48_250ng_FAIMS_003 P1_TEVQTGGFSKESILPK P2_KDLIIK 10 1,Q99ZW2,null,,false,Q99ZW2,null,,false,1192,1107,,103.863998,false,true,false,false,1,1,Self,0.032468,0.033477,0.097345,,,103.863998,,0,0,0,,0.030488,0.02924,,0
69,81,Scan: 136486 Run: DIA12_CV48:20251228_A2_N1_Mueller_MS_TechHub_IMP_THIDDIAXL003_Cas9_PhoX_DIA12_CV48_250ng_FAIMS_001 P1_KDLIIK P2_DKQSGK 1 2,Q99ZW2,null,,false,Q99ZW2,null,,false,673,1192,,103.786972,false,true,false,false,1,1,Self,0.032468,0.033661,0.097345,,103.786972,,,0,0,0,,0.030488,0.02924,,0
68,80,Scan: 86692 Run: DIA12_CV48:20251228_A2_N1_Mueller_MS_TechHub_IMP_THIDDIAXL003_Cas9_PhoX_DIA12_CV48_250ng_FAIMS_001 P1_NSDKLIAR P2_LKGSPEDNEQK 4 2,Q99ZW2,null,,false,Q99ZW2,null,,false,1246,1118,,103.78281,false,true,false,false,1,1,Self,0.032468,0.033671,0.097345,,103.78281,,,0,0,0,,0.030488,0.02924,,0
67,79,Scan: 1235280 Run: DIA12_CV48:20251228_A2_N1_Mueller_MS_TechHub_IMP_THIDDIAXL003_Cas9_PhoX_DIA12_CV48_250ng_FAIMS_003 P1_KTEVQTGGFSK P2_ENQTTQKGQK 1 7,Q99ZW2,null,,false,Q99ZW2,null,,false,772,1097,,103.768486,false,true,false,false,1,1,Self,0.032468,0.033705,0.098214,,,103.768486,,0,0,0,,0.030488,0.02924,,0
66,78,Scan: 1371998 Run: DIA12_CV48:20251228_A2_N1_Mueller_MS_TechHub_IMP_THIDDIAXL003_Cas9_PhoX_DIA12_CV48_250ng_FAIMS_003 P1_KLINGIR P2_HYLDEIIEQISEFSKR 1 15,Q99ZW2,null,,false,Q99ZW2,null,,false,1278,665,,103.744637,false,true,false,false,1,1,Self,0.032468,0.033762,0.099099,,,103.744637,,0,0,0,,0.030488,0.02924,,0
65,77,Scan: 443836 Run: DIA12_CV48:20251228_A2_N1_Mueller_MS_TechHub_IMP_THIDDIAXL003_Cas9_PhoX_DIA12_CV48_250ng_FAIMS_001 P1_TILDFLKSDGFANR P2_FKVLGNTDR 7 2,Q99ZW2,null,,false,Q99ZW2,null,,false,33,684,,103.739822,false,true,false,false,1,1,Self,0.032468,0.033774,0.099099,,103.739822,,,0,0,0,,0.030488,0.02924,,0
64,76,Scan: 1449448 Run: DIA12_CV48:20251228_A2_N1_Mueller_MS_TechHub_IMP_THIDDIAXL003_Cas9_PhoX_DIA12_CV48_250ng_FAIMS_003 P1_YKEIFFDQSK P2_DLIIKLPK 2 5,Q99ZW2,null,,false,Q99ZW2,null,,false,1197,348,,103.734066,false,true,false,false,1,1,Self,0.032468,0.033787,0.099099,,,103.734066,,0,0,0,,0.030488,0.02924,,0
63,75,Scan: 852877 Run: DIA12_CV48:20251228_A2_N1_Mueller_MS_TechHub_IMP_THIDDIAXL003_Cas9_PhoX_DIA12_CV48_250ng_FAIMS_002 P1_YKEIFFDQSK P2_VLSAYNKHR 2 7,Q99ZW2,null,,false,Q99ZW2,null,,false,1296,348,,103.712872,false,true,false,false,1,1,Self,0.032468,0.033838,0.099099,103.712872,,,,0,0,0,,0.030488,0.02924,,0
62,74,Scan: 1107888 Run: DIA12_CV48:20251228_A2_N1_Mueller_MS_TechHub_IMP_THIDDIAXL003_Cas9_PhoX_DIA12_CV48_250ng_FAIMS_002 P1_ENQTTQKGQK P2_DFQFYKVR 7 6,Q99ZW2,null,,false,Q99ZW2,null,,false,974,772,,103.710007,false,true,false,false,1,1,Self,0.032468,0.033845,0.099099,103.710007,,,,0,0,0,,0.030488,0.02924,,0
61,70,Scan: 374026 Run: DIA12_CV48:20251228_A2_N1_Mueller_MS_TechHub_IMP_THIDDIAXL003_Cas9_PhoX_DIA12_CV48_250ng_FAIMS_001 P1_VKYVTEGMR P2_KPAFLSGEQK 2 1,Q99ZW2,null,,false,Q99ZW2,null,,false,536,528,,103.466896,false,true,false,false,1,1,Self,0.032468,0.034427,0.101852,,103.466896,84.380116,,0,0,0,,0.030488,0.02924,,0
60,69,Scan: 1172037 Run: DIA12_CV48:20251228_A2_N1_Mueller_MS_TechHub_IMP_THIDDIAXL003_Cas9_PhoX_DIA12_CV48_250ng_FAIMS_002 P1_VITLKSK P2_QITKHVAQILDSR 5 4,Q99ZW2,null,,false,Q99ZW2,null,,false,929,959,,103.449398,false,true,false,false,1,1,Self,0.032468,0.034468,0.101852,103.449398,,,,0,0,0,,0.030488,0.02924,,0
59,68,Scan: 635493 Run: DIA12_CV48:20251228_A2_N1_Mueller_MS_TechHub_IMP_THIDDIAXL003_Cas9_PhoX_DIA12_CV48_250ng_FAIMS_002 P1_YKEIFFDQSK P2_KTEVQTGGFSK 2 1,Q99ZW2,null,,false,Q99ZW2,null,,false,1097,348,,103.363033,false,true,false,false,1,1,Self,0.032468,0.034675,0.101852,103.363033,,,,0,0,0,,0.030488,0.02924,,0
58,67,Scan: 144336 Run: DIA12_CV48:20251228_A2_N1_Mueller_MS_TechHub_IMP_THIDDIAXL003_Cas9_PhoX_DIA12_CV48_250ng_FAIMS_001 P1_LPKYSLFELENGR P2_GYKEVK 3 3,Q99ZW2,null,,false,Q99ZW2,null,,false,1188,1200,,103.28199,false,true,false,false,1,1,Self,0.032468,0.034869,0.101852,,103.28199,,,0,0,0,,0.030488,0.02924,,0
57,66,Scan: 1200300 Run: DIA12_CV48:20251228_A2_N1_Mueller_MS_TechHub_IMP_THIDDIAXL003_Cas9_PhoX_DIA12_CV48_250ng_FAIMS_003 P1_LESEFVYGDYKVYDVR P2_KMIAK 11 1,Q99ZW2,null,,false,Q99ZW2,null,,false,1020,1014,,103.088448,false,true,false,false,1,1,Self,0.032468,0.035332,0.103774,98.134846,97.978252,103.088448,,0,0,0,,0.030488,0.02924,,0
56,65,Scan: 940908 Run: DIA12_CV48:20251228_A2_N1_Mueller_MS_TechHub_IMP_THIDDIAXL003_Cas9_PhoX_DIA12_CV48_250ng_FAIMS_002 P1_YKEIFFDQSK P2_SEETITPWNFEEVVDKGASAQSFIER 2 16,Q99ZW2,null,,false,Q99ZW2,null,,false,484,348,,102.853291,false,true,false,false,1,1,Self,0.032468,0.035894,0.104762,102.853291,,,,0,0,0,,0.030488,0.02924,,0
55,64,Scan: 1706866 Run: DIA12_CV48:20251228_A2_N1_Mueller_MS_TechHub_IMP_THIDDIAXL003_Cas9_PhoX_DIA12_CV48_250ng_FAIMS_003 P1_IEEGIKELGSQILK P2_GQKNSR 6 3,Q99ZW2,null,,false,Q99ZW2,null,,false,775,789,,102.823227,false,true,false,false,1,1,Self,0.032468,0.035966,0.105769,,50.564835,102.823227,,0,0,0,,0.030488,0.02924,,0
53,62,Scan: 1358603 Run: DIA12_CV48:20251228_A2_N1_Mueller_MS_TechHub_IMP_THIDDIAXL003_Cas9_PhoX_DIA12_CV48_250ng_FAIMS_003 P1_LKGSPEDNEQK P2_GKSDNVPSEEVVK 2 2,Q99ZW2,null,,false,Q99ZW2,null,,false,866,1246,,102.234169,false,true,false,false,1,1,Self,0.032468,0.037375,0.1,,,102.234169,,0,0,0,,0.030488,0.02924,,0
52,60,Scan: 404566 Run: DIA12_CV48:20251228_A2_N1_Mueller_MS_TechHub_IMP_THIDDIAXL003_Cas9_PhoX_DIA12_CV48_250ng_FAIMS_001 P1_KPAFLSGEQK P2_KAIVDLLFK 1 1,Q99ZW2,null,,false,Q99ZW2,null,,false,546,536,,102.19022,false,true,false,false,1,1,Self,0.032468,0.03748,0.10101,,102.19022,100.238045,,0,0,0,,0.030488,0.02924,,0
51,59,Scan: 1049399 Run: DIA12_CV48:20251228_A2_N1_Mueller_MS_TechHub_IMP_THIDDIAXL003_Cas9_PhoX_DIA12_CV48_250ng_FAIMS_002 P1_KPLISER P2_EDIQKAQVSGQGDSLHEHIANLAGSPAIK 1 5,Q99ZW2,null,,false,decoy:Q99ZW2,decoydecoy:null,decoy:,true,710,1108,,102.182068,true,false,true,false,1,1,Self,0.0375,0.038822,0.10101,102.182068,,,,0,1,1,,0.034884,0.033333,,11
49,56,Scan: 1007494 Run: DIA12_CV48:20251228_A2_N1_Mueller_MS_TechHub_IMP_THIDDIAXL003_Cas9_PhoX_DIA12_CV48_250ng_FAIMS_002 P1_KVTVK P2_AIVDLLFKTNR 1 8,Q99ZW2,null,,false,Q99ZW2,null,,false,554,558,,102.089581,false,true,false,false,1,1,Self,0.0375,0.038168,0.102041,102.089581,,,,0,0,0,,0.034884,0.033333,,0
48,55,Scan: 143479 Run: DIA12_CV48:20251228_A2_N1_Mueller_MS_TechHub_IMP_THIDDIAXL003_Cas9_PhoX_DIA12_CV48_250ng_FAIMS_001 P1_LPKYSLFELENGR P2_KDWDPK 3 1,Q99ZW2,null,,false,Q99ZW2,null,,false,1124,1200,,102.080864,false,true,false,false,1,1,Self,0.0375,0.038231,0.103093,,102.080864,,,0,0,0,,0.034884,0.033333,,0
47,54,Scan: 1210678 Run: DIA12_CV48:20251228_A2_N1_Mueller_MS_TechHub_IMP_THIDDIAXL003_Cas9_PhoX_DIA12_CV48_250ng_FAIMS_003 P1_SEQEIGKATAK P2_ELGSQILKEHPVENTQLQNEK 7 8,Q99ZW2,null,,false,Q99ZW2,null,,false,797,1031,,102.013508,false,true,false,false,1,1,Self,0.0375,0.038717,0.105263,,,102.013508,,0,0,0,,0.034884,0.033333,,0
45,52,Scan: 293704 Run: DIA12_CV48:20251228_A2_N1_Mueller_MS_TechHub_IMP_THIDDIAXL003_Cas9_PhoX_DIA12_CV48_250ng_FAIMS_001 P1_IEKILTFR P2_EDIQKAQVSGQGDSLHEHIANLAGSPAIK 3 5,Q99ZW2,null,,false,Q99ZW2,null,,false,710,442,,101.980419,false,true,false,false,1,1,Self,0.0375,0.038956,0.105263,,101.980419,,,0,0,0,,0.034884,0.033333,,0
44,51,Scan: 1541550 Run: DIA12_CV48:20251228_A2_N1_Mueller_MS_TechHub_IMP_THIDDIAXL003_Cas9_PhoX_DIA12_CV48_250ng_FAIMS_003 P1_SEETITPWNFEEVVDKGASAQSFIER P2_KPAFLSGEQK 16 1,Q99ZW2,null,,false,Q99ZW2,null,,false,536,484,,101.938232,false,true,false,false,1,1,Self,0.0375,0.039261,0.107527,,,101.938232,,0,0,0,,0.034884,0.033333,,0
43,50,Scan: 1290263 Run: DIA12_CV48:20251228_A2_N1_Mueller_MS_TechHub_IMP_THIDDIAXL003_Cas9_PhoX_DIA12_CV48_250ng_FAIMS_003 P1_KKDWDPK P2_EDIQKAQVSGQGDSLHEHIANLAGSPAIK 1 5,Q99ZW2,null,,false,Q99ZW2,null,,false,710,1123,,101.930576,false,true,false,false,1,1,Self,0.0375,0.039316,0.108696,,74.120062,101.930576,,0,0,0,,0.034884,0.033333,,0
42,49,Scan: 506565 Run: DIA12_CV48:20251228_A2_N1_Mueller_MS_TechHub_IMP_THIDDIAXL003_Cas9_PhoX_DIA12_CV48_250ng_FAIMS_001 P1_QGKQTTQNEK P2_LPKYSLFELENGR 3 3,Q99ZW2,null,,false,decoy:Q99ZW2,decoydecoy:null,decoy:,true,1200,768,,101.86739,true,false,true,false,1,1,Self,0.039773,0.039187,0.111111,,101.86739,,,0,1,1,,0.037234,0.034826,,11
41,48,Scan: 897533 Run: DIA12_CV48:20251228_A2_N1_Mueller_MS_TechHub_IMP_THIDDIAXL003_Cas9_PhoX_DIA12_CV48_250ng_FAIMS_002 P1_KSEETITPWNFEEVVDK P2_ESILPKR 1 6,Q99ZW2,null,,false,Q99ZW2,null,,false,1113,468,,101.809902,false,true,false,false,1,1,Self,0.039773,0.040052,0.111111,101.809902,,,,0,0,0,,0.037234,0.034826,,0
40,47,Scan: 785628 Run: DIA12_CV48:20251228_A2_N1_Mueller_MS_TechHub_IMP_THIDDIAXL003_Cas9_PhoX_DIA12_CV48_250ng_FAIMS_002 P1_KLVDSTDK P2_HPIFGNIVDEVAYHEKYPTIYHLR 1 16,Q99ZW2,null,,false,Q99ZW2,null,,false,131,141,,101.762012,false,true,false,false,1,1,Self,0.039773,0.040285,0.11236,101.762012,,89.712551,,0,0,0,,0.037234,0.034826,,0
39,43,Scan: 963049 Run: DIA12_CV48:20251228_A2_N1_Mueller_MS_TechHub_IMP_THIDDIAXL003_Cas9_PhoX_DIA12_CV48_250ng_FAIMS_002 P1_YDENDKLIR P2_VLPKHSLLYEYFTVYNELTK 6 4,Q99ZW2,null,,false,Q99ZW2,null,,false,510,948,,101.666862,false,true,false,false,1,1,Self,0.039773,0.040747,0.114943,101.666862,,,,0,0,0,,0.037234,0.034826,,0
38,42,Scan: 684617 Run: DIA12_CV48:20251228_A2_N1_Mueller_MS_TechHub_IMP_THIDDIAXL003_Cas9_PhoX_DIA12_CV48_250ng_FAIMS_002 P1_SNFDLAEDAKLQLSK P2_NSDKLIAR 10 4,Q99ZW2,null,,false,Q99ZW2,null,,false,1118,263,,101.663494,false,true,false,false,1,1,Self,0.039773,0.040764,0.114943,101.663494,92.298332,,,0,0,0,,0.037234,0.034826,,0
37,41,Scan: 986889 Run: DIA12_CV48:20251228_A2_N1_Mueller_MS_TechHub_IMP_THIDDIAXL003_Cas9_PhoX_DIA12_CV48_250ng_FAIMS_002 P1_YDENDKLIR P2_KPAFLSGEQK 6 1,Q99ZW2,null,,false,Q99ZW2,null,,false,536,948,,101.604603,false,true,false,false,1,1,Self,0.039773,0.04105,0.116279,101.604603,,,,0,0,0,,0.037234,0.034826,,0
36,40,Scan: 94744 Run: DIA12_CV48:20251228_A2_N1_Mueller_MS_TechHub_IMP_THIDDIAXL003_Cas9_PhoX_DIA12_CV48_250ng_FAIMS_001 P1_KKDWDPK P2_ESILPKR 1 6,Q99ZW2,null,,false,Q99ZW2,null,,false,1113,1123,,101.591003,false,true,false,false,1,1,Self,0.039773,0.041116,0.116279,,101.591003,,,0,0,0,,0.037234,0.034826,,0
35,39,Scan: 1390941 Run: DIA12_CV48:20251228_A2_N1_Mueller_MS_TechHub_IMP_THIDDIAXL003_Cas9_PhoX_DIA12_CV48_250ng_FAIMS_003 P1_YTSTKEVLDATLIHQSITGLYETR P2_NSDKLIAR 5 4,Q99ZW2,null,,false,Q99ZW2,null,,false,1118,1340,,101.507473,false,true,false,false,1,1,Self,0.039773,0.041522,0.120482,,,101.507473,,0,0,0,,0.037234,0.034826,,0
34,38,Scan: 1710857 Run: DIA12_CV48:20251228_A2_N1_Mueller_MS_TechHub_IMP_THIDDIAXL003_Cas9_PhoX_DIA12_CV48_250ng_FAIMS_003 P1_SKLVSDFR P2_IEEGIKELGSQILK 2 6,Q99ZW2,null,,false,Q99ZW2,null,,false,789,961,,101.427967,false,true,false,false,1,1,Self,0.039773,0.041908,0.123457,,,101.427967,,0,0,0,,0.037234,0.034826,,0
33,35,Scan: 110556 Run: DIA12_CV48:20251228_A2_N1_Mueller_MS_TechHub_IMP_THIDDIAXL003_Cas9_PhoX_DIA12_CV48_250ng_FAIMS_001 P1_SSFEKNPIDFLEAK P2_KMIAK 5 1,Q99ZW2,null,,false,Q99ZW2,null,,false,1020,1176,,101.299885,false,true,false,false,1,1,Self,0.039773,0.042531,0.123457,,101.299885,,,0,0,0,,0.037234,0.034826,,0
32,34,Scan: 840751 Run: DIA12_CV48:20251228_A2_N1_Mueller_MS_TechHub_IMP_THIDDIAXL003_Cas9_PhoX_DIA12_CV48_250ng_FAIMS_002 P1_NLPNEKVLPK P2_FKVLGNTDR 6 2,Q99ZW2,null,,false,Q99ZW2,null,,false,33,506,,101.202541,false,true,false,false,1,1,Self,0.039773,0.043004,0.123457,101.202541,,,,0,0,0,,0.037234,0.034826,,0
31,33,Scan: 898995 Run: DIA12_CV48:20251228_A2_N1_Mueller_MS_TechHub_IMP_THIDDIAXL003_Cas9_PhoX_DIA12_CV48_250ng_FAIMS_002 P1_KSEETITPWNFEEVVDK P2_KDLIIK 1 1,Q99ZW2,null,,false,Q99ZW2,null,,false,1192,468,,101.167923,false,true,false,false,1,1,Self,0.039773,0.043172,0.125,101.167923,,,,0,0,0,,0.037234,0.034826,,0
30,32,Scan: 207760 Run: DIA12_CV48:20251228_A2_N1_Mueller_MS_TechHub_IMP_THIDDIAXL003_Cas9_PhoX_DIA12_CV48_250ng_FAIMS_001 P1_LVDSTDKADLR P2_KPAFLSGEQK 7 1,Q99ZW2,null,,false,Q99ZW2,null,,false,536,148,,101.147606,false,true,false,false,1,1,Self,0.039773,0.043271,0.126582,,101.147606,98.255699,,0,0,0,,0.037234,0.034826,,0
29,31,Scan: 760778 Run: DIA12_CV48:20251228_A2_N1_Mueller_MS_TechHub_IMP_THIDDIAXL003_Cas9_PhoX_DIA12_CV48_250ng_FAIMS_002 P1_LKGSPEDNEQK P2_ENQTTQKGQK 2 7,Q99ZW2,null,,false,Q99ZW2,null,,false,772,1246,,101.139973,false,true,false,false,1,1,Self,0.039773,0.043308,0.126582,101.139973,,,,0,0,0,,0.037234,0.034826,,0
28,30,Scan: 1081339 Run: DIA12_CV48:20251228_A2_N1_Mueller_MS_TechHub_IMP_THIDDIAXL003_Cas9_PhoX_DIA12_CV48_250ng_FAIMS_002 P1_KGILQTVK P2_EDIQKAQVSGQGDSLHEHIANLAGSPAIK 1 5,Q99ZW2,null,,false,Q99ZW2,null,,false,710,735,,101.04813,false,true,false,false,1,1,Self,0.039773,0.043754,0.12987,101.04813,67.932252,,,0,0,0,,0.037234,0.034826,,0
27,29,Scan: 298069 Run: DIA12_CV48:20251228_A2_N1_Mueller_MS_TechHub_IMP_THIDDIAXL003_Cas9_PhoX_DIA12_CV48_250ng_FAIMS_001 P1_KSEETITPWNFEEVVDK P2_KNLIGALLFDSGETAEATR 1 1,Q99ZW2,null,,false,Q99ZW2,null,,false,45,468,,100.920326,false,true,false,false,1,1,Self,0.039773,0.044375,0.12987,78.471243,100.920326,,,0,0,0,,0.037234,0.034826,,0
26,28,Scan: 194108 Run: DIA12_CV48:20251228_A2_N1_Mueller_MS_TechHub_IMP_THIDDIAXL003_Cas9_PhoX_DIA12_CV48_250ng_FAIMS_001 P1_NSDKLIAR P2_EQAENIIHLFTLTNLGAPAAFKYFDTTIDR 4 22,Q99ZW2,null,,false,Q99ZW2,null,,false,1325,1118,,100.710461,false,true,false,false,1,1,Self,0.039773,0.045395,0.123288,98.499302,100.710461,,,0,0,0,,0.037234,0.034826,,0
25,27,Scan: 415618 Run: DIA12_CV48:20251228_A2_N1_Mueller_MS_TechHub_IMP_THIDDIAXL003_Cas9_PhoX_DIA12_CV48_250ng_FAIMS_001 P1_LQKVTVK P2_KIECFDSVEISGVEDR 3 1,Q99ZW2,null,,false,decoy:Q99ZW2,decoydecoy:null,decoy:,true,571,561,,100.698219,true,false,true,false,1,1,Self,0.045455,0.049184,0.123288,99.285713,100.698219,,,0,1,1,,0.042553,0.039801,,11
24,26,Scan: 1007963 Run: DIA12_CV48:20251228_A2_N1_Mueller_MS_TechHub_IMP_THIDDIAXL003_Cas9_PhoX_DIA12_CV48_250ng_FAIMS_002 P1_LQKVTVKK P2_KIECFDSVEISGVEDR 3 1,Q99ZW2,null,,false,decoy:Q99ZW2,decoydecoy:null,decoy:,true,571,560,,100.665047,true,false,true,false,1,1,Self,0.049451,0.046064,0.125,100.665047,,95.95163,,0,1,1,,0.046154,0.043269,,11
23,25,Scan: 1464704 Run: DIA12_CV48:20251228_A2_N1_Mueller_MS_TechHub_IMP_THIDDIAXL003_Cas9_PhoX_DIA12_CV48_250ng_FAIMS_003 P1_NSDKLIAR P2_EIFFDQSKNGYAGYIDGGASQEEFYK 4 8,Q99ZW2,null,,false,Q99ZW2,null,,false,356,1118,,100.513336,false,true,false,false,1,1,Self,0.049451,0.051174,0.115942,,,100.513336,,0,0,0,,0.046154,0.043269,,0
22,24,Scan: 761700 Run: DIA12_CV48:20251228_A2_N1_Mueller_MS_TechHub_IMP_THIDDIAXL003_Cas9_PhoX_DIA12_CV48_250ng_FAIMS_002 P1_SKLVSDFR P2_LKGSPEDNEQK 2 2,Q99ZW2,null,,false,Q99ZW2,null,,false,1246,961,,100.446476,false,true,false,false,1,1,Self,0.049451,0.051933,0.101449,100.446476,,,,0,0,0,,0.046154,0.043269,,0
21,23,Scan: 1555817 Run: DIA12_CV48:20251228_A2_N1_Mueller_MS_TechHub_IMP_THIDDIAXL003_Cas9_PhoX_DIA12_CV48_250ng_FAIMS_003 P1_VLPKHSLLYEYFTVYNELTK P2_SSFEKNPIDFLEAK 4 5,Q99ZW2,null,,false,Q99ZW2,null,,false,1176,510,,100.428818,false,true,false,false,1,1,Self,0.049451,0.052134,0.101449,,,100.428818,,0,0,0,,0.046154,0.043269,,0
20,22,Scan: 937950 Run: DIA12_CV48:20251228_A2_N1_Mueller_MS_TechHub_IMP_THIDDIAXL003_Cas9_PhoX_DIA12_CV48_250ng_FAIMS_002 P1_SEETITPWNFEEVVDKGASAQSFIER P2_ESILPKR 16 6,Q99ZW2,null,,false,Q99ZW2,null,,false,1113,484,,100.420483,false,true,false,false,1,1,Self,0.049451,0.052228,0.101449,100.420483,,,,0,0,0,,0.046154,0.043269,,0
19,21,Scan: 1145850 Run: DIA12_CV48:20251228_A2_N1_Mueller_MS_TechHub_IMP_THIDDIAXL003_Cas9_PhoX_DIA12_CV48_250ng_FAIMS_002 P1_KFDNLTKAER P2_GKSDNVPSEEVVK 1 2,Q99ZW2,null,,false,Q99ZW2,null,,false,866,896,,100.266251,false,true,false,false,1,1,Self,0.049451,0.05398,0.104478,100.266251,,,,0,0,0,,0.046154,0.043269,,0
18,20,Scan: 443920 Run: DIA12_CV48:20251228_A2_N1_Mueller_MS_TechHub_IMP_THIDDIAXL003_Cas9_PhoX_DIA12_CV48_250ng_FAIMS_001 P1_YKEIFFDQSK P2_TILDFLKSDGFANR 2 7,Q99ZW2,null,,false,Q99ZW2,null,,false,684,348,,100.217453,false,true,false,false,1,1,Self,0.049451,0.054534,0.107692,,100.217453,,,0,0,0,,0.046154,0.043269,,0
16,18,Scan: 605786 Run: DIA12_CV48:20251228_A2_N1_Mueller_MS_TechHub_IMP_THIDDIAXL003_Cas9_PhoX_DIA12_CV48_250ng_FAIMS_002 P1_LESEFVYGDYKVYDVR P2_AIMKK 11 4,decoy:Q99ZW2,decoydecoy:null,decoy:,true,Q99ZW2,null,,false,1023,1014,,100.181271,true,false,true,false,1,1,Self,0.054945,0.056117,0.111111,100.181271,,48.953361,,1,0,1,,0.051282,0.048077,,11
15,17,Scan: 686389 Run: DIA12_CV48:20251228_A2_N1_Mueller_MS_TechHub_IMP_THIDDIAXL003_Cas9_PhoX_DIA12_CV48_250ng_FAIMS_002 P1_SEETITPWNFEEVVDKGASAQSFIER P2_AILKDSNR 16 4,decoy:Q99ZW2,decoydecoy:null,decoy:,true,Q99ZW2,null,,false,1118,484,,100.117588,true,false,true,false,1,1,Self,0.056995,0.055066,0.112903,100.117588,,,,1,0,1,,0.052381,0.048889,,11
14,16,Scan: 1329780 Run: DIA12_CV48:20251228_A2_N1_Mueller_MS_TechHub_IMP_THIDDIAXL003_Cas9_PhoX_DIA12_CV48_250ng_FAIMS_003 P1_LPKYSLFELENGR P2_KDLIIK 3 1,Q99ZW2,null,,false,Q99ZW2,null,,false,1192,1200,,100.108997,false,true,false,false,1,1,Self,0.056995,0.056995,0.112903,,,100.108997,,0,0,0,,0.052381,0.048889,,0
13,15,Scan: 412564 Run: DIA12_CV48:20251228_A2_N1_Mueller_MS_TechHub_IMP_THIDDIAXL003_Cas9_PhoX_DIA12_CV48_250ng_FAIMS_001 P1_YKEIFFDQSK P2_QLKEDYFK 2 3,Q99ZW2,null,,false,Q99ZW2,null,,false,565,348,,100.095409,false,true,false,false,1,1,Self,0.056995,0.056995,0.096774,,100.095409,45.308198,,0,0,0,,0.052381,0.048889,,0
12,14,Scan: 1216661 Run: DIA12_CV48:20251228_A2_N1_Mueller_MS_TechHub_IMP_THIDDIAXL003_Cas9_PhoX_DIA12_CV48_250ng_FAIMS_003 P1_KSEETITPWNFEEVVDK P2_KRPLIETNGETGEIVWDK 1 1,Q99ZW2,null,,false,Q99ZW2,null,,false,1059,468,,100.094902,false,true,false,false,1,1,Self,0.056995,0.056995,0.096774,,,100.094902,,0,0,0,,0.052381,0.048889,,0
11,13,Scan: 1209831 Run: DIA12_CV48:20251228_A2_N1_Mueller_MS_TechHub_IMP_THIDDIAXL003_Cas9_PhoX_DIA12_CV48_250ng_FAIMS_003 P1_YKEIFFDQSK P2_SEQEIGKATAK 2 7,Q99ZW2,null,,false,Q99ZW2,null,,false,1031,348,,100.032391,false,true,false,false,1,1,Self,0.056995,0.056995,0.096774,,,100.032391,,0,0,0,,0.052381,0.048889,,0
8,9,Scan: 840869 Run: DIA12_CV48:20251228_A2_N1_Mueller_MS_TechHub_IMP_THIDDIAXL003_Cas9_PhoX_DIA12_CV48_250ng_FAIMS_002 P1_VLPKHSLLYEYFTVYNELTK P2_FKVLGNTDR 4 2,Q99ZW2,null,,false,Q99ZW2,null,,false,33,510,,99.726307,false,true,false,false,1,1,Self,0.056995,0.056995,0.105263,99.726307,99.374836,,,0,0,0,,0.052381,0.048889,,0
7,8,Scan: 450545 Run: DIA12_CV48:20251228_A2_N1_Mueller_MS_TechHub_IMP_THIDDIAXL003_Cas9_PhoX_DIA12_CV48_250ng_FAIMS_001 P1_KTEVQTGGFSK P2_EDIQKAQVSGQGDSLHEHIANLAGSPAIK 1 5,Q99ZW2,null,,false,Q99ZW2,null,,false,710,1097,,99.721313,false,true,false,false,1,1,Self,0.056995,0.056995,0.105263,56.292774,99.721313,,,0,0,0,,0.052381,0.048889,,0
6,7,Scan: 97178 Run: DIA12_CV48:20251228_A2_N1_Mueller_MS_TechHub_IMP_THIDDIAXL003_Cas9_PhoX_DIA12_CV48_250ng_FAIMS_001 P1_KKDWDPK P2_ESILPKR 2 6,Q99ZW2,null,,false,Q99ZW2,null,,false,1113,1124,,99.620518,false,true,false,false,1,1,Self,0.056995,0.056995,0.107143,,99.620518,,,0,0,0,,0.052381,0.048889,,0
5,6,Scan: 145426 Run: DIA12_CV48:20251228_A2_N1_Mueller_MS_TechHub_IMP_THIDDIAXL003_Cas9_PhoX_DIA12_CV48_250ng_FAIMS_001 P1_LPKYSLFELENGR P2_FKVLGNTDR 3 2,Q99ZW2,null,,false,Q99ZW2,null,,false,33,1200,,99.612392,false,true,false,false,1,1,Self,0.056995,0.056995,0.107143,,99.612392,,,0,0,0,,0.052381,0.048889,,0
4,5,Scan: 1455761 Run: DIA12_CV48:20251228_A2_N1_Mueller_MS_TechHub_IMP_THIDDIAXL003_Cas9_PhoX_DIA12_CV48_250ng_FAIMS_003 P1_YKEIFFDQSK P2_SKLVSDFR 2 2,Q99ZW2,null,,false,Q99ZW2,null,,false,961,348,,99.606133,false,true,false,false,1,1,Self,0.056995,0.056995,0.107143,,,99.606133,,0,0,0,,0.052381,0.048889,,0
1,1,Scan: 361683 Run: DIA12_CV48:20251228_A2_N1_Mueller_MS_TechHub_IMP_THIDDIAXL003_Cas9_PhoX_DIA12_CV48_250ng_FAIMS_001 P1_VLPKHSLLYEYFTVYNELTK P2_KDLIIK 4 1,Q99ZW2,null,,false,Q99ZW2,null,,false,1192,510,,99.168198,false,true,false,false,1,1,Self,0.056995,0.056995,0.133333,,99.168198,,,0,0,0,,0.052381,0.048889,,0
0,0,Scan: 311060 Run: DIA12_CV48:20251228_A2_N1_Mueller_MS_TechHub_IMP_THIDDIAXL003_Cas9_PhoX_DIA12_CV48_250ng_FAIMS_001 P1_KSEETITPWNFEEVVDK P2_DKQSGK 1 2,Q99ZW2,null,,false,Q99ZW2,null,,false,673,468,,99.099503,false,true,false,false,1,1,Self,0.056995,0.056995,0.133333,,99.099503,,,0,0,0,,0.052381,0.048889,,0
