[PSMID, RunName, ScanNumber, PeakListFileName, ScanId, Protein1, Name1, Description1, Decoy 1, Protein2, Name2, Description2, Decoy 2, PepSeq1, PepSeq2, PepPos1, PepPos2, LinkPos1, LinkPos2, ProteinSite1, ProteinSite2, Crosslinker, CrosslinkerModMass, Charge, ExpMz, CalcMz, Score, DIA12_CV48:20251228_A2_N1_Mueller_MS_TechHub_IMP_THIDDIAXL003_Cas9_PhoX_DIA12_CV48_250ng_FAIMS_002, DIA12_CV48:20251228_A2_N1_Mueller_MS_TechHub_IMP_THIDDIAXL003_Cas9_PhoX_DIA12_CV48_250ng_FAIMS_001, DIA12_CV48:20251228_A2_N1_Mueller_MS_TechHub_IMP_THIDDIAXL003_Cas9_PhoX_DIA12_CV48_250ng_FAIMS_003]
Scan: 1743497 Run: DIA12_CV48:20251228_A2_N1_Mueller_MS_TechHub_IMP_THIDDIAXL003_Cas9_PhoX_DIA12_CV48_250ng_FAIMS_003 P1_SKLVSDFR P2_GKSDNVPSEEVVK 2 2,DIA12_CV48:20251228_A2_N1_Mueller_MS_TechHub_IMP_THIDDIAXL003_Cas9_PhoX_DIA12_CV48_250ng_FAIMS_003,1743497,,,Q99ZW2,,,false,Q99ZW2,Q99ZW2,,false,GKSDNVPSEEVVK,SKLVSDFR,865,960,2,2,866,961,,-1,3,0,1.007276,76.117395
Scan: 1451060 Run: DIA12_CV48:20251228_A2_N1_Mueller_MS_TechHub_IMP_THIDDIAXL003_Cas9_PhoX_DIA12_CV48_250ng_FAIMS_003 P1_YKEIFFDQSK P2_FKVLGNTDR 2 2,DIA12_CV48:20251228_A2_N1_Mueller_MS_TechHub_IMP_THIDDIAXL003_Cas9_PhoX_DIA12_CV48_250ng_FAIMS_003,1451060,,,Q99ZW2,,,false,Q99ZW2,Q99ZW2,,false,FKVLGNTDR,YKEIFFDQSK,32,347,2,2,33,348,,-1,3,0,1.007276,75.394801
Scan: 663741 Run: DIA12_CV48:20251228_A2_N1_Mueller_MS_TechHub_IMP_THIDDIAXL003_Cas9_PhoX_DIA12_CV48_250ng_FAIMS_002 P1_SSFEKNPIDFLEAK P2_KTEVQTGGFSKESILPK 5 11,DIA12_CV48:20251228_A2_N1_Mueller_MS_TechHub_IMP_THIDDIAXL003_Cas9_PhoX_DIA12_CV48_250ng_FAIMS_002,663741,,,Q99ZW2,,,false,Q99ZW2,Q99ZW2,,false,KTEVQTGGFSKESILPK,SSFEKNPIDFLEAK,1097,1172,11,5,1107,1176,,-1,4,0,1.007276,75.308361
Scan: 783870 Run: DIA12_CV48:20251228_A2_N1_Mueller_MS_TechHub_IMP_THIDDIAXL003_Cas9_PhoX_DIA12_CV48_250ng_FAIMS_002 P1_VLSAYNKHR P2_NSDKLIAR 7 4,DIA12_CV48:20251228_A2_N1_Mueller_MS_TechHub_IMP_THIDDIAXL003_Cas9_PhoX_DIA12_CV48_250ng_FAIMS_002,783870,,,Q99ZW2,,,false,Q99ZW2,Q99ZW2,,false,NSDKLIAR,VLSAYNKHR,1115,1290,4,7,1118,1296,,-1,3,0,1.007276,75.225877
Scan: 1137543 Run: DIA12_CV48:20251228_A2_N1_Mueller_MS_TechHub_IMP_THIDDIAXL003_Cas9_PhoX_DIA12_CV48_250ng_FAIMS_002 P1_LKGSPEDNEQK P2_DDSIDNKVLTR 2 7,DIA12_CV48:20251228_A2_N1_Mueller_MS_TechHub_IMP_THIDDIAXL003_Cas9_PhoX_DIA12_CV48_250ng_FAIMS_002,1137543,,,Q99ZW2,,,false,Q99ZW2,Q99ZW2,,false,DDSIDNKVLTR,LKGSPEDNEQK,849,1245,7,2,855,1246,,-1,3,0,1.007276,75.131214
Scan: 633725 Run: DIA12_CV48:20251228_A2_N1_Mueller_MS_TechHub_IMP_THIDDIAXL003_Cas9_PhoX_DIA12_CV48_250ng_FAIMS_002 P1_SSFEKNPIDFLEAK P2_KTEVQTGGFSK 5 1,DIA12_CV48:20251228_A2_N1_Mueller_MS_TechHub_IMP_THIDDIAXL003_Cas9_PhoX_DIA12_CV48_250ng_FAIMS_002,633725,,,Q99ZW2,,,false,Q99ZW2,Q99ZW2,,false,KTEVQTGGFSK,SSFEKNPIDFLEAK,1097,1172,1,5,1097,1176,,-1,3,0,1.007276,74.706616
Scan: 543911 Run: DIA12_CV48:20251228_A2_N1_Mueller_MS_TechHub_IMP_THIDDIAXL003_Cas9_PhoX_DIA12_CV48_250ng_FAIMS_001 P1_SEQEIGKATAK P2_GKSDNVPSEEVVK 7 2,DIA12_CV48:20251228_A2_N1_Mueller_MS_TechHub_IMP_THIDDIAXL003_Cas9_PhoX_DIA12_CV48_250ng_FAIMS_001,543911,,,Q99ZW2,,,false,Q99ZW2,Q99ZW2,,false,GKSDNVPSEEVVK,SEQEIGKATAK,865,1025,2,7,866,1031,,-1,3,0,1.007276,74.458634
Scan: 245413 Run: DIA12_CV48:20251228_A2_N1_Mueller_MS_TechHub_IMP_THIDDIAXL003_Cas9_PhoX_DIA12_CV48_250ng_FAIMS_001 P1_GKSDNVPSEEVVK P2_FKVLGNTDR 2 2,DIA12_CV48:20251228_A2_N1_Mueller_MS_TechHub_IMP_THIDDIAXL003_Cas9_PhoX_DIA12_CV48_250ng_FAIMS_001,245413,,,Q99ZW2,,,false,Q99ZW2,Q99ZW2,,false,FKVLGNTDR,GKSDNVPSEEVVK,32,865,2,2,33,866,,-1,3,0,1.007276,74.27618
Scan: 1107186 Run: DIA12_CV48:20251228_A2_N1_Mueller_MS_TechHub_IMP_THIDDIAXL003_Cas9_PhoX_DIA12_CV48_250ng_FAIMS_002 P1_ENQTTQKGQK P2_ENQTTQKGQK 7 7,DIA12_CV48:20251228_A2_N1_Mueller_MS_TechHub_IMP_THIDDIAXL003_Cas9_PhoX_DIA12_CV48_250ng_FAIMS_002,1107186,,,Q99ZW2,,,false,Q99ZW2,Q99ZW2,,false,ENQTTQKGQK,ENQTTQKGQK,766,766,7,7,772,772,,-1,3,0,1.007276,74.158124
Scan: 1739514 Run: DIA12_CV48:20251228_A2_N1_Mueller_MS_TechHub_IMP_THIDDIAXL003_Cas9_PhoX_DIA12_CV48_250ng_FAIMS_003 P1_YKEIFFDQSK P2_GKSDNVPSEEVVK 2 2,DIA12_CV48:20251228_A2_N1_Mueller_MS_TechHub_IMP_THIDDIAXL003_Cas9_PhoX_DIA12_CV48_250ng_FAIMS_003,1739514,,,Q99ZW2,,,false,Q99ZW2,Q99ZW2,,false,GKSDNVPSEEVVK,YKEIFFDQSK,865,347,2,2,866,348,,-1,3,0,1.007276,74.088787
Scan: 381529 Run: DIA12_CV48:20251228_A2_N1_Mueller_MS_TechHub_IMP_THIDDIAXL003_Cas9_PhoX_DIA12_CV48_250ng_FAIMS_001 P1_YKEIFFDQSK P2_KPAFLSGEQK 2 1,DIA12_CV48:20251228_A2_N1_Mueller_MS_TechHub_IMP_THIDDIAXL003_Cas9_PhoX_DIA12_CV48_250ng_FAIMS_001,381529,,,Q99ZW2,,,false,Q99ZW2,Q99ZW2,,false,KPAFLSGEQK,YKEIFFDQSK,536,347,1,2,536,348,,-1,3,0,1.007276,74.061359
Scan: 1494193 Run: DIA12_CV48:20251228_A2_N1_Mueller_MS_TechHub_IMP_THIDDIAXL003_Cas9_PhoX_DIA12_CV48_250ng_FAIMS_003 P1_KTEVQTGGFSKESILPK P2_KSEETITPWNFEEVVDK 11 1,DIA12_CV48:20251228_A2_N1_Mueller_MS_TechHub_IMP_THIDDIAXL003_Cas9_PhoX_DIA12_CV48_250ng_FAIMS_003,1494193,,,Q99ZW2,,,false,Q99ZW2,Q99ZW2,,false,KSEETITPWNFEEVVDK,KTEVQTGGFSKESILPK,468,1097,1,11,468,1107,,-1,4,0,1.007276,74.006308
Scan: 549004 Run: DIA12_CV48:20251228_A2_N1_Mueller_MS_TechHub_IMP_THIDDIAXL003_Cas9_PhoX_DIA12_CV48_250ng_FAIMS_001 P1_GKSDNVPSEEVVK P2_GGLSELDKAGFIK 2 8,DIA12_CV48:20251228_A2_N1_Mueller_MS_TechHub_IMP_THIDDIAXL003_Cas9_PhoX_DIA12_CV48_250ng_FAIMS_001,549004,,,Q99ZW2,,,false,Q99ZW2,Q99ZW2,,false,GGLSELDKAGFIK,GKSDNVPSEEVVK,906,865,8,2,913,866,,-1,3,0,1.007276,73.586315
Scan: 1494048 Run: DIA12_CV48:20251228_A2_N1_Mueller_MS_TechHub_IMP_THIDDIAXL003_Cas9_PhoX_DIA12_CV48_250ng_FAIMS_003 P1_TEVQTGGFSKESILPK P2_KSEETITPWNFEEVVDK 10 1,DIA12_CV48:20251228_A2_N1_Mueller_MS_TechHub_IMP_THIDDIAXL003_Cas9_PhoX_DIA12_CV48_250ng_FAIMS_003,1494048,,,Q99ZW2,,,false,Q99ZW2,Q99ZW2,,false,KSEETITPWNFEEVVDK,TEVQTGGFSKESILPK,468,1098,1,10,468,1107,,-1,4,0,1.007276,73.141765
Scan: 1194728 Run: DIA12_CV48:20251228_A2_N1_Mueller_MS_TechHub_IMP_THIDDIAXL003_Cas9_PhoX_DIA12_CV48_250ng_FAIMS_003 P1_YPKLESEFVYGDYK P2_SEQEIGKATAK 3 7,DIA12_CV48:20251228_A2_N1_Mueller_MS_TechHub_IMP_THIDDIAXL003_Cas9_PhoX_DIA12_CV48_250ng_FAIMS_003,1194728,,,Q99ZW2,,,false,Q99ZW2,Q99ZW2,,false,SEQEIGKATAK,YPKLESEFVYGDYK,1025,1001,7,3,1031,1003,,-1,3,0,1.007276,73.125368
Scan: 957809 Run: DIA12_CV48:20251228_A2_N1_Mueller_MS_TechHub_IMP_THIDDIAXL003_Cas9_PhoX_DIA12_CV48_250ng_FAIMS_002 P1_NLPNEKVLPK P2_KPAFLSGEQK 6 1,DIA12_CV48:20251228_A2_N1_Mueller_MS_TechHub_IMP_THIDDIAXL003_Cas9_PhoX_DIA12_CV48_250ng_FAIMS_002,957809,,,Q99ZW2,,,false,Q99ZW2,Q99ZW2,,false,KPAFLSGEQK,NLPNEKVLPK,536,501,1,6,536,506,,-1,3,0,1.007276,73.052169
Scan: 385705 Run: DIA12_CV48:20251228_A2_N1_Mueller_MS_TechHub_IMP_THIDDIAXL003_Cas9_PhoX_DIA12_CV48_250ng_FAIMS_001 P1_KPAFLSGEQK P2_AIVDLLFKTNR 1 8,DIA12_CV48:20251228_A2_N1_Mueller_MS_TechHub_IMP_THIDDIAXL003_Cas9_PhoX_DIA12_CV48_250ng_FAIMS_001,385705,,,Q99ZW2,,,false,Q99ZW2,Q99ZW2,,false,AIVDLLFKTNR,KPAFLSGEQK,547,536,8,1,554,536,,-1,3,0,1.007276,72.981561
Scan: 689665 Run: DIA12_CV48:20251228_A2_N1_Mueller_MS_TechHub_IMP_THIDDIAXL003_Cas9_PhoX_DIA12_CV48_250ng_FAIMS_002 P1_NSDKLIAR P2_ENQTTQKGQK 4 7,DIA12_CV48:20251228_A2_N1_Mueller_MS_TechHub_IMP_THIDDIAXL003_Cas9_PhoX_DIA12_CV48_250ng_FAIMS_002,689665,,,Q99ZW2,,,false,Q99ZW2,Q99ZW2,,false,ENQTTQKGQK,NSDKLIAR,766,1115,7,4,772,1118,,-1,3,0,1.007276,72.897991
Scan: 1260216 Run: DIA12_CV48:20251228_A2_N1_Mueller_MS_TechHub_IMP_THIDDIAXL003_Cas9_PhoX_DIA12_CV48_250ng_FAIMS_003 P1_TEVQTGGFSKESILPK P2_KYGGFDSPTVAYSVLVVAK 10 1,DIA12_CV48:20251228_A2_N1_Mueller_MS_TechHub_IMP_THIDDIAXL003_Cas9_PhoX_DIA12_CV48_250ng_FAIMS_003,1260216,,,Q99ZW2,,,false,Q99ZW2,Q99ZW2,,false,KYGGFDSPTVAYSVLVVAK,TEVQTGGFSKESILPK,1130,1098,1,10,1130,1107,,-1,4,0,1.007276,72.61074
Scan: 118140 Run: DIA12_CV48:20251228_A2_N1_Mueller_MS_TechHub_IMP_THIDDIAXL003_Cas9_PhoX_DIA12_CV48_250ng_FAIMS_001 P1_SSFEKNPIDFLEAK P2_KPAFLSGEQK 5 1,DIA12_CV48:20251228_A2_N1_Mueller_MS_TechHub_IMP_THIDDIAXL003_Cas9_PhoX_DIA12_CV48_250ng_FAIMS_001,118140,,,Q99ZW2,,,false,Q99ZW2,Q99ZW2,,false,KPAFLSGEQK,SSFEKNPIDFLEAK,536,1172,1,5,536,1176,,-1,3,0,1.007276,72.591968
Scan: 873167 Run: DIA12_CV48:20251228_A2_N1_Mueller_MS_TechHub_IMP_THIDDIAXL003_Cas9_PhoX_DIA12_CV48_250ng_FAIMS_002 P1_YKEIFFDQSK P2_FIKPILEK 2 3,DIA12_CV48:20251228_A2_N1_Mueller_MS_TechHub_IMP_THIDDIAXL003_Cas9_PhoX_DIA12_CV48_250ng_FAIMS_002,873167,,,Q99ZW2,,,false,Q99ZW2,Q99ZW2,,false,FIKPILEK,YKEIFFDQSK,375,347,3,2,377,348,,-1,3,0,1.007276,72.414099
Scan: 62759 Run: DIA12_CV48:20251228_A2_N1_Mueller_MS_TechHub_IMP_THIDDIAXL003_Cas9_PhoX_DIA12_CV48_250ng_FAIMS_001 P1_TEVQTGGFSKESILPK P2_RNSDKLIAR 10 5,DIA12_CV48:20251228_A2_N1_Mueller_MS_TechHub_IMP_THIDDIAXL003_Cas9_PhoX_DIA12_CV48_250ng_FAIMS_001,62759,,,Q99ZW2,,,false,Q99ZW2,Q99ZW2,,false,RNSDKLIAR,TEVQTGGFSKESILPK,1114,1098,5,10,1118,1107,,-1,4,0,1.007276,72.412238
Scan: 376712 Run: DIA12_CV48:20251228_A2_N1_Mueller_MS_TechHub_IMP_THIDDIAXL003_Cas9_PhoX_DIA12_CV48_250ng_FAIMS_001 P1_SEQEIGKATAK P2_KPAFLSGEQK 7 1,DIA12_CV48:20251228_A2_N1_Mueller_MS_TechHub_IMP_THIDDIAXL003_Cas9_PhoX_DIA12_CV48_250ng_FAIMS_001,376712,,,Q99ZW2,,,false,Q99ZW2,Q99ZW2,,false,KPAFLSGEQK,SEQEIGKATAK,536,1025,1,7,536,1031,,-1,3,0,1.007276,72.330787
Scan: 86692 Run: DIA12_CV48:20251228_A2_N1_Mueller_MS_TechHub_IMP_THIDDIAXL003_Cas9_PhoX_DIA12_CV48_250ng_FAIMS_001 P1_NSDKLIAR P2_LKGSPEDNEQK 4 2,DIA12_CV48:20251228_A2_N1_Mueller_MS_TechHub_IMP_THIDDIAXL003_Cas9_PhoX_DIA12_CV48_250ng_FAIMS_001,86692,,,Q99ZW2,,,false,Q99ZW2,Q99ZW2,,false,LKGSPEDNEQK,NSDKLIAR,1245,1115,2,4,1246,1118,,-1,3,0,1.007276,72.00278
Scan: 737327 Run: DIA12_CV48:20251228_A2_N1_Mueller_MS_TechHub_IMP_THIDDIAXL003_Cas9_PhoX_DIA12_CV48_250ng_FAIMS_002 P1_TEVQTGGFSKESILPK P2_DLIIKLPK 10 5,DIA12_CV48:20251228_A2_N1_Mueller_MS_TechHub_IMP_THIDDIAXL003_Cas9_PhoX_DIA12_CV48_250ng_FAIMS_002,737327,,,Q99ZW2,,,false,Q99ZW2,Q99ZW2,,false,DLIIKLPK,TEVQTGGFSKESILPK,1193,1098,5,10,1197,1107,,-1,3,0,1.007276,71.80212
Scan: 1740349 Run: DIA12_CV48:20251228_A2_N1_Mueller_MS_TechHub_IMP_THIDDIAXL003_Cas9_PhoX_DIA12_CV48_250ng_FAIMS_003 P1_KPAFLSGEQK P2_GKSDNVPSEEVVK 1 2,DIA12_CV48:20251228_A2_N1_Mueller_MS_TechHub_IMP_THIDDIAXL003_Cas9_PhoX_DIA12_CV48_250ng_FAIMS_003,1740349,,,Q99ZW2,,,false,Q99ZW2,Q99ZW2,,false,GKSDNVPSEEVVK,KPAFLSGEQK,865,536,2,1,866,536,,-1,3,0,1.007276,71.550354
Scan: 586104 Run: DIA12_CV48:20251228_A2_N1_Mueller_MS_TechHub_IMP_THIDDIAXL003_Cas9_PhoX_DIA12_CV48_250ng_FAIMS_001 P1_YDENDKLIR P2_IEKILTFR 6 3,DIA12_CV48:20251228_A2_N1_Mueller_MS_TechHub_IMP_THIDDIAXL003_Cas9_PhoX_DIA12_CV48_250ng_FAIMS_001,586104,,,Q99ZW2,,,false,Q99ZW2,Q99ZW2,,false,IEKILTFR,YDENDKLIR,440,943,3,6,442,948,,-1,3,0,1.007276,71.43474
Scan: 1107888 Run: DIA12_CV48:20251228_A2_N1_Mueller_MS_TechHub_IMP_THIDDIAXL003_Cas9_PhoX_DIA12_CV48_250ng_FAIMS_002 P1_ENQTTQKGQK P2_DFQFYKVR 7 6,DIA12_CV48:20251228_A2_N1_Mueller_MS_TechHub_IMP_THIDDIAXL003_Cas9_PhoX_DIA12_CV48_250ng_FAIMS_002,1107888,,,Q99ZW2,,,false,Q99ZW2,Q99ZW2,,false,DFQFYKVR,ENQTTQKGQK,969,766,6,7,974,772,,-1,3,0,1.007276,71.40026
Scan: 404566 Run: DIA12_CV48:20251228_A2_N1_Mueller_MS_TechHub_IMP_THIDDIAXL003_Cas9_PhoX_DIA12_CV48_250ng_FAIMS_001 P1_KPAFLSGEQK P2_KAIVDLLFK 1 1,DIA12_CV48:20251228_A2_N1_Mueller_MS_TechHub_IMP_THIDDIAXL003_Cas9_PhoX_DIA12_CV48_250ng_FAIMS_001,404566,,,Q99ZW2,,,false,Q99ZW2,Q99ZW2,,false,KAIVDLLFK,KPAFLSGEQK,546,536,1,1,546,536,,-1,3,0,1.007276,71.206485
Scan: 974764 Run: DIA12_CV48:20251228_A2_N1_Mueller_MS_TechHub_IMP_THIDDIAXL003_Cas9_PhoX_DIA12_CV48_250ng_FAIMS_002 P1_NSDKLIAR P2_KPAFLSGEQK 4 1,DIA12_CV48:20251228_A2_N1_Mueller_MS_TechHub_IMP_THIDDIAXL003_Cas9_PhoX_DIA12_CV48_250ng_FAIMS_002,974764,,,Q99ZW2,,,false,Q99ZW2,Q99ZW2,,false,KPAFLSGEQK,NSDKLIAR,536,1115,1,4,536,1118,,-1,3,0,1.007276,71.095471
Scan: 142351 Run: DIA12_CV48:20251228_A2_N1_Mueller_MS_TechHub_IMP_THIDDIAXL003_Cas9_PhoX_DIA12_CV48_250ng_FAIMS_001 P1_LPKYSLFELENGR P2_KTEVQTGGFSKESILPK 3 11,DIA12_CV48:20251228_A2_N1_Mueller_MS_TechHub_IMP_THIDDIAXL003_Cas9_PhoX_DIA12_CV48_250ng_FAIMS_001,142351,,,Q99ZW2,,,false,Q99ZW2,Q99ZW2,,false,KTEVQTGGFSKESILPK,LPKYSLFELENGR,1097,1198,11,3,1107,1200,,-1,4,0,1.007276,71.091284
Scan: 1141366 Run: DIA12_CV48:20251228_A2_N1_Mueller_MS_TechHub_IMP_THIDDIAXL003_Cas9_PhoX_DIA12_CV48_250ng_FAIMS_002 P1_KTEVQTGGFSK P2_GKSDNVPSEEVVK 1 2,DIA12_CV48:20251228_A2_N1_Mueller_MS_TechHub_IMP_THIDDIAXL003_Cas9_PhoX_DIA12_CV48_250ng_FAIMS_002,1141366,,,Q99ZW2,,,false,Q99ZW2,Q99ZW2,,false,GKSDNVPSEEVVK,KTEVQTGGFSK,865,1097,2,1,866,1097,,-1,3,0,1.007276,71.073534
Scan: 35559 Run: DIA12_CV48:20251228_A2_N1_Mueller_MS_TechHub_IMP_THIDDIAXL003_Cas9_PhoX_DIA12_CV48_250ng_FAIMS_001 P1_SEQEIGKATAK P2_KTEVQTGGFSK 7 1,DIA12_CV48:20251228_A2_N1_Mueller_MS_TechHub_IMP_THIDDIAXL003_Cas9_PhoX_DIA12_CV48_250ng_FAIMS_001,35559,,,Q99ZW2,,,false,Q99ZW2,Q99ZW2,,false,KTEVQTGGFSK,SEQEIGKATAK,1097,1025,1,7,1097,1031,,-1,3,0,1.007276,71.050915
Scan: 636395 Run: DIA12_CV48:20251228_A2_N1_Mueller_MS_TechHub_IMP_THIDDIAXL003_Cas9_PhoX_DIA12_CV48_250ng_FAIMS_002 P1_KTEVQTGGFSK P2_KPAFLSGEQK 1 1,DIA12_CV48:20251228_A2_N1_Mueller_MS_TechHub_IMP_THIDDIAXL003_Cas9_PhoX_DIA12_CV48_250ng_FAIMS_002,636395,,,Q99ZW2,,,false,Q99ZW2,Q99ZW2,,false,KPAFLSGEQK,KTEVQTGGFSK,536,1097,1,1,536,1097,,-1,3,0,1.007276,71.007827
Scan: 1780311 Run: DIA12_CV48:20251228_A2_N1_Mueller_MS_TechHub_IMP_THIDDIAXL003_Cas9_PhoX_DIA12_CV48_250ng_FAIMS_003 P1_YDENDKLIR P2_IEKILTFR 6 3,DIA12_CV48:20251228_A2_N1_Mueller_MS_TechHub_IMP_THIDDIAXL003_Cas9_PhoX_DIA12_CV48_250ng_FAIMS_003,1780311,,,Q99ZW2,,,false,Q99ZW2,Q99ZW2,,false,IEKILTFR,YDENDKLIR,440,943,3,6,442,948,,-1,4,0,1.007276,70.944303
Scan: 1140096 Run: DIA12_CV48:20251228_A2_N1_Mueller_MS_TechHub_IMP_THIDDIAXL003_Cas9_PhoX_DIA12_CV48_250ng_FAIMS_002 P1_KDFQFYK P2_DDSIDNKVLTR 1 7,DIA12_CV48:20251228_A2_N1_Mueller_MS_TechHub_IMP_THIDDIAXL003_Cas9_PhoX_DIA12_CV48_250ng_FAIMS_002,1140096,,,Q99ZW2,,,false,Q99ZW2,Q99ZW2,,false,DDSIDNKVLTR,KDFQFYK,849,968,7,1,855,968,,-1,3,0,1.007276,70.866747
Scan: 66749 Run: DIA12_CV48:20251228_A2_N1_Mueller_MS_TechHub_IMP_THIDDIAXL003_Cas9_PhoX_DIA12_CV48_250ng_FAIMS_001 P1_SSFEKNPIDFLEAK P2_KTEVQTGGFSKESILPK 5 11,DIA12_CV48:20251228_A2_N1_Mueller_MS_TechHub_IMP_THIDDIAXL003_Cas9_PhoX_DIA12_CV48_250ng_FAIMS_001,66749,,,Q99ZW2,,,false,Q99ZW2,Q99ZW2,,false,KTEVQTGGFSKESILPK,SSFEKNPIDFLEAK,1097,1172,11,5,1107,1176,,-1,5,0,1.007276,70.774208
Scan: 1682886 Run: DIA12_CV48:20251228_A2_N1_Mueller_MS_TechHub_IMP_THIDDIAXL003_Cas9_PhoX_DIA12_CV48_250ng_FAIMS_003 P1_KTEVQTGGFSKESILPK P2_GILQTVKVVDELVK 11 7,DIA12_CV48:20251228_A2_N1_Mueller_MS_TechHub_IMP_THIDDIAXL003_Cas9_PhoX_DIA12_CV48_250ng_FAIMS_003,1682886,,,Q99ZW2,,,false,Q99ZW2,Q99ZW2,,false,GILQTVKVVDELVK,KTEVQTGGFSKESILPK,736,1097,7,11,742,1107,,-1,4,0,1.007276,70.763935
Scan: 1329646 Run: DIA12_CV48:20251228_A2_N1_Mueller_MS_TechHub_IMP_THIDDIAXL003_Cas9_PhoX_DIA12_CV48_250ng_FAIMS_003 P1_KDLIIK P2_GYKEVK 1 3,DIA12_CV48:20251228_A2_N1_Mueller_MS_TechHub_IMP_THIDDIAXL003_Cas9_PhoX_DIA12_CV48_250ng_FAIMS_003,1329646,,,Q99ZW2,,,false,Q99ZW2,Q99ZW2,,false,GYKEVK,KDLIIK,1186,1192,3,1,1188,1192,,-1,3,0,1.007276,70.486089
Scan: 1749831 Run: DIA12_CV48:20251228_A2_N1_Mueller_MS_TechHub_IMP_THIDDIAXL003_Cas9_PhoX_DIA12_CV48_250ng_FAIMS_003 P1_SDNVPSEEVVKK P2_NSDKLIAR 11 4,DIA12_CV48:20251228_A2_N1_Mueller_MS_TechHub_IMP_THIDDIAXL003_Cas9_PhoX_DIA12_CV48_250ng_FAIMS_003,1749831,,,Q99ZW2,,,false,Q99ZW2,Q99ZW2,,false,NSDKLIAR,SDNVPSEEVVKK,1115,867,4,11,1118,877,,-1,3,0,1.007276,70.411604
Scan: 259892 Run: DIA12_CV48:20251228_A2_N1_Mueller_MS_TechHub_IMP_THIDDIAXL003_Cas9_PhoX_DIA12_CV48_250ng_FAIMS_001 P1_YKEIFFDQSK P2_FNASLGTYHDLLKIIK 2 13,DIA12_CV48:20251228_A2_N1_Mueller_MS_TechHub_IMP_THIDDIAXL003_Cas9_PhoX_DIA12_CV48_250ng_FAIMS_001,259892,,,Q99ZW2,,,false,Q99ZW2,Q99ZW2,,false,FNASLGTYHDLLKIIK,YKEIFFDQSK,587,347,13,2,599,348,,-1,4,0,1.007276,70.392766
Scan: 415262 Run: DIA12_CV48:20251228_A2_N1_Mueller_MS_TechHub_IMP_THIDDIAXL003_Cas9_PhoX_DIA12_CV48_250ng_FAIMS_001 P1_KPAFLSGEQK P2_KIECFDSVEISGVEDR 1 1,DIA12_CV48:20251228_A2_N1_Mueller_MS_TechHub_IMP_THIDDIAXL003_Cas9_PhoX_DIA12_CV48_250ng_FAIMS_001,415262,,,Q99ZW2,,,false,Q99ZW2,Q99ZW2,,false,KIECFDSVEISGVEDR,KPAFLSGEQK,571,536,1,1,571,536,,-1,3,0,1.007276,70.351881
Scan: 94744 Run: DIA12_CV48:20251228_A2_N1_Mueller_MS_TechHub_IMP_THIDDIAXL003_Cas9_PhoX_DIA12_CV48_250ng_FAIMS_001 P1_KKDWDPK P2_ESILPKR 1 6,DIA12_CV48:20251228_A2_N1_Mueller_MS_TechHub_IMP_THIDDIAXL003_Cas9_PhoX_DIA12_CV48_250ng_FAIMS_001,94744,,,Q99ZW2,,,false,Q99ZW2,Q99ZW2,,false,ESILPKR,KKDWDPK,1108,1123,6,1,1113,1123,,-1,3,0,1.007276,70.209281
Scan: 986889 Run: DIA12_CV48:20251228_A2_N1_Mueller_MS_TechHub_IMP_THIDDIAXL003_Cas9_PhoX_DIA12_CV48_250ng_FAIMS_002 P1_YDENDKLIR P2_KPAFLSGEQK 6 1,DIA12_CV48:20251228_A2_N1_Mueller_MS_TechHub_IMP_THIDDIAXL003_Cas9_PhoX_DIA12_CV48_250ng_FAIMS_002,986889,,,Q99ZW2,,,false,Q99ZW2,Q99ZW2,,false,KPAFLSGEQK,YDENDKLIR,536,943,1,6,536,948,,-1,3,0,1.007276,70.195364
Scan: 1276131 Run: DIA12_CV48:20251228_A2_N1_Mueller_MS_TechHub_IMP_THIDDIAXL003_Cas9_PhoX_DIA12_CV48_250ng_FAIMS_003 P1_TEVQTGGFSKESILPK P2_NSDKLIAR 10 4,DIA12_CV48:20251228_A2_N1_Mueller_MS_TechHub_IMP_THIDDIAXL003_Cas9_PhoX_DIA12_CV48_250ng_FAIMS_003,1276131,,,Q99ZW2,,,false,Q99ZW2,Q99ZW2,,false,NSDKLIAR,TEVQTGGFSKESILPK,1115,1098,4,10,1118,1107,,-1,3,0,1.007276,70.133627
Scan: 365326 Run: DIA12_CV48:20251228_A2_N1_Mueller_MS_TechHub_IMP_THIDDIAXL003_Cas9_PhoX_DIA12_CV48_250ng_FAIMS_001 P1_VLPKHSLLYEYFTVYNELTK P2_GKSDNVPSEEVVK 4 2,DIA12_CV48:20251228_A2_N1_Mueller_MS_TechHub_IMP_THIDDIAXL003_Cas9_PhoX_DIA12_CV48_250ng_FAIMS_001,365326,,,Q99ZW2,,,false,Q99ZW2,Q99ZW2,,false,GKSDNVPSEEVVK,VLPKHSLLYEYFTVYNELTK,865,507,2,4,866,510,,-1,4,0,1.007276,69.875795
Scan: 1556979 Run: DIA12_CV48:20251228_A2_N1_Mueller_MS_TechHub_IMP_THIDDIAXL003_Cas9_PhoX_DIA12_CV48_250ng_FAIMS_003 P1_YKEIFFDQSK P2_VLPKHSLLYEYFTVYNELTK 2 4,DIA12_CV48:20251228_A2_N1_Mueller_MS_TechHub_IMP_THIDDIAXL003_Cas9_PhoX_DIA12_CV48_250ng_FAIMS_003,1556979,,,Q99ZW2,,,false,Q99ZW2,Q99ZW2,,false,VLPKHSLLYEYFTVYNELTK,YKEIFFDQSK,507,347,4,2,510,348,,-1,4,0,1.007276,69.866268
Scan: 1275781 Run: DIA12_CV48:20251228_A2_N1_Mueller_MS_TechHub_IMP_THIDDIAXL003_Cas9_PhoX_DIA12_CV48_250ng_FAIMS_003 P1_NSDKLIAR P2_KTEVQTGGFSK 4 1,DIA12_CV48:20251228_A2_N1_Mueller_MS_TechHub_IMP_THIDDIAXL003_Cas9_PhoX_DIA12_CV48_250ng_FAIMS_003,1275781,,,Q99ZW2,,,false,Q99ZW2,Q99ZW2,,false,KTEVQTGGFSK,NSDKLIAR,1097,1115,1,4,1097,1118,,-1,3,0,1.007276,69.865435
Scan: 1107074 Run: DIA12_CV48:20251228_A2_N1_Mueller_MS_TechHub_IMP_THIDDIAXL003_Cas9_PhoX_DIA12_CV48_250ng_FAIMS_002 P1_KGILQTVK P2_ENQTTQKGQK 1 7,DIA12_CV48:20251228_A2_N1_Mueller_MS_TechHub_IMP_THIDDIAXL003_Cas9_PhoX_DIA12_CV48_250ng_FAIMS_002,1107074,,,Q99ZW2,,,false,Q99ZW2,Q99ZW2,,false,ENQTTQKGQK,KGILQTVK,766,735,7,1,772,735,,-1,3,0,1.007276,69.765284
Scan: 1024587 Run: DIA12_CV48:20251228_A2_N1_Mueller_MS_TechHub_IMP_THIDDIAXL003_Cas9_PhoX_DIA12_CV48_250ng_FAIMS_002 P1_TEVQTGGFSKESILPK P2_KLINGIR 10 1,DIA12_CV48:20251228_A2_N1_Mueller_MS_TechHub_IMP_THIDDIAXL003_Cas9_PhoX_DIA12_CV48_250ng_FAIMS_002,1024587,,,Q99ZW2,,,false,Q99ZW2,Q99ZW2,,false,KLINGIR,TEVQTGGFSKESILPK,665,1098,1,10,665,1107,,-1,4,0,1.007276,69.721593
Scan: 1702659 Run: DIA12_CV48:20251228_A2_N1_Mueller_MS_TechHub_IMP_THIDDIAXL003_Cas9_PhoX_DIA12_CV48_250ng_FAIMS_003 P1_SEQEIGKATAK P2_ENQTTQKGQK 7 7,DIA12_CV48:20251228_A2_N1_Mueller_MS_TechHub_IMP_THIDDIAXL003_Cas9_PhoX_DIA12_CV48_250ng_FAIMS_003,1702659,,,Q99ZW2,,,false,Q99ZW2,Q99ZW2,,false,ENQTTQKGQK,SEQEIGKATAK,766,1025,7,7,772,1031,,-1,3,0,1.007276,69.708144
Scan: 1623110 Run: DIA12_CV48:20251228_A2_N1_Mueller_MS_TechHub_IMP_THIDDIAXL003_Cas9_PhoX_DIA12_CV48_250ng_FAIMS_003 P1_KLINGIR P2_DLIIKLPK 1 5,DIA12_CV48:20251228_A2_N1_Mueller_MS_TechHub_IMP_THIDDIAXL003_Cas9_PhoX_DIA12_CV48_250ng_FAIMS_003,1623110,,,Q99ZW2,,,false,Q99ZW2,Q99ZW2,,false,DLIIKLPK,KLINGIR,1193,665,5,1,1197,665,,-1,4,0,1.007276,69.700446
Scan: 136486 Run: DIA12_CV48:20251228_A2_N1_Mueller_MS_TechHub_IMP_THIDDIAXL003_Cas9_PhoX_DIA12_CV48_250ng_FAIMS_001 P1_KDLIIK P2_DKQSGK 1 2,DIA12_CV48:20251228_A2_N1_Mueller_MS_TechHub_IMP_THIDDIAXL003_Cas9_PhoX_DIA12_CV48_250ng_FAIMS_001,136486,,,Q99ZW2,,,false,Q99ZW2,Q99ZW2,,false,DKQSGK,KDLIIK,672,1192,2,1,673,1192,,-1,3,0,1.007276,69.574973
Scan: 853128 Run: DIA12_CV48:20251228_A2_N1_Mueller_MS_TechHub_IMP_THIDDIAXL003_Cas9_PhoX_DIA12_CV48_250ng_FAIMS_002 P1_YKEIFFDQSK P2_LVDSTDKADLR 2 7,DIA12_CV48:20251228_A2_N1_Mueller_MS_TechHub_IMP_THIDDIAXL003_Cas9_PhoX_DIA12_CV48_250ng_FAIMS_002,853128,,,Q99ZW2,,,false,Q99ZW2,Q99ZW2,,false,LVDSTDKADLR,YKEIFFDQSK,142,347,7,2,148,348,,-1,3,0,1.007276,69.542222
Scan: 840751 Run: DIA12_CV48:20251228_A2_N1_Mueller_MS_TechHub_IMP_THIDDIAXL003_Cas9_PhoX_DIA12_CV48_250ng_FAIMS_002 P1_NLPNEKVLPK P2_FKVLGNTDR 6 2,DIA12_CV48:20251228_A2_N1_Mueller_MS_TechHub_IMP_THIDDIAXL003_Cas9_PhoX_DIA12_CV48_250ng_FAIMS_002,840751,,,Q99ZW2,,,false,Q99ZW2,Q99ZW2,,false,FKVLGNTDR,NLPNEKVLPK,32,501,2,6,33,506,,-1,3,0,1.007276,69.521419
Scan: 227436 Run: DIA12_CV48:20251228_A2_N1_Mueller_MS_TechHub_IMP_THIDDIAXL003_Cas9_PhoX_DIA12_CV48_250ng_FAIMS_001 P1_SNFDLAEDAKLQLSK P2_FIKPILEK 10 3,DIA12_CV48:20251228_A2_N1_Mueller_MS_TechHub_IMP_THIDDIAXL003_Cas9_PhoX_DIA12_CV48_250ng_FAIMS_001,227436,,,Q99ZW2,,,false,Q99ZW2,Q99ZW2,,false,FIKPILEK,SNFDLAEDAKLQLSK,375,254,3,10,377,263,,-1,3,0,1.007276,69.504097
Scan: 509448 Run: DIA12_CV48:20251228_A2_N1_Mueller_MS_TechHub_IMP_THIDDIAXL003_Cas9_PhoX_DIA12_CV48_250ng_FAIMS_001 P1_YKEIFFDQSK P2_ENQTTQKGQK 2 7,DIA12_CV48:20251228_A2_N1_Mueller_MS_TechHub_IMP_THIDDIAXL003_Cas9_PhoX_DIA12_CV48_250ng_FAIMS_001,509448,,,Q99ZW2,,,false,Q99ZW2,Q99ZW2,,false,ENQTTQKGQK,YKEIFFDQSK,766,347,7,2,772,348,,-1,3,0,1.007276,69.480671
Scan: 1436547 Run: DIA12_CV48:20251228_A2_N1_Mueller_MS_TechHub_IMP_THIDDIAXL003_Cas9_PhoX_DIA12_CV48_250ng_FAIMS_003 P1_LVDSTDKADLR P2_FKVLGNTDR 7 2,DIA12_CV48:20251228_A2_N1_Mueller_MS_TechHub_IMP_THIDDIAXL003_Cas9_PhoX_DIA12_CV48_250ng_FAIMS_003,1436547,,,Q99ZW2,,,false,Q99ZW2,Q99ZW2,,false,FKVLGNTDR,LVDSTDKADLR,32,142,2,7,33,148,,-1,3,0,1.007276,69.388172
Scan: 1704682 Run: DIA12_CV48:20251228_A2_N1_Mueller_MS_TechHub_IMP_THIDDIAXL003_Cas9_PhoX_DIA12_CV48_250ng_FAIMS_003 P1_SKLVSDFR P2_ENQTTQKGQK 2 7,DIA12_CV48:20251228_A2_N1_Mueller_MS_TechHub_IMP_THIDDIAXL003_Cas9_PhoX_DIA12_CV48_250ng_FAIMS_003,1704682,,,Q99ZW2,,,false,Q99ZW2,Q99ZW2,,false,ENQTTQKGQK,SKLVSDFR,766,960,7,2,772,961,,-1,3,0,1.007276,69.340269
Scan: 145426 Run: DIA12_CV48:20251228_A2_N1_Mueller_MS_TechHub_IMP_THIDDIAXL003_Cas9_PhoX_DIA12_CV48_250ng_FAIMS_001 P1_LPKYSLFELENGR P2_FKVLGNTDR 3 2,DIA12_CV48:20251228_A2_N1_Mueller_MS_TechHub_IMP_THIDDIAXL003_Cas9_PhoX_DIA12_CV48_250ng_FAIMS_001,145426,,,Q99ZW2,,,false,Q99ZW2,Q99ZW2,,false,FKVLGNTDR,LPKYSLFELENGR,32,1198,2,3,33,1200,,-1,3,0,1.007276,69.284422
Scan: 635493 Run: DIA12_CV48:20251228_A2_N1_Mueller_MS_TechHub_IMP_THIDDIAXL003_Cas9_PhoX_DIA12_CV48_250ng_FAIMS_002 P1_YKEIFFDQSK P2_KTEVQTGGFSK 2 1,DIA12_CV48:20251228_A2_N1_Mueller_MS_TechHub_IMP_THIDDIAXL003_Cas9_PhoX_DIA12_CV48_250ng_FAIMS_002,635493,,,Q99ZW2,,,false,Q99ZW2,Q99ZW2,,false,KTEVQTGGFSK,YKEIFFDQSK,1097,347,1,2,1097,348,,-1,3,0,1.007276,69.234277
Scan: 443836 Run: DIA12_CV48:20251228_A2_N1_Mueller_MS_TechHub_IMP_THIDDIAXL003_Cas9_PhoX_DIA12_CV48_250ng_FAIMS_001 P1_TILDFLKSDGFANR P2_FKVLGNTDR 7 2,DIA12_CV48:20251228_A2_N1_Mueller_MS_TechHub_IMP_THIDDIAXL003_Cas9_PhoX_DIA12_CV48_250ng_FAIMS_001,443836,,,Q99ZW2,,,false,Q99ZW2,Q99ZW2,,false,FKVLGNTDR,TILDFLKSDGFANR,32,678,2,7,33,684,,-1,3,0,1.007276,69.149036
Scan: 1007505 Run: DIA12_CV48:20251228_A2_N1_Mueller_MS_TechHub_IMP_THIDDIAXL003_Cas9_PhoX_DIA12_CV48_250ng_FAIMS_002 P1_KVTVK P2_KVTVK 1 1,DIA12_CV48:20251228_A2_N1_Mueller_MS_TechHub_IMP_THIDDIAXL003_Cas9_PhoX_DIA12_CV48_250ng_FAIMS_002,1007505,,,Q99ZW2,,,false,Q99ZW2,Q99ZW2,,false,KVTVK,KVTVK,558,558,1,1,558,558,,-1,2,0,1.007276,69.134056
Scan: 741111 Run: DIA12_CV48:20251228_A2_N1_Mueller_MS_TechHub_IMP_THIDDIAXL003_Cas9_PhoX_DIA12_CV48_250ng_FAIMS_002 P1_LPKYSLFELENGR P2_KYGGFDSPTVAYSVLVVAK 3 1,DIA12_CV48:20251228_A2_N1_Mueller_MS_TechHub_IMP_THIDDIAXL003_Cas9_PhoX_DIA12_CV48_250ng_FAIMS_002,741111,,,Q99ZW2,,,false,Q99ZW2,Q99ZW2,,false,KYGGFDSPTVAYSVLVVAK,LPKYSLFELENGR,1130,1198,1,3,1130,1200,,-1,4,0,1.007276,69.124897
Scan: 97178 Run: DIA12_CV48:20251228_A2_N1_Mueller_MS_TechHub_IMP_THIDDIAXL003_Cas9_PhoX_DIA12_CV48_250ng_FAIMS_001 P1_KKDWDPK P2_ESILPKR 2 6,DIA12_CV48:20251228_A2_N1_Mueller_MS_TechHub_IMP_THIDDIAXL003_Cas9_PhoX_DIA12_CV48_250ng_FAIMS_001,97178,,,Q99ZW2,,,false,Q99ZW2,Q99ZW2,,false,ESILPKR,KKDWDPK,1108,1123,6,2,1113,1124,,-1,3,0,1.007276,69.113682
Scan: 147061 Run: DIA12_CV48:20251228_A2_N1_Mueller_MS_TechHub_IMP_THIDDIAXL003_Cas9_PhoX_DIA12_CV48_250ng_FAIMS_001 P1_SKLVSDFR P2_LPKYSLFELENGR 2 3,DIA12_CV48:20251228_A2_N1_Mueller_MS_TechHub_IMP_THIDDIAXL003_Cas9_PhoX_DIA12_CV48_250ng_FAIMS_001,147061,,,Q99ZW2,,,false,Q99ZW2,Q99ZW2,,false,LPKYSLFELENGR,SKLVSDFR,1198,960,3,2,1200,961,,-1,3,0,1.007276,69.105784
Scan: 1216661 Run: DIA12_CV48:20251228_A2_N1_Mueller_MS_TechHub_IMP_THIDDIAXL003_Cas9_PhoX_DIA12_CV48_250ng_FAIMS_003 P1_KSEETITPWNFEEVVDK P2_KRPLIETNGETGEIVWDK 1 1,DIA12_CV48:20251228_A2_N1_Mueller_MS_TechHub_IMP_THIDDIAXL003_Cas9_PhoX_DIA12_CV48_250ng_FAIMS_003,1216661,,,Q99ZW2,,,false,Q99ZW2,Q99ZW2,,false,KRPLIETNGETGEIVWDK,KSEETITPWNFEEVVDK,1059,468,1,1,1059,468,,-1,4,0,1.007276,69.031788
Scan: 254344 Run: DIA12_CV48:20251228_A2_N1_Mueller_MS_TechHub_IMP_THIDDIAXL003_Cas9_PhoX_DIA12_CV48_250ng_FAIMS_001 P1_YKEIFFDQSK P2_NSDKLIAR 2 4,DIA12_CV48:20251228_A2_N1_Mueller_MS_TechHub_IMP_THIDDIAXL003_Cas9_PhoX_DIA12_CV48_250ng_FAIMS_001,254344,,,Q99ZW2,,,false,Q99ZW2,Q99ZW2,,false,NSDKLIAR,YKEIFFDQSK,1115,347,4,2,1118,348,,-1,3,0,1.007276,68.906895
Scan: 510323 Run: DIA12_CV48:20251228_A2_N1_Mueller_MS_TechHub_IMP_THIDDIAXL003_Cas9_PhoX_DIA12_CV48_250ng_FAIMS_001 P1_ENQTTQKGQK P2_AGFIKR 7 5,DIA12_CV48:20251228_A2_N1_Mueller_MS_TechHub_IMP_THIDDIAXL003_Cas9_PhoX_DIA12_CV48_250ng_FAIMS_001,510323,,,Q99ZW2,,,false,Q99ZW2,Q99ZW2,,false,AGFIKR,ENQTTQKGQK,914,766,5,7,918,772,,-1,3,0,1.007276,68.756622
Scan: 1209831 Run: DIA12_CV48:20251228_A2_N1_Mueller_MS_TechHub_IMP_THIDDIAXL003_Cas9_PhoX_DIA12_CV48_250ng_FAIMS_003 P1_YKEIFFDQSK P2_SEQEIGKATAK 2 7,DIA12_CV48:20251228_A2_N1_Mueller_MS_TechHub_IMP_THIDDIAXL003_Cas9_PhoX_DIA12_CV48_250ng_FAIMS_003,1209831,,,Q99ZW2,,,false,Q99ZW2,Q99ZW2,,false,SEQEIGKATAK,YKEIFFDQSK,1025,347,7,2,1031,348,,-1,3,0,1.007276,68.737186
Scan: 428947 Run: DIA12_CV48:20251228_A2_N1_Mueller_MS_TechHub_IMP_THIDDIAXL003_Cas9_PhoX_DIA12_CV48_250ng_FAIMS_001 P1_KLINGIR P2_DLIIKLPK 1 5,DIA12_CV48:20251228_A2_N1_Mueller_MS_TechHub_IMP_THIDDIAXL003_Cas9_PhoX_DIA12_CV48_250ng_FAIMS_001,428947,,,Q99ZW2,,,false,Q99ZW2,Q99ZW2,,false,DLIIKLPK,KLINGIR,1193,665,5,1,1197,665,,-1,3,0,1.007276,68.700159
Scan: 1683018 Run: DIA12_CV48:20251228_A2_N1_Mueller_MS_TechHub_IMP_THIDDIAXL003_Cas9_PhoX_DIA12_CV48_250ng_FAIMS_003 P1_TEVQTGGFSKESILPK P2_GILQTVKVVDELVK 10 7,DIA12_CV48:20251228_A2_N1_Mueller_MS_TechHub_IMP_THIDDIAXL003_Cas9_PhoX_DIA12_CV48_250ng_FAIMS_003,1683018,,,Q99ZW2,,,false,Q99ZW2,Q99ZW2,,false,GILQTVKVVDELVK,TEVQTGGFSKESILPK,736,1098,7,10,742,1107,,-1,4,0,1.007276,68.488814
Scan: 1145850 Run: DIA12_CV48:20251228_A2_N1_Mueller_MS_TechHub_IMP_THIDDIAXL003_Cas9_PhoX_DIA12_CV48_250ng_FAIMS_002 P1_KFDNLTKAER P2_GKSDNVPSEEVVK 1 2,DIA12_CV48:20251228_A2_N1_Mueller_MS_TechHub_IMP_THIDDIAXL003_Cas9_PhoX_DIA12_CV48_250ng_FAIMS_002,1145850,,,Q99ZW2,,,false,Q99ZW2,Q99ZW2,,false,GKSDNVPSEEVVK,KFDNLTKAER,865,896,2,1,866,896,,-1,3,0,1.007276,68.41731
Scan: 1182501 Run: DIA12_CV48:20251228_A2_N1_Mueller_MS_TechHub_IMP_THIDDIAXL003_Cas9_PhoX_DIA12_CV48_250ng_FAIMS_002 P1_YDENDKLIR P2_SEQEIGKATAK 6 7,DIA12_CV48:20251228_A2_N1_Mueller_MS_TechHub_IMP_THIDDIAXL003_Cas9_PhoX_DIA12_CV48_250ng_FAIMS_002,1182501,,,Q99ZW2,,,false,Q99ZW2,Q99ZW2,,false,SEQEIGKATAK,YDENDKLIR,1025,943,7,6,1031,948,,-1,3,0,1.007276,68.416994
Scan: 1309856 Run: DIA12_CV48:20251228_A2_N1_Mueller_MS_TechHub_IMP_THIDDIAXL003_Cas9_PhoX_DIA12_CV48_250ng_FAIMS_003 P1_YKEIFFDQSK P2_SSFEKNPIDFLEAK 2 5,DIA12_CV48:20251228_A2_N1_Mueller_MS_TechHub_IMP_THIDDIAXL003_Cas9_PhoX_DIA12_CV48_250ng_FAIMS_003,1309856,,,Q99ZW2,,,false,Q99ZW2,Q99ZW2,,false,SSFEKNPIDFLEAK,YKEIFFDQSK,1172,347,5,2,1176,348,,-1,3,0,1.007276,68.407737
Scan: 298069 Run: DIA12_CV48:20251228_A2_N1_Mueller_MS_TechHub_IMP_THIDDIAXL003_Cas9_PhoX_DIA12_CV48_250ng_FAIMS_001 P1_KSEETITPWNFEEVVDK P2_KNLIGALLFDSGETAEATR 1 1,DIA12_CV48:20251228_A2_N1_Mueller_MS_TechHub_IMP_THIDDIAXL003_Cas9_PhoX_DIA12_CV48_250ng_FAIMS_001,298069,,,Q99ZW2,,,false,Q99ZW2,Q99ZW2,,false,KNLIGALLFDSGETAEATR,KSEETITPWNFEEVVDK,45,468,1,1,45,468,,-1,4,0,1.007276,68.382401
Scan: 852877 Run: DIA12_CV48:20251228_A2_N1_Mueller_MS_TechHub_IMP_THIDDIAXL003_Cas9_PhoX_DIA12_CV48_250ng_FAIMS_002 P1_YKEIFFDQSK P2_VLSAYNKHR 2 7,DIA12_CV48:20251228_A2_N1_Mueller_MS_TechHub_IMP_THIDDIAXL003_Cas9_PhoX_DIA12_CV48_250ng_FAIMS_002,852877,,,Q99ZW2,,,false,Q99ZW2,Q99ZW2,,false,VLSAYNKHR,YKEIFFDQSK,1290,347,7,2,1296,348,,-1,3,0,1.007276,68.328271
Scan: 851250 Run: DIA12_CV48:20251228_A2_N1_Mueller_MS_TechHub_IMP_THIDDIAXL003_Cas9_PhoX_DIA12_CV48_250ng_FAIMS_002 P1_YKEIFFDQSK P2_LEESFLVEEDKK 2 11,DIA12_CV48:20251228_A2_N1_Mueller_MS_TechHub_IMP_THIDDIAXL003_Cas9_PhoX_DIA12_CV48_250ng_FAIMS_002,851250,,,Q99ZW2,,,false,Q99ZW2,Q99ZW2,,false,LEESFLVEEDKK,YKEIFFDQSK,101,347,11,2,111,348,,-1,4,0,1.007276,68.227667
Scan: 213512 Run: DIA12_CV48:20251228_A2_N1_Mueller_MS_TechHub_IMP_THIDDIAXL003_Cas9_PhoX_DIA12_CV48_250ng_FAIMS_001 P1_NSDKLIAR P2_LENLIAQLPGEKK 4 12,DIA12_CV48:20251228_A2_N1_Mueller_MS_TechHub_IMP_THIDDIAXL003_Cas9_PhoX_DIA12_CV48_250ng_FAIMS_001,213512,,,Q99ZW2,,,false,Q99ZW2,Q99ZW2,,false,LENLIAQLPGEKK,NSDKLIAR,222,1115,12,4,233,1118,,-1,3,0,1.007276,68.178965
Scan: 1276692 Run: DIA12_CV48:20251228_A2_N1_Mueller_MS_TechHub_IMP_THIDDIAXL003_Cas9_PhoX_DIA12_CV48_250ng_FAIMS_003 P1_NSDKLIAR P2_ESILPKR 4 6,DIA12_CV48:20251228_A2_N1_Mueller_MS_TechHub_IMP_THIDDIAXL003_Cas9_PhoX_DIA12_CV48_250ng_FAIMS_003,1276692,,,Q99ZW2,,,false,Q99ZW2,Q99ZW2,,false,ESILPKR,NSDKLIAR,1108,1115,6,4,1113,1118,,-1,3,0,1.007276,68.158685
Scan: 739647 Run: DIA12_CV48:20251228_A2_N1_Mueller_MS_TechHub_IMP_THIDDIAXL003_Cas9_PhoX_DIA12_CV48_250ng_FAIMS_002 P1_TEVQTGGFSKESILPK P2_LPKYSLFELENGR 10 3,DIA12_CV48:20251228_A2_N1_Mueller_MS_TechHub_IMP_THIDDIAXL003_Cas9_PhoX_DIA12_CV48_250ng_FAIMS_002,739647,,,Q99ZW2,,,false,Q99ZW2,Q99ZW2,,false,LPKYSLFELENGR,TEVQTGGFSKESILPK,1198,1098,3,10,1200,1107,,-1,4,0,1.007276,68.074463
Scan: 374026 Run: DIA12_CV48:20251228_A2_N1_Mueller_MS_TechHub_IMP_THIDDIAXL003_Cas9_PhoX_DIA12_CV48_250ng_FAIMS_001 P1_VKYVTEGMR P2_KPAFLSGEQK 2 1,DIA12_CV48:20251228_A2_N1_Mueller_MS_TechHub_IMP_THIDDIAXL003_Cas9_PhoX_DIA12_CV48_250ng_FAIMS_001,374026,,,Q99ZW2,,,false,Q99ZW2,Q99ZW2,,false,KPAFLSGEQK,VKYVTEGMR,536,527,1,2,536,528,,-1,3,0,1.007276,68.041754
Scan: 260869 Run: DIA12_CV48:20251228_A2_N1_Mueller_MS_TechHub_IMP_THIDDIAXL003_Cas9_PhoX_DIA12_CV48_250ng_FAIMS_001 P1_YKEIFFDQSK P2_DDSIDNKVLTR 2 7,DIA12_CV48:20251228_A2_N1_Mueller_MS_TechHub_IMP_THIDDIAXL003_Cas9_PhoX_DIA12_CV48_250ng_FAIMS_001,260869,,,Q99ZW2,,,false,Q99ZW2,Q99ZW2,,false,DDSIDNKVLTR,YKEIFFDQSK,849,347,7,2,855,348,,-1,3,0,1.007276,68.038791
Scan: 983185 Run: DIA12_CV48:20251228_A2_N1_Mueller_MS_TechHub_IMP_THIDDIAXL003_Cas9_PhoX_DIA12_CV48_250ng_FAIMS_002 P1_QLKEDYFK P2_KPAFLSGEQK 3 1,DIA12_CV48:20251228_A2_N1_Mueller_MS_TechHub_IMP_THIDDIAXL003_Cas9_PhoX_DIA12_CV48_250ng_FAIMS_002,983185,,,Q99ZW2,,,false,Q99ZW2,Q99ZW2,,false,KPAFLSGEQK,QLKEDYFK,536,563,1,3,536,565,,-1,3,0,1.007276,68.004361
Scan: 1001972 Run: DIA12_CV48:20251228_A2_N1_Mueller_MS_TechHub_IMP_THIDDIAXL003_Cas9_PhoX_DIA12_CV48_250ng_FAIMS_002 P1_TILDFLKSDGFANR P2_KAIVDLLFK 7 1,DIA12_CV48:20251228_A2_N1_Mueller_MS_TechHub_IMP_THIDDIAXL003_Cas9_PhoX_DIA12_CV48_250ng_FAIMS_002,1001972,,,Q99ZW2,,,false,Q99ZW2,Q99ZW2,,false,KAIVDLLFK,TILDFLKSDGFANR,546,678,1,7,546,684,,-1,4,0,1.007276,68.001163
Scan: 1109492 Run: DIA12_CV48:20251228_A2_N1_Mueller_MS_TechHub_IMP_THIDDIAXL003_Cas9_PhoX_DIA12_CV48_250ng_FAIMS_002 P1_KVTVK P2_GQKNSR 1 3,DIA12_CV48:20251228_A2_N1_Mueller_MS_TechHub_IMP_THIDDIAXL003_Cas9_PhoX_DIA12_CV48_250ng_FAIMS_002,1109492,,,Q99ZW2,,,false,Q99ZW2,Q99ZW2,,false,GQKNSR,KVTVK,773,558,3,1,775,558,,-1,3,0,1.007276,67.999364
Scan: 615820 Run: DIA12_CV48:20251228_A2_N1_Mueller_MS_TechHub_IMP_THIDDIAXL003_Cas9_PhoX_DIA12_CV48_250ng_FAIMS_002 P1_VLPKHSLLYEYFTVYNELTK P2_EHKKDEEVLFSEELR 4 4,DIA12_CV48:20251228_A2_N1_Mueller_MS_TechHub_IMP_THIDDIAXL003_Cas9_PhoX_DIA12_CV48_250ng_FAIMS_002,615820,,,decoy:Q99ZW2,decoy,decoy,true,Q99ZW2,Q99ZW2,,false,EHKKDEEVLFSEELR,VLPKHSLLYEYFTVYNELTK,101,507,4,4,104,510,,-1,4,0,1.007276,67.991118
Scan: 376379 Run: DIA12_CV48:20251228_A2_N1_Mueller_MS_TechHub_IMP_THIDDIAXL003_Cas9_PhoX_DIA12_CV48_250ng_FAIMS_001 P1_LESEFVYGDYKVYDVR P2_KPAFLSGEQK 11 1,DIA12_CV48:20251228_A2_N1_Mueller_MS_TechHub_IMP_THIDDIAXL003_Cas9_PhoX_DIA12_CV48_250ng_FAIMS_001,376379,,,Q99ZW2,,,false,Q99ZW2,Q99ZW2,,false,KPAFLSGEQK,LESEFVYGDYKVYDVR,536,1004,1,11,536,1014,,-1,4,0,1.007276,67.964784
Scan: 387758 Run: DIA12_CV48:20251228_A2_N1_Mueller_MS_TechHub_IMP_THIDDIAXL003_Cas9_PhoX_DIA12_CV48_250ng_FAIMS_001 P1_KPAFLSGEQK P2_ENQTTQKGQK 1 7,DIA12_CV48:20251228_A2_N1_Mueller_MS_TechHub_IMP_THIDDIAXL003_Cas9_PhoX_DIA12_CV48_250ng_FAIMS_001,387758,,,Q99ZW2,,,false,Q99ZW2,Q99ZW2,,false,ENQTTQKGQK,KPAFLSGEQK,766,536,7,1,772,536,,-1,3,0,1.007276,67.961745
Scan: 1358603 Run: DIA12_CV48:20251228_A2_N1_Mueller_MS_TechHub_IMP_THIDDIAXL003_Cas9_PhoX_DIA12_CV48_250ng_FAIMS_003 P1_LKGSPEDNEQK P2_GKSDNVPSEEVVK 2 2,DIA12_CV48:20251228_A2_N1_Mueller_MS_TechHub_IMP_THIDDIAXL003_Cas9_PhoX_DIA12_CV48_250ng_FAIMS_003,1358603,,,Q99ZW2,,,false,Q99ZW2,Q99ZW2,,false,GKSDNVPSEEVVK,LKGSPEDNEQK,865,1245,2,2,866,1246,,-1,3,0,1.007276,67.930136
Scan: 1449448 Run: DIA12_CV48:20251228_A2_N1_Mueller_MS_TechHub_IMP_THIDDIAXL003_Cas9_PhoX_DIA12_CV48_250ng_FAIMS_003 P1_YKEIFFDQSK P2_DLIIKLPK 2 5,DIA12_CV48:20251228_A2_N1_Mueller_MS_TechHub_IMP_THIDDIAXL003_Cas9_PhoX_DIA12_CV48_250ng_FAIMS_003,1449448,,,Q99ZW2,,,false,Q99ZW2,Q99ZW2,,false,DLIIKLPK,YKEIFFDQSK,1193,347,5,2,1197,348,,-1,3,0,1.007276,67.900428
Scan: 1145045 Run: DIA12_CV48:20251228_A2_N1_Mueller_MS_TechHub_IMP_THIDDIAXL003_Cas9_PhoX_DIA12_CV48_250ng_FAIMS_002 P1_GKSDNVPSEEVVK P2_DDSIDNKVLTR 2 7,DIA12_CV48:20251228_A2_N1_Mueller_MS_TechHub_IMP_THIDDIAXL003_Cas9_PhoX_DIA12_CV48_250ng_FAIMS_002,1145045,,,Q99ZW2,,,false,Q99ZW2,Q99ZW2,,false,DDSIDNKVLTR,GKSDNVPSEEVVK,849,865,7,2,855,866,,-1,3,0,1.007276,67.895193
Scan: 1359037 Run: DIA12_CV48:20251228_A2_N1_Mueller_MS_TechHub_IMP_THIDDIAXL003_Cas9_PhoX_DIA12_CV48_250ng_FAIMS_003 P1_LKGSPEDNEQK P2_KDFQFYK 2 1,DIA12_CV48:20251228_A2_N1_Mueller_MS_TechHub_IMP_THIDDIAXL003_Cas9_PhoX_DIA12_CV48_250ng_FAIMS_003,1359037,,,Q99ZW2,,,false,Q99ZW2,Q99ZW2,,false,KDFQFYK,LKGSPEDNEQK,968,1245,1,2,968,1246,,-1,3,0,1.007276,67.76924
Scan: 443920 Run: DIA12_CV48:20251228_A2_N1_Mueller_MS_TechHub_IMP_THIDDIAXL003_Cas9_PhoX_DIA12_CV48_250ng_FAIMS_001 P1_YKEIFFDQSK P2_TILDFLKSDGFANR 2 7,DIA12_CV48:20251228_A2_N1_Mueller_MS_TechHub_IMP_THIDDIAXL003_Cas9_PhoX_DIA12_CV48_250ng_FAIMS_001,443920,,,Q99ZW2,,,false,Q99ZW2,Q99ZW2,,false,TILDFLKSDGFANR,YKEIFFDQSK,678,347,7,2,684,348,,-1,3,0,1.007276,67.583538
Scan: 410577 Run: DIA12_CV48:20251228_A2_N1_Mueller_MS_TechHub_IMP_THIDDIAXL003_Cas9_PhoX_DIA12_CV48_250ng_FAIMS_001 P1_KVTVK P2_DKQSGK 1 2,DIA12_CV48:20251228_A2_N1_Mueller_MS_TechHub_IMP_THIDDIAXL003_Cas9_PhoX_DIA12_CV48_250ng_FAIMS_001,410577,,,Q99ZW2,,,false,Q99ZW2,Q99ZW2,,false,DKQSGK,KVTVK,672,558,2,1,673,558,,-1,3,0,1.007276,67.551013
Scan: 349658 Run: DIA12_CV48:20251228_A2_N1_Mueller_MS_TechHub_IMP_THIDDIAXL003_Cas9_PhoX_DIA12_CV48_250ng_FAIMS_001 P1_KSEETITPWNFEEVVDKGASAQSFIER P2_EDIQKAQVSGQGDSLHEHIANLAGSPAIK 17 5,DIA12_CV48:20251228_A2_N1_Mueller_MS_TechHub_IMP_THIDDIAXL003_Cas9_PhoX_DIA12_CV48_250ng_FAIMS_001,349658,,,Q99ZW2,,,false,Q99ZW2,Q99ZW2,,false,EDIQKAQVSGQGDSLHEHIANLAGSPAIK,KSEETITPWNFEEVVDKGASAQSFIER,706,468,5,17,710,484,,-1,6,0,1.007276,67.534476
Scan: 376891 Run: DIA12_CV48:20251228_A2_N1_Mueller_MS_TechHub_IMP_THIDDIAXL003_Cas9_PhoX_DIA12_CV48_250ng_FAIMS_001 P1_KRPLIETNGETGEIVWDK P2_KPAFLSGEQK 1 1,DIA12_CV48:20251228_A2_N1_Mueller_MS_TechHub_IMP_THIDDIAXL003_Cas9_PhoX_DIA12_CV48_250ng_FAIMS_001,376891,,,Q99ZW2,,,false,Q99ZW2,Q99ZW2,,false,KPAFLSGEQK,KRPLIETNGETGEIVWDK,536,1059,1,1,536,1059,,-1,4,0,1.007276,67.508173
Scan: 1161941 Run: DIA12_CV48:20251228_A2_N1_Mueller_MS_TechHub_IMP_THIDDIAXL003_Cas9_PhoX_DIA12_CV48_250ng_FAIMS_002 P1_GKSDNVPSEEVVK P2_FDNLTKAER 2 6,DIA12_CV48:20251228_A2_N1_Mueller_MS_TechHub_IMP_THIDDIAXL003_Cas9_PhoX_DIA12_CV48_250ng_FAIMS_002,1161941,,,Q99ZW2,,,false,Q99ZW2,Q99ZW2,,false,FDNLTKAER,GKSDNVPSEEVVK,897,865,6,2,902,866,,-1,3,0,1.007276,67.504939
Scan: 1305289 Run: DIA12_CV48:20251228_A2_N1_Mueller_MS_TechHub_IMP_THIDDIAXL003_Cas9_PhoX_DIA12_CV48_250ng_FAIMS_003 P1_TEVQTGGFSKESILPK P2_SSFEKNPIDFLEAK 10 5,DIA12_CV48:20251228_A2_N1_Mueller_MS_TechHub_IMP_THIDDIAXL003_Cas9_PhoX_DIA12_CV48_250ng_FAIMS_003,1305289,,,Q99ZW2,,,false,Q99ZW2,Q99ZW2,,false,SSFEKNPIDFLEAK,TEVQTGGFSKESILPK,1172,1098,5,10,1176,1107,,-1,4,0,1.007276,67.501782
Scan: 1710857 Run: DIA12_CV48:20251228_A2_N1_Mueller_MS_TechHub_IMP_THIDDIAXL003_Cas9_PhoX_DIA12_CV48_250ng_FAIMS_003 P1_SKLVSDFR P2_IEEGIKELGSQILK 2 6,DIA12_CV48:20251228_A2_N1_Mueller_MS_TechHub_IMP_THIDDIAXL003_Cas9_PhoX_DIA12_CV48_250ng_FAIMS_003,1710857,,,Q99ZW2,,,false,Q99ZW2,Q99ZW2,,false,IEEGIKELGSQILK,SKLVSDFR,784,960,6,2,789,961,,-1,3,0,1.007276,67.349026
Scan: 976737 Run: DIA12_CV48:20251228_A2_N1_Mueller_MS_TechHub_IMP_THIDDIAXL003_Cas9_PhoX_DIA12_CV48_250ng_FAIMS_002 P1_LKGSPEDNEQK P2_KPAFLSGEQK 2 1,DIA12_CV48:20251228_A2_N1_Mueller_MS_TechHub_IMP_THIDDIAXL003_Cas9_PhoX_DIA12_CV48_250ng_FAIMS_002,976737,,,Q99ZW2,,,false,Q99ZW2,Q99ZW2,,false,KPAFLSGEQK,LKGSPEDNEQK,536,1245,1,2,536,1246,,-1,3,0,1.007276,67.323695
Scan: 684286 Run: DIA12_CV48:20251228_A2_N1_Mueller_MS_TechHub_IMP_THIDDIAXL003_Cas9_PhoX_DIA12_CV48_250ng_FAIMS_002 P1_NSDKLIAR P2_EQAENIIHLFTLTNLGAPAAFKYFDTTIDR 4 22,DIA12_CV48:20251228_A2_N1_Mueller_MS_TechHub_IMP_THIDDIAXL003_Cas9_PhoX_DIA12_CV48_250ng_FAIMS_002,684286,,,Q99ZW2,,,false,Q99ZW2,Q99ZW2,,false,EQAENIIHLFTLTNLGAPAAFKYFDTTIDR,NSDKLIAR,1304,1115,22,4,1325,1118,,-1,5,0,1.007276,67.281936
Scan: 207760 Run: DIA12_CV48:20251228_A2_N1_Mueller_MS_TechHub_IMP_THIDDIAXL003_Cas9_PhoX_DIA12_CV48_250ng_FAIMS_001 P1_LVDSTDKADLR P2_KPAFLSGEQK 7 1,DIA12_CV48:20251228_A2_N1_Mueller_MS_TechHub_IMP_THIDDIAXL003_Cas9_PhoX_DIA12_CV48_250ng_FAIMS_001,207760,,,Q99ZW2,,,false,Q99ZW2,Q99ZW2,,false,KPAFLSGEQK,LVDSTDKADLR,536,142,1,7,536,148,,-1,3,0,1.007276,67.228871
Scan: 512806 Run: DIA12_CV48:20251228_A2_N1_Mueller_MS_TechHub_IMP_THIDDIAXL003_Cas9_PhoX_DIA12_CV48_250ng_FAIMS_001 P1_SDKNR P2_GQKNSR 3 3,DIA12_CV48:20251228_A2_N1_Mueller_MS_TechHub_IMP_THIDDIAXL003_Cas9_PhoX_DIA12_CV48_250ng_FAIMS_001,512806,,,Q99ZW2,,,false,Q99ZW2,Q99ZW2,,false,GQKNSR,SDKNR,773,860,3,3,775,862,,-1,3,0,1.007276,67.222473
Scan: 1455761 Run: DIA12_CV48:20251228_A2_N1_Mueller_MS_TechHub_IMP_THIDDIAXL003_Cas9_PhoX_DIA12_CV48_250ng_FAIMS_003 P1_YKEIFFDQSK P2_SKLVSDFR 2 2,DIA12_CV48:20251228_A2_N1_Mueller_MS_TechHub_IMP_THIDDIAXL003_Cas9_PhoX_DIA12_CV48_250ng_FAIMS_003,1455761,,,Q99ZW2,,,false,Q99ZW2,Q99ZW2,,false,SKLVSDFR,YKEIFFDQSK,960,347,2,2,961,348,,-1,3,0,1.007276,66.986515
Scan: 1371998 Run: DIA12_CV48:20251228_A2_N1_Mueller_MS_TechHub_IMP_THIDDIAXL003_Cas9_PhoX_DIA12_CV48_250ng_FAIMS_003 P1_KLINGIR P2_HYLDEIIEQISEFSKR 1 15,DIA12_CV48:20251228_A2_N1_Mueller_MS_TechHub_IMP_THIDDIAXL003_Cas9_PhoX_DIA12_CV48_250ng_FAIMS_003,1371998,,,Q99ZW2,,,false,Q99ZW2,Q99ZW2,,false,HYLDEIIEQISEFSKR,KLINGIR,1264,665,15,1,1278,665,,-1,4,0,1.007276,66.885161
Scan: 1754060 Run: DIA12_CV48:20251228_A2_N1_Mueller_MS_TechHub_IMP_THIDDIAXL003_Cas9_PhoX_DIA12_CV48_250ng_FAIMS_003 P1_QLLNAKLITQR P2_ENQTTQKGQK 6 7,DIA12_CV48:20251228_A2_N1_Mueller_MS_TechHub_IMP_THIDDIAXL003_Cas9_PhoX_DIA12_CV48_250ng_FAIMS_003,1754060,,,Q99ZW2,,,false,Q99ZW2,Q99ZW2,,false,ENQTTQKGQK,QLLNAKLITQR,766,885,7,6,772,890,,-1,3,0,1.007276,66.846066
Scan: 1779461 Run: DIA12_CV48:20251228_A2_N1_Mueller_MS_TechHub_IMP_THIDDIAXL003_Cas9_PhoX_DIA12_CV48_250ng_FAIMS_003 P1_YDENDKLIR P2_LESEFVYGDYKVYDVR 6 11,DIA12_CV48:20251228_A2_N1_Mueller_MS_TechHub_IMP_THIDDIAXL003_Cas9_PhoX_DIA12_CV48_250ng_FAIMS_003,1779461,,,Q99ZW2,,,false,Q99ZW2,Q99ZW2,,false,LESEFVYGDYKVYDVR,YDENDKLIR,1004,943,11,6,1014,948,,-1,4,0,1.007276,66.784899
Scan: 716719 Run: DIA12_CV48:20251228_A2_N1_Mueller_MS_TechHub_IMP_THIDDIAXL003_Cas9_PhoX_DIA12_CV48_250ng_FAIMS_002 P1_SSFEKNPIDFLEAK P2_QSGKTILDFLK 5 4,DIA12_CV48:20251228_A2_N1_Mueller_MS_TechHub_IMP_THIDDIAXL003_Cas9_PhoX_DIA12_CV48_250ng_FAIMS_002,716719,,,Q99ZW2,,,false,Q99ZW2,Q99ZW2,,false,QSGKTILDFLK,SSFEKNPIDFLEAK,674,1172,4,5,677,1176,,-1,3,0,1.007276,66.774484
Scan: 851182 Run: DIA12_CV48:20251228_A2_N1_Mueller_MS_TechHub_IMP_THIDDIAXL003_Cas9_PhoX_DIA12_CV48_250ng_FAIMS_002 P1_YKEIFFDQSK P2_LEESFLVEEDKK 2 11,DIA12_CV48:20251228_A2_N1_Mueller_MS_TechHub_IMP_THIDDIAXL003_Cas9_PhoX_DIA12_CV48_250ng_FAIMS_002,851182,,,Q99ZW2,,,false,Q99ZW2,Q99ZW2,,false,LEESFLVEEDKK,YKEIFFDQSK,101,347,11,2,111,348,,-1,3,0,1.007276,66.744214
Scan: 1280392 Run: DIA12_CV48:20251228_A2_N1_Mueller_MS_TechHub_IMP_THIDDIAXL003_Cas9_PhoX_DIA12_CV48_250ng_FAIMS_003 P1_NSDKLIAR P2_DLIIKLPK 4 5,DIA12_CV48:20251228_A2_N1_Mueller_MS_TechHub_IMP_THIDDIAXL003_Cas9_PhoX_DIA12_CV48_250ng_FAIMS_003,1280392,,,Q99ZW2,,,false,Q99ZW2,Q99ZW2,,false,DLIIKLPK,NSDKLIAR,1193,1115,5,4,1197,1118,,-1,3,0,1.007276,66.721861
Scan: 360731 Run: DIA12_CV48:20251228_A2_N1_Mueller_MS_TechHub_IMP_THIDDIAXL003_Cas9_PhoX_DIA12_CV48_250ng_FAIMS_001 P1_NLPNEKVLPK P2_KLINGIR 6 1,DIA12_CV48:20251228_A2_N1_Mueller_MS_TechHub_IMP_THIDDIAXL003_Cas9_PhoX_DIA12_CV48_250ng_FAIMS_001,360731,,,Q99ZW2,,,false,Q99ZW2,Q99ZW2,,false,KLINGIR,NLPNEKVLPK,665,501,1,6,665,506,,-1,4,0,1.007276,66.517372
Scan: 760778 Run: DIA12_CV48:20251228_A2_N1_Mueller_MS_TechHub_IMP_THIDDIAXL003_Cas9_PhoX_DIA12_CV48_250ng_FAIMS_002 P1_LKGSPEDNEQK P2_ENQTTQKGQK 2 7,DIA12_CV48:20251228_A2_N1_Mueller_MS_TechHub_IMP_THIDDIAXL003_Cas9_PhoX_DIA12_CV48_250ng_FAIMS_002,760778,,,Q99ZW2,,,false,Q99ZW2,Q99ZW2,,false,ENQTTQKGQK,LKGSPEDNEQK,766,1245,7,2,772,1246,,-1,3,0,1.007276,66.510615
Scan: 1495625 Run: DIA12_CV48:20251228_A2_N1_Mueller_MS_TechHub_IMP_THIDDIAXL003_Cas9_PhoX_DIA12_CV48_250ng_FAIMS_003 P1_SSFEKNPIDFLEAK P2_KSEETITPWNFEEVVDK 5 1,DIA12_CV48:20251228_A2_N1_Mueller_MS_TechHub_IMP_THIDDIAXL003_Cas9_PhoX_DIA12_CV48_250ng_FAIMS_003,1495625,,,Q99ZW2,,,false,Q99ZW2,Q99ZW2,,false,KSEETITPWNFEEVVDK,SSFEKNPIDFLEAK,468,1172,1,5,468,1176,,-1,4,0,1.007276,66.508393
Scan: 1382116 Run: DIA12_CV48:20251228_A2_N1_Mueller_MS_TechHub_IMP_THIDDIAXL003_Cas9_PhoX_DIA12_CV48_250ng_FAIMS_003 P1_VLSAYNKHR P2_ENQTTQKGQK 7 7,DIA12_CV48:20251228_A2_N1_Mueller_MS_TechHub_IMP_THIDDIAXL003_Cas9_PhoX_DIA12_CV48_250ng_FAIMS_003,1382116,,,Q99ZW2,,,false,Q99ZW2,Q99ZW2,,false,ENQTTQKGQK,VLSAYNKHR,766,1290,7,7,772,1296,,-1,3,0,1.007276,66.330217
Scan: 690149 Run: DIA12_CV48:20251228_A2_N1_Mueller_MS_TechHub_IMP_THIDDIAXL003_Cas9_PhoX_DIA12_CV48_250ng_FAIMS_002 P1_NSDKLIAR P2_GKSDNVPSEEVVK 4 2,DIA12_CV48:20251228_A2_N1_Mueller_MS_TechHub_IMP_THIDDIAXL003_Cas9_PhoX_DIA12_CV48_250ng_FAIMS_002,690149,,,Q99ZW2,,,false,Q99ZW2,Q99ZW2,,false,GKSDNVPSEEVVK,NSDKLIAR,865,1115,2,4,866,1118,,-1,3,0,1.007276,66.321614
Scan: 510874 Run: DIA12_CV48:20251228_A2_N1_Mueller_MS_TechHub_IMP_THIDDIAXL003_Cas9_PhoX_DIA12_CV48_250ng_FAIMS_001 P1_NSDKLIAR P2_GQKNSR 4 3,DIA12_CV48:20251228_A2_N1_Mueller_MS_TechHub_IMP_THIDDIAXL003_Cas9_PhoX_DIA12_CV48_250ng_FAIMS_001,510874,,,Q99ZW2,,,false,Q99ZW2,Q99ZW2,,false,GQKNSR,NSDKLIAR,773,1115,3,4,775,1118,,-1,4,0,1.007276,66.225835
Scan: 1687252 Run: DIA12_CV48:20251228_A2_N1_Mueller_MS_TechHub_IMP_THIDDIAXL003_Cas9_PhoX_DIA12_CV48_250ng_FAIMS_003 P1_SEETITPWNFEEVVDKGASAQSFIER P2_GILQTVKVVDELVK 16 7,DIA12_CV48:20251228_A2_N1_Mueller_MS_TechHub_IMP_THIDDIAXL003_Cas9_PhoX_DIA12_CV48_250ng_FAIMS_003,1687252,,,Q99ZW2,,,false,Q99ZW2,Q99ZW2,,false,GILQTVKVVDELVK,SEETITPWNFEEVVDKGASAQSFIER,736,469,7,16,742,484,,-1,4,0,1.007276,65.912909
Scan: 156594 Run: DIA12_CV48:20251228_A2_N1_Mueller_MS_TechHub_IMP_THIDDIAXL003_Cas9_PhoX_DIA12_CV48_250ng_FAIMS_001 P1_KPAFLSGEQK P2_GNELALPSKYVNFLYLASHYEK 1 9,DIA12_CV48:20251228_A2_N1_Mueller_MS_TechHub_IMP_THIDDIAXL003_Cas9_PhoX_DIA12_CV48_250ng_FAIMS_001,156594,,,Q99ZW2,,,false,Q99ZW2,Q99ZW2,,false,GNELALPSKYVNFLYLASHYEK,KPAFLSGEQK,1223,536,9,1,1231,536,,-1,4,0,1.007276,65.911621
Scan: 424124 Run: DIA12_CV48:20251228_A2_N1_Mueller_MS_TechHub_IMP_THIDDIAXL003_Cas9_PhoX_DIA12_CV48_250ng_FAIMS_001 P1_LKTYAHLFDDK P2_FKVLGNTDR 2 2,DIA12_CV48:20251228_A2_N1_Mueller_MS_TechHub_IMP_THIDDIAXL003_Cas9_PhoX_DIA12_CV48_250ng_FAIMS_001,424124,,,Q99ZW2,,,false,Q99ZW2,Q99ZW2,,false,FKVLGNTDR,LKTYAHLFDDK,32,636,2,2,33,637,,-1,3,0,1.007276,65.909678
Scan: 346646 Run: DIA12_CV48:20251228_A2_N1_Mueller_MS_TechHub_IMP_THIDDIAXL003_Cas9_PhoX_DIA12_CV48_250ng_FAIMS_001 P1_VLPKHSLLYEYFTVYNELTK P2_KSEETITPWNFEEVVDKGASAQSFIER 4 17,DIA12_CV48:20251228_A2_N1_Mueller_MS_TechHub_IMP_THIDDIAXL003_Cas9_PhoX_DIA12_CV48_250ng_FAIMS_001,346646,,,Q99ZW2,,,false,Q99ZW2,Q99ZW2,,false,KSEETITPWNFEEVVDKGASAQSFIER,VLPKHSLLYEYFTVYNELTK,468,507,17,4,484,510,,-1,5,0,1.007276,65.836905
Scan: 840869 Run: DIA12_CV48:20251228_A2_N1_Mueller_MS_TechHub_IMP_THIDDIAXL003_Cas9_PhoX_DIA12_CV48_250ng_FAIMS_002 P1_VLPKHSLLYEYFTVYNELTK P2_FKVLGNTDR 4 2,DIA12_CV48:20251228_A2_N1_Mueller_MS_TechHub_IMP_THIDDIAXL003_Cas9_PhoX_DIA12_CV48_250ng_FAIMS_002,840869,,,Q99ZW2,,,false,Q99ZW2,Q99ZW2,,false,FKVLGNTDR,VLPKHSLLYEYFTVYNELTK,32,507,2,4,33,510,,-1,4,0,1.007276,65.830382
Scan: 1202277 Run: DIA12_CV48:20251228_A2_N1_Mueller_MS_TechHub_IMP_THIDDIAXL003_Cas9_PhoX_DIA12_CV48_250ng_FAIMS_003 P1_YDENDKLIR P2_LESEFVYGDYKVYDVR 6 11,DIA12_CV48:20251228_A2_N1_Mueller_MS_TechHub_IMP_THIDDIAXL003_Cas9_PhoX_DIA12_CV48_250ng_FAIMS_003,1202277,,,Q99ZW2,,,false,Q99ZW2,Q99ZW2,,false,LESEFVYGDYKVYDVR,YDENDKLIR,1004,943,11,6,1014,948,,-1,3,0,1.007276,65.671218
Scan: 245713 Run: DIA12_CV48:20251228_A2_N1_Mueller_MS_TechHub_IMP_THIDDIAXL003_Cas9_PhoX_DIA12_CV48_250ng_FAIMS_001 P1_YDENDKLIR P2_FKVLGNTDR 6 2,DIA12_CV48:20251228_A2_N1_Mueller_MS_TechHub_IMP_THIDDIAXL003_Cas9_PhoX_DIA12_CV48_250ng_FAIMS_001,245713,,,Q99ZW2,,,false,Q99ZW2,Q99ZW2,,false,FKVLGNTDR,YDENDKLIR,32,943,2,6,33,948,,-1,3,0,1.007276,65.669447
Scan: 1273603 Run: DIA12_CV48:20251228_A2_N1_Mueller_MS_TechHub_IMP_THIDDIAXL003_Cas9_PhoX_DIA12_CV48_250ng_FAIMS_003 P1_KLINGIR P2_ESILPKR 1 6,DIA12_CV48:20251228_A2_N1_Mueller_MS_TechHub_IMP_THIDDIAXL003_Cas9_PhoX_DIA12_CV48_250ng_FAIMS_003,1273603,,,Q99ZW2,,,false,Q99ZW2,Q99ZW2,,false,ESILPKR,KLINGIR,1108,665,6,1,1113,665,,-1,4,0,1.007276,65.557402
Scan: 105967 Run: DIA12_CV48:20251228_A2_N1_Mueller_MS_TechHub_IMP_THIDDIAXL003_Cas9_PhoX_DIA12_CV48_250ng_FAIMS_001 P1_KYGGFDSPTVAYSVLVVAK P2_KLINGIR 1 1,DIA12_CV48:20251228_A2_N1_Mueller_MS_TechHub_IMP_THIDDIAXL003_Cas9_PhoX_DIA12_CV48_250ng_FAIMS_001,105967,,,Q99ZW2,,,false,Q99ZW2,Q99ZW2,,false,KLINGIR,KYGGFDSPTVAYSVLVVAK,665,1130,1,1,665,1130,,-1,3,0,1.007276,65.510424
Scan: 1381338 Run: DIA12_CV48:20251228_A2_N1_Mueller_MS_TechHub_IMP_THIDDIAXL003_Cas9_PhoX_DIA12_CV48_250ng_FAIMS_003 P1_VLSAYNKHR P2_DKPIR 7 2,DIA12_CV48:20251228_A2_N1_Mueller_MS_TechHub_IMP_THIDDIAXL003_Cas9_PhoX_DIA12_CV48_250ng_FAIMS_003,1381338,,,Q99ZW2,,,false,Q99ZW2,Q99ZW2,,false,DKPIR,VLSAYNKHR,1299,1290,2,7,1300,1296,,-1,4,0,1.007276,65.368665
Scan: 1313195 Run: DIA12_CV48:20251228_A2_N1_Mueller_MS_TechHub_IMP_THIDDIAXL003_Cas9_PhoX_DIA12_CV48_250ng_FAIMS_003 P1_SSFEKNPIDFLEAK P2_KLINGIR 5 1,DIA12_CV48:20251228_A2_N1_Mueller_MS_TechHub_IMP_THIDDIAXL003_Cas9_PhoX_DIA12_CV48_250ng_FAIMS_003,1313195,,,Q99ZW2,,,false,Q99ZW2,Q99ZW2,,false,KLINGIR,SSFEKNPIDFLEAK,665,1172,1,5,665,1176,,-1,3,0,1.007276,65.322209
Scan: 1145742 Run: DIA12_CV48:20251228_A2_N1_Mueller_MS_TechHub_IMP_THIDDIAXL003_Cas9_PhoX_DIA12_CV48_250ng_FAIMS_002 P1_SDNVPSEEVVKK P2_GKSDNVPSEEVVK 11 2,DIA12_CV48:20251228_A2_N1_Mueller_MS_TechHub_IMP_THIDDIAXL003_Cas9_PhoX_DIA12_CV48_250ng_FAIMS_002,1145742,,,Q99ZW2,,,false,Q99ZW2,Q99ZW2,,false,GKSDNVPSEEVVK,SDNVPSEEVVKK,865,867,2,11,866,877,,-1,3,0,1.007276,65.310113
Scan: 1506611 Run: DIA12_CV48:20251228_A2_N1_Mueller_MS_TechHub_IMP_THIDDIAXL003_Cas9_PhoX_DIA12_CV48_250ng_FAIMS_003 P1_KSEETITPWNFEEVVDK P2_KGILQTVK 1 1,DIA12_CV48:20251228_A2_N1_Mueller_MS_TechHub_IMP_THIDDIAXL003_Cas9_PhoX_DIA12_CV48_250ng_FAIMS_003,1506611,,,Q99ZW2,,,false,Q99ZW2,Q99ZW2,,false,KGILQTVK,KSEETITPWNFEEVVDK,735,468,1,1,735,468,,-1,3,0,1.007276,65.299662
Scan: 14267 Run: DIA12_CV48:20251228_A2_N1_Mueller_MS_TechHub_IMP_THIDDIAXL003_Cas9_PhoX_DIA12_CV48_250ng_FAIMS_001 P1_SEQEIGKATAK P2_SEQEIGKATAK 7 7,DIA12_CV48:20251228_A2_N1_Mueller_MS_TechHub_IMP_THIDDIAXL003_Cas9_PhoX_DIA12_CV48_250ng_FAIMS_001,14267,,,Q99ZW2,,,false,Q99ZW2,Q99ZW2,,false,SEQEIGKATAK,SEQEIGKATAK,1025,1025,7,7,1031,1031,,-1,3,0,1.007276,65.272611
Scan: 1277436 Run: DIA12_CV48:20251228_A2_N1_Mueller_MS_TechHub_IMP_THIDDIAXL003_Cas9_PhoX_DIA12_CV48_250ng_FAIMS_003 P1_NSDKLIAR P2_KDWDPK 4 1,DIA12_CV48:20251228_A2_N1_Mueller_MS_TechHub_IMP_THIDDIAXL003_Cas9_PhoX_DIA12_CV48_250ng_FAIMS_003,1277436,,,Q99ZW2,,,false,Q99ZW2,Q99ZW2,,false,KDWDPK,NSDKLIAR,1124,1115,1,4,1124,1118,,-1,3,0,1.007276,65.209135
Scan: 1165807 Run: DIA12_CV48:20251228_A2_N1_Mueller_MS_TechHub_IMP_THIDDIAXL003_Cas9_PhoX_DIA12_CV48_250ng_FAIMS_002 P1_GGLSELDKAGFIK P2_FDNLTKAER 8 6,DIA12_CV48:20251228_A2_N1_Mueller_MS_TechHub_IMP_THIDDIAXL003_Cas9_PhoX_DIA12_CV48_250ng_FAIMS_002,1165807,,,Q99ZW2,,,false,Q99ZW2,Q99ZW2,,false,FDNLTKAER,GGLSELDKAGFIK,897,906,6,8,902,913,,-1,3,0,1.007276,65.173945
Scan: 1450899 Run: DIA12_CV48:20251228_A2_N1_Mueller_MS_TechHub_IMP_THIDDIAXL003_Cas9_PhoX_DIA12_CV48_250ng_FAIMS_003 P1_YKEIFFDQSK P2_APLSASMIKR 2 9,DIA12_CV48:20251228_A2_N1_Mueller_MS_TechHub_IMP_THIDDIAXL003_Cas9_PhoX_DIA12_CV48_250ng_FAIMS_003,1450899,,,Q99ZW2,,,false,Q99ZW2,Q99ZW2,,false,APLSASMIKR,YKEIFFDQSK,315,347,9,2,323,348,,-1,3,0,1.007276,65.132118
Scan: 256940 Run: DIA12_CV48:20251228_A2_N1_Mueller_MS_TechHub_IMP_THIDDIAXL003_Cas9_PhoX_DIA12_CV48_250ng_FAIMS_001 P1_YKEIFFDQSK P2_YDEHHQDLTLLKALVR 2 12,DIA12_CV48:20251228_A2_N1_Mueller_MS_TechHub_IMP_THIDDIAXL003_Cas9_PhoX_DIA12_CV48_250ng_FAIMS_001,256940,,,Q99ZW2,,,false,Q99ZW2,Q99ZW2,,false,YDEHHQDLTLLKALVR,YKEIFFDQSK,325,347,12,2,336,348,,-1,5,0,1.007276,65.126228
Scan: 305979 Run: DIA12_CV48:20251228_A2_N1_Mueller_MS_TechHub_IMP_THIDDIAXL003_Cas9_PhoX_DIA12_CV48_250ng_FAIMS_001 P1_RQEDFYPFLKDNR P2_KSEETITPWNFEEVVDK 10 1,DIA12_CV48:20251228_A2_N1_Mueller_MS_TechHub_IMP_THIDDIAXL003_Cas9_PhoX_DIA12_CV48_250ng_FAIMS_001,305979,,,Q99ZW2,,,false,Q99ZW2,Q99ZW2,,false,KSEETITPWNFEEVVDK,RQEDFYPFLKDNR,468,425,1,10,468,434,,-1,4,0,1.007276,65.117623
Scan: 1311816 Run: DIA12_CV48:20251228_A2_N1_Mueller_MS_TechHub_IMP_THIDDIAXL003_Cas9_PhoX_DIA12_CV48_250ng_FAIMS_003 P1_VLPKHSLLYEYFTVYNELTK P2_SSFEKNPIDFLEAK 4 5,DIA12_CV48:20251228_A2_N1_Mueller_MS_TechHub_IMP_THIDDIAXL003_Cas9_PhoX_DIA12_CV48_250ng_FAIMS_003,1311816,,,Q99ZW2,,,false,Q99ZW2,Q99ZW2,,false,SSFEKNPIDFLEAK,VLPKHSLLYEYFTVYNELTK,1172,507,5,4,1176,510,,-1,4,0,1.007276,65.096057
Scan: 510222 Run: DIA12_CV48:20251228_A2_N1_Mueller_MS_TechHub_IMP_THIDDIAXL003_Cas9_PhoX_DIA12_CV48_250ng_FAIMS_001 P1_GKSDNVPSEEVVK P2_ENQTTQKGQK 2 7,DIA12_CV48:20251228_A2_N1_Mueller_MS_TechHub_IMP_THIDDIAXL003_Cas9_PhoX_DIA12_CV48_250ng_FAIMS_001,510222,,,Q99ZW2,,,false,Q99ZW2,Q99ZW2,,false,ENQTTQKGQK,GKSDNVPSEEVVK,766,865,7,2,772,866,,-1,3,0,1.007276,65.07529
Scan: 1439373 Run: DIA12_CV48:20251228_A2_N1_Mueller_MS_TechHub_IMP_THIDDIAXL003_Cas9_PhoX_DIA12_CV48_250ng_FAIMS_003 P1_FKVLGNTDR P2_ENQTTQKGQK 2 7,DIA12_CV48:20251228_A2_N1_Mueller_MS_TechHub_IMP_THIDDIAXL003_Cas9_PhoX_DIA12_CV48_250ng_FAIMS_003,1439373,,,Q99ZW2,,,false,Q99ZW2,Q99ZW2,,false,ENQTTQKGQK,FKVLGNTDR,766,32,7,2,772,33,,-1,3,0,1.007276,65.073267
Scan: 669104 Run: DIA12_CV48:20251228_A2_N1_Mueller_MS_TechHub_IMP_THIDDIAXL003_Cas9_PhoX_DIA12_CV48_250ng_FAIMS_002 P1_TEVQTGGFSKESILPK P2_KLINGIR 10 1,DIA12_CV48:20251228_A2_N1_Mueller_MS_TechHub_IMP_THIDDIAXL003_Cas9_PhoX_DIA12_CV48_250ng_FAIMS_002,669104,,,Q99ZW2,,,false,Q99ZW2,Q99ZW2,,false,KLINGIR,TEVQTGGFSKESILPK,665,1098,1,10,665,1107,,-1,3,0,1.007276,65.046774
Scan: 737349 Run: DIA12_CV48:20251228_A2_N1_Mueller_MS_TechHub_IMP_THIDDIAXL003_Cas9_PhoX_DIA12_CV48_250ng_FAIMS_002 P1_TEVQTGGFSKESILPK P2_DLIIKLPK 10 5,DIA12_CV48:20251228_A2_N1_Mueller_MS_TechHub_IMP_THIDDIAXL003_Cas9_PhoX_DIA12_CV48_250ng_FAIMS_002,737349,,,Q99ZW2,,,false,Q99ZW2,Q99ZW2,,false,DLIIKLPK,TEVQTGGFSKESILPK,1193,1098,5,10,1197,1107,,-1,4,0,1.007276,65.034949
Scan: 1381357 Run: DIA12_CV48:20251228_A2_N1_Mueller_MS_TechHub_IMP_THIDDIAXL003_Cas9_PhoX_DIA12_CV48_250ng_FAIMS_003 P1_VLSAYNKHR P2_DKPIR 7 2,DIA12_CV48:20251228_A2_N1_Mueller_MS_TechHub_IMP_THIDDIAXL003_Cas9_PhoX_DIA12_CV48_250ng_FAIMS_003,1381357,,,Q99ZW2,,,false,Q99ZW2,Q99ZW2,,false,DKPIR,VLSAYNKHR,1299,1290,2,7,1300,1296,,-1,3,0,1.007276,65.032255
Scan: 410421 Run: DIA12_CV48:20251228_A2_N1_Mueller_MS_TechHub_IMP_THIDDIAXL003_Cas9_PhoX_DIA12_CV48_250ng_FAIMS_001 P1_KVTVK P2_KVTVK 1 1,DIA12_CV48:20251228_A2_N1_Mueller_MS_TechHub_IMP_THIDDIAXL003_Cas9_PhoX_DIA12_CV48_250ng_FAIMS_001,410421,,,Q99ZW2,,,false,Q99ZW2,Q99ZW2,,false,KVTVK,KVTVK,558,558,1,1,558,558,,-1,3,0,1.007276,64.937311
Scan: 185829 Run: DIA12_CV48:20251228_A2_N1_Mueller_MS_TechHub_IMP_THIDDIAXL003_Cas9_PhoX_DIA12_CV48_250ng_FAIMS_001 P1_HKNYASLVR P2_DKPIR 2 2,DIA12_CV48:20251228_A2_N1_Mueller_MS_TechHub_IMP_THIDDIAXL003_Cas9_PhoX_DIA12_CV48_250ng_FAIMS_001,185829,,,Q99ZW2,,,false,decoy:Q99ZW2,decoy,decoy,true,DKPIR,HKNYASLVR,1299,1290,2,2,1300,1291,,-1,4,0,1.007276,64.906484
Scan: 1778294 Run: DIA12_CV48:20251228_A2_N1_Mueller_MS_TechHub_IMP_THIDDIAXL003_Cas9_PhoX_DIA12_CV48_250ng_FAIMS_003 P1_KPAFLSGEQK P2_ILKDNEDYR 1 3,DIA12_CV48:20251228_A2_N1_Mueller_MS_TechHub_IMP_THIDDIAXL003_Cas9_PhoX_DIA12_CV48_250ng_FAIMS_003,1778294,,,decoy:Q99ZW2,decoy,decoy,true,Q99ZW2,Q99ZW2,,false,ILKDNEDYR,KPAFLSGEQK,943,536,3,1,945,536,,-1,4,0,1.007276,64.756678
Scan: 761700 Run: DIA12_CV48:20251228_A2_N1_Mueller_MS_TechHub_IMP_THIDDIAXL003_Cas9_PhoX_DIA12_CV48_250ng_FAIMS_002 P1_SKLVSDFR P2_LKGSPEDNEQK 2 2,DIA12_CV48:20251228_A2_N1_Mueller_MS_TechHub_IMP_THIDDIAXL003_Cas9_PhoX_DIA12_CV48_250ng_FAIMS_002,761700,,,Q99ZW2,,,false,Q99ZW2,Q99ZW2,,false,LKGSPEDNEQK,SKLVSDFR,1245,960,2,2,1246,961,,-1,3,0,1.007276,64.687449
Scan: 1026568 Run: DIA12_CV48:20251228_A2_N1_Mueller_MS_TechHub_IMP_THIDDIAXL003_Cas9_PhoX_DIA12_CV48_250ng_FAIMS_002 P1_KSEETITPWNFEEVVDK P2_KLINGIR 1 1,DIA12_CV48:20251228_A2_N1_Mueller_MS_TechHub_IMP_THIDDIAXL003_Cas9_PhoX_DIA12_CV48_250ng_FAIMS_002,1026568,,,Q99ZW2,,,false,Q99ZW2,Q99ZW2,,false,KLINGIR,KSEETITPWNFEEVVDK,665,468,1,1,665,468,,-1,3,0,1.007276,64.662804
Scan: 858203 Run: DIA12_CV48:20251228_A2_N1_Mueller_MS_TechHub_IMP_THIDDIAXL003_Cas9_PhoX_DIA12_CV48_250ng_FAIMS_002 P1_YKEIFFDQSK P2_SDNVPSEEVVKK 2 11,DIA12_CV48:20251228_A2_N1_Mueller_MS_TechHub_IMP_THIDDIAXL003_Cas9_PhoX_DIA12_CV48_250ng_FAIMS_002,858203,,,Q99ZW2,,,false,Q99ZW2,Q99ZW2,,false,SDNVPSEEVVKK,YKEIFFDQSK,867,347,11,2,877,348,,-1,3,0,1.007276,64.649994
Scan: 1308299 Run: DIA12_CV48:20251228_A2_N1_Mueller_MS_TechHub_IMP_THIDDIAXL003_Cas9_PhoX_DIA12_CV48_250ng_FAIMS_003 P1_SSFEKNPIDFLEAK P2_DLIIKLPK 5 5,DIA12_CV48:20251228_A2_N1_Mueller_MS_TechHub_IMP_THIDDIAXL003_Cas9_PhoX_DIA12_CV48_250ng_FAIMS_003,1308299,,,Q99ZW2,,,false,Q99ZW2,Q99ZW2,,false,DLIIKLPK,SSFEKNPIDFLEAK,1193,1172,5,5,1197,1176,,-1,3,0,1.007276,64.61214
Scan: 1143719 Run: DIA12_CV48:20251228_A2_N1_Mueller_MS_TechHub_IMP_THIDDIAXL003_Cas9_PhoX_DIA12_CV48_250ng_FAIMS_002 P1_KLINGIR P2_GKSDNVPSEEVVK 1 2,DIA12_CV48:20251228_A2_N1_Mueller_MS_TechHub_IMP_THIDDIAXL003_Cas9_PhoX_DIA12_CV48_250ng_FAIMS_002,1143719,,,Q99ZW2,,,false,Q99ZW2,Q99ZW2,,false,GKSDNVPSEEVVK,KLINGIR,865,665,2,1,866,665,,-1,3,0,1.007276,64.569301
Scan: 1622771 Run: DIA12_CV48:20251228_A2_N1_Mueller_MS_TechHub_IMP_THIDDIAXL003_Cas9_PhoX_DIA12_CV48_250ng_FAIMS_003 P1_SSFEKNPIDFLEAK P2_KLINGIR 5 1,DIA12_CV48:20251228_A2_N1_Mueller_MS_TechHub_IMP_THIDDIAXL003_Cas9_PhoX_DIA12_CV48_250ng_FAIMS_003,1622771,,,Q99ZW2,,,false,Q99ZW2,Q99ZW2,,false,KLINGIR,SSFEKNPIDFLEAK,665,1172,1,5,665,1176,,-1,4,0,1.007276,64.559925
Scan: 1291606 Run: DIA12_CV48:20251228_A2_N1_Mueller_MS_TechHub_IMP_THIDDIAXL003_Cas9_PhoX_DIA12_CV48_250ng_FAIMS_003 P1_NSDKLIAR P2_KDWDPK 4 1,DIA12_CV48:20251228_A2_N1_Mueller_MS_TechHub_IMP_THIDDIAXL003_Cas9_PhoX_DIA12_CV48_250ng_FAIMS_003,1291606,,,Q99ZW2,,,false,Q99ZW2,Q99ZW2,,false,KDWDPK,NSDKLIAR,1124,1115,1,4,1124,1118,,-1,4,0,1.007276,64.51441
Scan: 760876 Run: DIA12_CV48:20251228_A2_N1_Mueller_MS_TechHub_IMP_THIDDIAXL003_Cas9_PhoX_DIA12_CV48_250ng_FAIMS_002 P1_LKGSPEDNEQK P2_GQKNSR 2 3,DIA12_CV48:20251228_A2_N1_Mueller_MS_TechHub_IMP_THIDDIAXL003_Cas9_PhoX_DIA12_CV48_250ng_FAIMS_002,760876,,,Q99ZW2,,,false,Q99ZW2,Q99ZW2,,false,GQKNSR,LKGSPEDNEQK,773,1245,3,2,775,1246,,-1,3,0,1.007276,64.478099
Scan: 1007494 Run: DIA12_CV48:20251228_A2_N1_Mueller_MS_TechHub_IMP_THIDDIAXL003_Cas9_PhoX_DIA12_CV48_250ng_FAIMS_002 P1_KVTVK P2_AIVDLLFKTNR 1 8,DIA12_CV48:20251228_A2_N1_Mueller_MS_TechHub_IMP_THIDDIAXL003_Cas9_PhoX_DIA12_CV48_250ng_FAIMS_002,1007494,,,Q99ZW2,,,false,Q99ZW2,Q99ZW2,,false,AIVDLLFKTNR,KVTVK,547,558,8,1,554,558,,-1,3,0,1.007276,64.42931
Scan: 1737736 Run: DIA12_CV48:20251228_A2_N1_Mueller_MS_TechHub_IMP_THIDDIAXL003_Cas9_PhoX_DIA12_CV48_250ng_FAIMS_003 P1_SDKNR P2_GKSDNVPSEEVVK 3 2,DIA12_CV48:20251228_A2_N1_Mueller_MS_TechHub_IMP_THIDDIAXL003_Cas9_PhoX_DIA12_CV48_250ng_FAIMS_003,1737736,,,Q99ZW2,,,false,Q99ZW2,Q99ZW2,,false,GKSDNVPSEEVVK,SDKNR,865,860,2,3,866,862,,-1,4,0,1.007276,64.398524
Scan: 1001748 Run: DIA12_CV48:20251228_A2_N1_Mueller_MS_TechHub_IMP_THIDDIAXL003_Cas9_PhoX_DIA12_CV48_250ng_FAIMS_002 P1_KAIVDLLFK P2_KAIVDLLFK 1 1,DIA12_CV48:20251228_A2_N1_Mueller_MS_TechHub_IMP_THIDDIAXL003_Cas9_PhoX_DIA12_CV48_250ng_FAIMS_002,1001748,,,Q99ZW2,,,false,Q99ZW2,Q99ZW2,,false,KAIVDLLFK,KAIVDLLFK,546,546,1,1,546,546,,-1,3,0,1.007276,64.390834
Scan: 1537567 Run: DIA12_CV48:20251228_A2_N1_Mueller_MS_TechHub_IMP_THIDDIAXL003_Cas9_PhoX_DIA12_CV48_250ng_FAIMS_003 P1_SEETITPWNFEEVVDKGASAQSFIER P2_KFKVLGNTDR 16 1,DIA12_CV48:20251228_A2_N1_Mueller_MS_TechHub_IMP_THIDDIAXL003_Cas9_PhoX_DIA12_CV48_250ng_FAIMS_003,1537567,,,Q99ZW2,,,false,Q99ZW2,Q99ZW2,,false,KFKVLGNTDR,SEETITPWNFEEVVDKGASAQSFIER,31,469,1,16,31,484,,-1,4,0,1.007276,64.307929
Scan: 552582 Run: DIA12_CV48:20251228_A2_N1_Mueller_MS_TechHub_IMP_THIDDIAXL003_Cas9_PhoX_DIA12_CV48_250ng_FAIMS_001 P1_VVEESPVNDSKGK P2_KLINGIR 11 1,DIA12_CV48:20251228_A2_N1_Mueller_MS_TechHub_IMP_THIDDIAXL003_Cas9_PhoX_DIA12_CV48_250ng_FAIMS_001,552582,,,Q99ZW2,,,false,decoy:Q99ZW2,decoy,decoy,true,KLINGIR,VVEESPVNDSKGK,665,865,1,11,665,875,,-1,3,0,1.007276,64.293343
Scan: 261448 Run: DIA12_CV48:20251228_A2_N1_Mueller_MS_TechHub_IMP_THIDDIAXL003_Cas9_PhoX_DIA12_CV48_250ng_FAIMS_001 P1_YKEIFFDQSK P2_YDENDKLIR 2 6,DIA12_CV48:20251228_A2_N1_Mueller_MS_TechHub_IMP_THIDDIAXL003_Cas9_PhoX_DIA12_CV48_250ng_FAIMS_001,261448,,,Q99ZW2,,,false,Q99ZW2,Q99ZW2,,false,YDENDKLIR,YKEIFFDQSK,943,347,6,2,948,348,,-1,3,0,1.007276,64.200501
Scan: 1334797 Run: DIA12_CV48:20251228_A2_N1_Mueller_MS_TechHub_IMP_THIDDIAXL003_Cas9_PhoX_DIA12_CV48_250ng_FAIMS_003 P1_FKVLGNTDR P2_DLIIKLPK 2 5,DIA12_CV48:20251228_A2_N1_Mueller_MS_TechHub_IMP_THIDDIAXL003_Cas9_PhoX_DIA12_CV48_250ng_FAIMS_003,1334797,,,Q99ZW2,,,false,Q99ZW2,Q99ZW2,,false,DLIIKLPK,FKVLGNTDR,1193,32,5,2,1197,33,,-1,3,0,1.007276,64.166946
Scan: 243332 Run: DIA12_CV48:20251228_A2_N1_Mueller_MS_TechHub_IMP_THIDDIAXL003_Cas9_PhoX_DIA12_CV48_250ng_FAIMS_001 P1_KSEETITPWNFEEVVDK P2_FKVLGNTDR 1 2,DIA12_CV48:20251228_A2_N1_Mueller_MS_TechHub_IMP_THIDDIAXL003_Cas9_PhoX_DIA12_CV48_250ng_FAIMS_001,243332,,,Q99ZW2,,,false,Q99ZW2,Q99ZW2,,false,FKVLGNTDR,KSEETITPWNFEEVVDK,32,468,2,1,33,468,,-1,3,0,1.007276,64.108526
Scan: 412103 Run: DIA12_CV48:20251228_A2_N1_Mueller_MS_TechHub_IMP_THIDDIAXL003_Cas9_PhoX_DIA12_CV48_250ng_FAIMS_001 P1_KVTVKQLK P2_KIECFDSVEISGVEDR 5 1,DIA12_CV48:20251228_A2_N1_Mueller_MS_TechHub_IMP_THIDDIAXL003_Cas9_PhoX_DIA12_CV48_250ng_FAIMS_001,412103,,,Q99ZW2,,,false,Q99ZW2,Q99ZW2,,false,KIECFDSVEISGVEDR,KVTVKQLK,571,558,1,5,571,562,,-1,3,0,1.007276,64.046191
Scan: 95979 Run: DIA12_CV48:20251228_A2_N1_Mueller_MS_TechHub_IMP_THIDDIAXL003_Cas9_PhoX_DIA12_CV48_250ng_FAIMS_001 P1_KKDWDPK P2_DKQSGK 1 2,DIA12_CV48:20251228_A2_N1_Mueller_MS_TechHub_IMP_THIDDIAXL003_Cas9_PhoX_DIA12_CV48_250ng_FAIMS_001,95979,,,Q99ZW2,,,false,Q99ZW2,Q99ZW2,,false,DKQSGK,KKDWDPK,672,1123,2,1,673,1123,,-1,4,0,1.007276,64.027096
Scan: 412564 Run: DIA12_CV48:20251228_A2_N1_Mueller_MS_TechHub_IMP_THIDDIAXL003_Cas9_PhoX_DIA12_CV48_250ng_FAIMS_001 P1_YKEIFFDQSK P2_QLKEDYFK 2 3,DIA12_CV48:20251228_A2_N1_Mueller_MS_TechHub_IMP_THIDDIAXL003_Cas9_PhoX_DIA12_CV48_250ng_FAIMS_001,412564,,,Q99ZW2,,,false,Q99ZW2,Q99ZW2,,false,QLKEDYFK,YKEIFFDQSK,563,347,3,2,565,348,,-1,3,0,1.007276,64.022919
Scan: 1506950 Run: DIA12_CV48:20251228_A2_N1_Mueller_MS_TechHub_IMP_THIDDIAXL003_Cas9_PhoX_DIA12_CV48_250ng_FAIMS_003 P1_KSEETITPWNFEEVVDK P2_GILQTVKVVDELVK 1 7,DIA12_CV48:20251228_A2_N1_Mueller_MS_TechHub_IMP_THIDDIAXL003_Cas9_PhoX_DIA12_CV48_250ng_FAIMS_003,1506950,,,Q99ZW2,,,false,Q99ZW2,Q99ZW2,,false,GILQTVKVVDELVK,KSEETITPWNFEEVVDK,736,468,7,1,742,468,,-1,4,0,1.007276,63.91365
Scan: 1380950 Run: DIA12_CV48:20251228_A2_N1_Mueller_MS_TechHub_IMP_THIDDIAXL003_Cas9_PhoX_DIA12_CV48_250ng_FAIMS_003 P1_VLSAYNKHR P2_KRPLIETNGETGEIVWDK 7 1,DIA12_CV48:20251228_A2_N1_Mueller_MS_TechHub_IMP_THIDDIAXL003_Cas9_PhoX_DIA12_CV48_250ng_FAIMS_003,1380950,,,Q99ZW2,,,false,Q99ZW2,Q99ZW2,,false,KRPLIETNGETGEIVWDK,VLSAYNKHR,1059,1290,1,7,1059,1296,,-1,4,0,1.007276,63.882685
Scan: 1334850 Run: DIA12_CV48:20251228_A2_N1_Mueller_MS_TechHub_IMP_THIDDIAXL003_Cas9_PhoX_DIA12_CV48_250ng_FAIMS_003 P1_KSEETITPWNFEEVVDK P2_DLIIKLPK 1 5,DIA12_CV48:20251228_A2_N1_Mueller_MS_TechHub_IMP_THIDDIAXL003_Cas9_PhoX_DIA12_CV48_250ng_FAIMS_003,1334850,,,Q99ZW2,,,false,Q99ZW2,Q99ZW2,,false,DLIIKLPK,KSEETITPWNFEEVVDK,1193,468,5,1,1197,468,,-1,3,0,1.007276,63.824569
Scan: 382363 Run: DIA12_CV48:20251228_A2_N1_Mueller_MS_TechHub_IMP_THIDDIAXL003_Cas9_PhoX_DIA12_CV48_250ng_FAIMS_001 P1_KPAFLSGEQK P2_IEKILTFR 1 3,DIA12_CV48:20251228_A2_N1_Mueller_MS_TechHub_IMP_THIDDIAXL003_Cas9_PhoX_DIA12_CV48_250ng_FAIMS_001,382363,,,Q99ZW2,,,false,Q99ZW2,Q99ZW2,,false,IEKILTFR,KPAFLSGEQK,440,536,3,1,442,536,,-1,3,0,1.007276,63.780955
Scan: 489379 Run: DIA12_CV48:20251228_A2_N1_Mueller_MS_TechHub_IMP_THIDDIAXL003_Cas9_PhoX_DIA12_CV48_250ng_FAIMS_001 P1_NSDKLIAR P2_GILQTVKVVDELVK 4 7,DIA12_CV48:20251228_A2_N1_Mueller_MS_TechHub_IMP_THIDDIAXL003_Cas9_PhoX_DIA12_CV48_250ng_FAIMS_001,489379,,,Q99ZW2,,,false,Q99ZW2,Q99ZW2,,false,GILQTVKVVDELVK,NSDKLIAR,736,1115,7,4,742,1118,,-1,3,0,1.007276,63.772497
Scan: 1311703 Run: DIA12_CV48:20251228_A2_N1_Mueller_MS_TechHub_IMP_THIDDIAXL003_Cas9_PhoX_DIA12_CV48_250ng_FAIMS_003 P1_SSFEKNPIDFLEAK P2_NLPNEKVLPK 5 6,DIA12_CV48:20251228_A2_N1_Mueller_MS_TechHub_IMP_THIDDIAXL003_Cas9_PhoX_DIA12_CV48_250ng_FAIMS_003,1311703,,,Q99ZW2,,,false,Q99ZW2,Q99ZW2,,false,NLPNEKVLPK,SSFEKNPIDFLEAK,501,1172,6,5,506,1176,,-1,4,0,1.007276,63.657035
Scan: 1576412 Run: DIA12_CV48:20251228_A2_N1_Mueller_MS_TechHub_IMP_THIDDIAXL003_Cas9_PhoX_DIA12_CV48_250ng_FAIMS_003 P1_RQEDFYPFLKDNR P2_KPAFLSGEQK 10 1,DIA12_CV48:20251228_A2_N1_Mueller_MS_TechHub_IMP_THIDDIAXL003_Cas9_PhoX_DIA12_CV48_250ng_FAIMS_003,1576412,,,Q99ZW2,,,false,Q99ZW2,Q99ZW2,,false,KPAFLSGEQK,RQEDFYPFLKDNR,536,425,1,10,536,434,,-1,4,0,1.007276,63.590721
Scan: 495564 Run: DIA12_CV48:20251228_A2_N1_Mueller_MS_TechHub_IMP_THIDDIAXL003_Cas9_PhoX_DIA12_CV48_250ng_FAIMS_001 P1_TILDFLKSDGFANR P2_GILQTVKVVDELVK 7 7,DIA12_CV48:20251228_A2_N1_Mueller_MS_TechHub_IMP_THIDDIAXL003_Cas9_PhoX_DIA12_CV48_250ng_FAIMS_001,495564,,,Q99ZW2,,,false,Q99ZW2,Q99ZW2,,false,GILQTVKVVDELVK,TILDFLKSDGFANR,736,678,7,7,742,684,,-1,4,0,1.007276,63.542835
Scan: 1235280 Run: DIA12_CV48:20251228_A2_N1_Mueller_MS_TechHub_IMP_THIDDIAXL003_Cas9_PhoX_DIA12_CV48_250ng_FAIMS_003 P1_KTEVQTGGFSK P2_ENQTTQKGQK 1 7,DIA12_CV48:20251228_A2_N1_Mueller_MS_TechHub_IMP_THIDDIAXL003_Cas9_PhoX_DIA12_CV48_250ng_FAIMS_003,1235280,,,Q99ZW2,,,false,Q99ZW2,Q99ZW2,,false,ENQTTQKGQK,KTEVQTGGFSK,766,1097,7,1,772,1097,,-1,3,0,1.007276,63.494089
Scan: 1270333 Run: DIA12_CV48:20251228_A2_N1_Mueller_MS_TechHub_IMP_THIDDIAXL003_Cas9_PhoX_DIA12_CV48_250ng_FAIMS_003 P1_KPLISER P2_KLINGIR 1 1,DIA12_CV48:20251228_A2_N1_Mueller_MS_TechHub_IMP_THIDDIAXL003_Cas9_PhoX_DIA12_CV48_250ng_FAIMS_003,1270333,,,Q99ZW2,,,false,decoy:Q99ZW2,decoy,decoy,true,KLINGIR,KPLISER,665,1108,1,1,665,1108,,-1,4,0,1.007276,63.484627
Scan: 385537 Run: DIA12_CV48:20251228_A2_N1_Mueller_MS_TechHub_IMP_THIDDIAXL003_Cas9_PhoX_DIA12_CV48_250ng_FAIMS_001 P1_KPAFLSGEQK P2_KAIVDLLFK 1 1,DIA12_CV48:20251228_A2_N1_Mueller_MS_TechHub_IMP_THIDDIAXL003_Cas9_PhoX_DIA12_CV48_250ng_FAIMS_001,385537,,,Q99ZW2,,,false,Q99ZW2,Q99ZW2,,false,KAIVDLLFK,KPAFLSGEQK,546,536,1,1,546,536,,-1,4,0,1.007276,63.406884
Scan: 1542776 Run: DIA12_CV48:20251228_A2_N1_Mueller_MS_TechHub_IMP_THIDDIAXL003_Cas9_PhoX_DIA12_CV48_250ng_FAIMS_003 P1_SEETITPWNFEEVVDKGASAQSFIER P2_KLINGIR 16 1,DIA12_CV48:20251228_A2_N1_Mueller_MS_TechHub_IMP_THIDDIAXL003_Cas9_PhoX_DIA12_CV48_250ng_FAIMS_003,1542776,,,Q99ZW2,,,false,Q99ZW2,Q99ZW2,,false,KLINGIR,SEETITPWNFEEVVDKGASAQSFIER,665,469,1,16,665,484,,-1,4,0,1.007276,63.308641
Scan: 510211 Run: DIA12_CV48:20251228_A2_N1_Mueller_MS_TechHub_IMP_THIDDIAXL003_Cas9_PhoX_DIA12_CV48_250ng_FAIMS_001 P1_ENQTTQKGQK P2_DDSIDNKVLTR 7 7,DIA12_CV48:20251228_A2_N1_Mueller_MS_TechHub_IMP_THIDDIAXL003_Cas9_PhoX_DIA12_CV48_250ng_FAIMS_001,510211,,,Q99ZW2,,,false,Q99ZW2,Q99ZW2,,false,DDSIDNKVLTR,ENQTTQKGQK,849,766,7,7,855,772,,-1,3,0,1.007276,63.248829
Scan: 288880 Run: DIA12_CV48:20251228_A2_N1_Mueller_MS_TechHub_IMP_THIDDIAXL003_Cas9_PhoX_DIA12_CV48_250ng_FAIMS_001 P1_SEETITPWNFEEVVDKGASAQSFIER P2_QEDFYPFLKDNR 16 9,DIA12_CV48:20251228_A2_N1_Mueller_MS_TechHub_IMP_THIDDIAXL003_Cas9_PhoX_DIA12_CV48_250ng_FAIMS_001,288880,,,Q99ZW2,,,false,Q99ZW2,Q99ZW2,,false,QEDFYPFLKDNR,SEETITPWNFEEVVDKGASAQSFIER,426,469,9,16,434,484,,-1,4,0,1.007276,63.245967
Scan: 113505 Run: DIA12_CV48:20251228_A2_N1_Mueller_MS_TechHub_IMP_THIDDIAXL003_Cas9_PhoX_DIA12_CV48_250ng_FAIMS_001 P1_SSFEKNPIDFLEAK P2_KDLIIK 5 1,DIA12_CV48:20251228_A2_N1_Mueller_MS_TechHub_IMP_THIDDIAXL003_Cas9_PhoX_DIA12_CV48_250ng_FAIMS_001,113505,,,Q99ZW2,,,false,Q99ZW2,Q99ZW2,,false,KDLIIK,SSFEKNPIDFLEAK,1192,1172,1,5,1192,1176,,-1,3,0,1.007276,63.197107
Scan: 1113035 Run: DIA12_CV48:20251228_A2_N1_Mueller_MS_TechHub_IMP_THIDDIAXL003_Cas9_PhoX_DIA12_CV48_250ng_FAIMS_002 P1_IEEGIKELGSQILK P2_EHPVENTQLQNEKLYLYYLQNGR 6 13,DIA12_CV48:20251228_A2_N1_Mueller_MS_TechHub_IMP_THIDDIAXL003_Cas9_PhoX_DIA12_CV48_250ng_FAIMS_002,1113035,,,Q99ZW2,,,false,Q99ZW2,Q99ZW2,,false,EHPVENTQLQNEKLYLYYLQNGR,IEEGIKELGSQILK,798,784,13,6,810,789,,-1,4,0,1.007276,63.151253
Scan: 889308 Run: DIA12_CV48:20251228_A2_N1_Mueller_MS_TechHub_IMP_THIDDIAXL003_Cas9_PhoX_DIA12_CV48_250ng_FAIMS_002 P1_SEETITPWNFEEVVDKGASAQSFIER P2_EKIEKILTFR 16 5,DIA12_CV48:20251228_A2_N1_Mueller_MS_TechHub_IMP_THIDDIAXL003_Cas9_PhoX_DIA12_CV48_250ng_FAIMS_002,889308,,,Q99ZW2,,,false,Q99ZW2,Q99ZW2,,false,EKIEKILTFR,SEETITPWNFEEVVDKGASAQSFIER,438,469,5,16,442,484,,-1,4,0,1.007276,63.14296
Scan: 84987 Run: DIA12_CV48:20251228_A2_N1_Mueller_MS_TechHub_IMP_THIDDIAXL003_Cas9_PhoX_DIA12_CV48_250ng_FAIMS_001 P1_NSDKLIAR P2_KYGGFDSPTVAYSVLVVAK 4 1,DIA12_CV48:20251228_A2_N1_Mueller_MS_TechHub_IMP_THIDDIAXL003_Cas9_PhoX_DIA12_CV48_250ng_FAIMS_001,84987,,,Q99ZW2,,,false,Q99ZW2,Q99ZW2,,false,KYGGFDSPTVAYSVLVVAK,NSDKLIAR,1130,1115,1,4,1130,1118,,-1,3,0,1.007276,63.082829
Scan: 1158316 Run: DIA12_CV48:20251228_A2_N1_Mueller_MS_TechHub_IMP_THIDDIAXL003_Cas9_PhoX_DIA12_CV48_250ng_FAIMS_002 P1_KFDNLTK P2_GGLSELDKAGFIK 1 8,DIA12_CV48:20251228_A2_N1_Mueller_MS_TechHub_IMP_THIDDIAXL003_Cas9_PhoX_DIA12_CV48_250ng_FAIMS_002,1158316,,,Q99ZW2,,,false,Q99ZW2,Q99ZW2,,false,GGLSELDKAGFIK,KFDNLTK,906,896,8,1,913,896,,-1,3,0,1.007276,63.073876
Scan: 1606274 Run: DIA12_CV48:20251228_A2_N1_Mueller_MS_TechHub_IMP_THIDDIAXL003_Cas9_PhoX_DIA12_CV48_250ng_FAIMS_003 P1_VTVKQLK P2_EDYFKK 4 5,DIA12_CV48:20251228_A2_N1_Mueller_MS_TechHub_IMP_THIDDIAXL003_Cas9_PhoX_DIA12_CV48_250ng_FAIMS_003,1606274,,,Q99ZW2,,,false,Q99ZW2,Q99ZW2,,false,EDYFKK,VTVKQLK,566,559,5,4,570,562,,-1,3,0,1.007276,62.927774
Scan: 404836 Run: DIA12_CV48:20251228_A2_N1_Mueller_MS_TechHub_IMP_THIDDIAXL003_Cas9_PhoX_DIA12_CV48_250ng_FAIMS_001 P1_TILDFLKSDGFANR P2_KAIVDLLFK 7 1,DIA12_CV48:20251228_A2_N1_Mueller_MS_TechHub_IMP_THIDDIAXL003_Cas9_PhoX_DIA12_CV48_250ng_FAIMS_001,404836,,,Q99ZW2,,,false,Q99ZW2,Q99ZW2,,false,KAIVDLLFK,TILDFLKSDGFANR,546,678,1,7,546,684,,-1,3,0,1.007276,62.893785
Scan: 1305940 Run: DIA12_CV48:20251228_A2_N1_Mueller_MS_TechHub_IMP_THIDDIAXL003_Cas9_PhoX_DIA12_CV48_250ng_FAIMS_003 P1_SSFEKNPIDFLEAK P2_NSDKLIAR 5 4,DIA12_CV48:20251228_A2_N1_Mueller_MS_TechHub_IMP_THIDDIAXL003_Cas9_PhoX_DIA12_CV48_250ng_FAIMS_003,1305940,,,Q99ZW2,,,false,Q99ZW2,Q99ZW2,,false,NSDKLIAR,SSFEKNPIDFLEAK,1115,1172,4,5,1118,1176,,-1,3,0,1.007276,62.861024
Scan: 1702900 Run: DIA12_CV48:20251228_A2_N1_Mueller_MS_TechHub_IMP_THIDDIAXL003_Cas9_PhoX_DIA12_CV48_250ng_FAIMS_003 P1_KKDWDPK P2_ENQTTQKGQK 1 7,DIA12_CV48:20251228_A2_N1_Mueller_MS_TechHub_IMP_THIDDIAXL003_Cas9_PhoX_DIA12_CV48_250ng_FAIMS_003,1702900,,,Q99ZW2,,,false,Q99ZW2,Q99ZW2,,false,ENQTTQKGQK,KKDWDPK,766,1123,7,1,772,1123,,-1,3,0,1.007276,62.785758
Scan: 1143602 Run: DIA12_CV48:20251228_A2_N1_Mueller_MS_TechHub_IMP_THIDDIAXL003_Cas9_PhoX_DIA12_CV48_250ng_FAIMS_002 P1_KVTVK P2_GKSDNVPSEEVVK 1 2,DIA12_CV48:20251228_A2_N1_Mueller_MS_TechHub_IMP_THIDDIAXL003_Cas9_PhoX_DIA12_CV48_250ng_FAIMS_002,1143602,,,Q99ZW2,,,false,Q99ZW2,Q99ZW2,,false,GKSDNVPSEEVVK,KVTVK,865,558,2,1,866,558,,-1,3,0,1.007276,62.780443
Scan: 983099 Run: DIA12_CV48:20251228_A2_N1_Mueller_MS_TechHub_IMP_THIDDIAXL003_Cas9_PhoX_DIA12_CV48_250ng_FAIMS_002 P1_VTVKQLK P2_KPAFLSGEQK 4 1,DIA12_CV48:20251228_A2_N1_Mueller_MS_TechHub_IMP_THIDDIAXL003_Cas9_PhoX_DIA12_CV48_250ng_FAIMS_002,983099,,,Q99ZW2,,,false,Q99ZW2,Q99ZW2,,false,KPAFLSGEQK,VTVKQLK,536,559,1,4,536,562,,-1,3,0,1.007276,62.778122
Scan: 1778337 Run: DIA12_CV48:20251228_A2_N1_Mueller_MS_TechHub_IMP_THIDDIAXL003_Cas9_PhoX_DIA12_CV48_250ng_FAIMS_003 P1_KPAFLSGEQK P2_ILKDNEDYR 1 3,DIA12_CV48:20251228_A2_N1_Mueller_MS_TechHub_IMP_THIDDIAXL003_Cas9_PhoX_DIA12_CV48_250ng_FAIMS_003,1778337,,,decoy:Q99ZW2,decoy,decoy,true,Q99ZW2,Q99ZW2,,false,ILKDNEDYR,KPAFLSGEQK,943,536,3,1,945,536,,-1,3,0,1.007276,62.739988
Scan: 737291 Run: DIA12_CV48:20251228_A2_N1_Mueller_MS_TechHub_IMP_THIDDIAXL003_Cas9_PhoX_DIA12_CV48_250ng_FAIMS_002 P1_KTEVQTGGFSKESILPK P2_DLIIKLPK 11 5,DIA12_CV48:20251228_A2_N1_Mueller_MS_TechHub_IMP_THIDDIAXL003_Cas9_PhoX_DIA12_CV48_250ng_FAIMS_002,737291,,,Q99ZW2,,,false,Q99ZW2,Q99ZW2,,false,DLIIKLPK,KTEVQTGGFSKESILPK,1193,1097,5,11,1197,1107,,-1,4,0,1.007276,62.685085
Scan: 110556 Run: DIA12_CV48:20251228_A2_N1_Mueller_MS_TechHub_IMP_THIDDIAXL003_Cas9_PhoX_DIA12_CV48_250ng_FAIMS_001 P1_SSFEKNPIDFLEAK P2_KMIAK 5 1,DIA12_CV48:20251228_A2_N1_Mueller_MS_TechHub_IMP_THIDDIAXL003_Cas9_PhoX_DIA12_CV48_250ng_FAIMS_001,110556,,,Q99ZW2,,,false,Q99ZW2,Q99ZW2,,false,KMIAK,SSFEKNPIDFLEAK,1020,1172,1,5,1020,1176,,-1,3,0,1.007276,62.671222
Scan: 429950 Run: DIA12_CV48:20251228_A2_N1_Mueller_MS_TechHub_IMP_THIDDIAXL003_Cas9_PhoX_DIA12_CV48_250ng_FAIMS_001 P1_NLPNEKVLPK P2_KLINGIR 6 1,DIA12_CV48:20251228_A2_N1_Mueller_MS_TechHub_IMP_THIDDIAXL003_Cas9_PhoX_DIA12_CV48_250ng_FAIMS_001,429950,,,Q99ZW2,,,false,Q99ZW2,Q99ZW2,,false,KLINGIR,NLPNEKVLPK,665,501,1,6,665,506,,-1,3,0,1.007276,62.643939
Scan: 1497103 Run: DIA12_CV48:20251228_A2_N1_Mueller_MS_TechHub_IMP_THIDDIAXL003_Cas9_PhoX_DIA12_CV48_250ng_FAIMS_003 P1_KSEETITPWNFEEVVDK P2_DLIIKLPK 1 5,DIA12_CV48:20251228_A2_N1_Mueller_MS_TechHub_IMP_THIDDIAXL003_Cas9_PhoX_DIA12_CV48_250ng_FAIMS_003,1497103,,,Q99ZW2,,,false,Q99ZW2,Q99ZW2,,false,DLIIKLPK,KSEETITPWNFEEVVDK,1193,468,5,1,1197,468,,-1,4,0,1.007276,62.598721
Scan: 1539857 Run: DIA12_CV48:20251228_A2_N1_Mueller_MS_TechHub_IMP_THIDDIAXL003_Cas9_PhoX_DIA12_CV48_250ng_FAIMS_003 P1_SEETITPWNFEEVVDKGASAQSFIER P2_MTNFDKNLPNEK 16 6,DIA12_CV48:20251228_A2_N1_Mueller_MS_TechHub_IMP_THIDDIAXL003_Cas9_PhoX_DIA12_CV48_250ng_FAIMS_003,1539857,,,Q99ZW2,,,false,Q99ZW2,Q99ZW2,,false,MTNFDKNLPNEK,SEETITPWNFEEVVDKGASAQSFIER,495,469,6,16,500,484,,-1,4,0,1.007276,62.462052
Scan: 1007963 Run: DIA12_CV48:20251228_A2_N1_Mueller_MS_TechHub_IMP_THIDDIAXL003_Cas9_PhoX_DIA12_CV48_250ng_FAIMS_002 P1_LQKVTVKK P2_KIECFDSVEISGVEDR 3 1,DIA12_CV48:20251228_A2_N1_Mueller_MS_TechHub_IMP_THIDDIAXL003_Cas9_PhoX_DIA12_CV48_250ng_FAIMS_002,1007963,,,Q99ZW2,,,false,decoy:Q99ZW2,decoy,decoy,true,KIECFDSVEISGVEDR,LQKVTVKK,571,558,1,3,571,560,,-1,3,0,1.007276,62.459609
Scan: 1273622 Run: DIA12_CV48:20251228_A2_N1_Mueller_MS_TechHub_IMP_THIDDIAXL003_Cas9_PhoX_DIA12_CV48_250ng_FAIMS_003 P1_KLINGIR P2_ESILPKR 1 6,DIA12_CV48:20251228_A2_N1_Mueller_MS_TechHub_IMP_THIDDIAXL003_Cas9_PhoX_DIA12_CV48_250ng_FAIMS_003,1273622,,,Q99ZW2,,,false,Q99ZW2,Q99ZW2,,false,ESILPKR,KLINGIR,1108,665,6,1,1113,665,,-1,3,0,1.007276,62.455406
Scan: 83373 Run: DIA12_CV48:20251228_A2_N1_Mueller_MS_TechHub_IMP_THIDDIAXL003_Cas9_PhoX_DIA12_CV48_250ng_FAIMS_001 P1_RNSDKLIAR P2_KDWDPK 5 1,DIA12_CV48:20251228_A2_N1_Mueller_MS_TechHub_IMP_THIDDIAXL003_Cas9_PhoX_DIA12_CV48_250ng_FAIMS_001,83373,,,Q99ZW2,,,false,Q99ZW2,Q99ZW2,,false,KDWDPK,RNSDKLIAR,1124,1114,1,5,1124,1118,,-1,4,0,1.007276,62.367868
Scan: 306178 Run: DIA12_CV48:20251228_A2_N1_Mueller_MS_TechHub_IMP_THIDDIAXL003_Cas9_PhoX_DIA12_CV48_250ng_FAIMS_001 P1_KSEETITPWNFEEVVDK P2_EKIEKILTFR 1 2,DIA12_CV48:20251228_A2_N1_Mueller_MS_TechHub_IMP_THIDDIAXL003_Cas9_PhoX_DIA12_CV48_250ng_FAIMS_001,306178,,,Q99ZW2,,,false,Q99ZW2,Q99ZW2,,false,EKIEKILTFR,KSEETITPWNFEEVVDK,438,468,2,1,439,468,,-1,4,0,1.007276,62.35498
Scan: 1142402 Run: DIA12_CV48:20251228_A2_N1_Mueller_MS_TechHub_IMP_THIDDIAXL003_Cas9_PhoX_DIA12_CV48_250ng_FAIMS_002 P1_QQLPEKYK P2_GKSDNVPSEEVVK 6 2,DIA12_CV48:20251228_A2_N1_Mueller_MS_TechHub_IMP_THIDDIAXL003_Cas9_PhoX_DIA12_CV48_250ng_FAIMS_002,1142402,,,Q99ZW2,,,false,Q99ZW2,Q99ZW2,,false,GKSDNVPSEEVVK,QQLPEKYK,865,341,2,6,866,346,,-1,3,0,1.007276,62.323593
Scan: 686806 Run: DIA12_CV48:20251228_A2_N1_Mueller_MS_TechHub_IMP_THIDDIAXL003_Cas9_PhoX_DIA12_CV48_250ng_FAIMS_002 P1_NSDKLIAR P2_MGETVYKVR 4 7,DIA12_CV48:20251228_A2_N1_Mueller_MS_TechHub_IMP_THIDDIAXL003_Cas9_PhoX_DIA12_CV48_250ng_FAIMS_002,686806,,,decoy:Q99ZW2,decoy,decoy,true,Q99ZW2,Q99ZW2,,false,MGETVYKVR,NSDKLIAR,527,1115,7,4,533,1118,,-1,3,0,1.007276,62.293529
Scan: 250605 Run: DIA12_CV48:20251228_A2_N1_Mueller_MS_TechHub_IMP_THIDDIAXL003_Cas9_PhoX_DIA12_CV48_250ng_FAIMS_001 P1_YDEHHQDLTLLKALVR P2_SEETITPWNFEEVVDKGASAQSFIER 12 16,DIA12_CV48:20251228_A2_N1_Mueller_MS_TechHub_IMP_THIDDIAXL003_Cas9_PhoX_DIA12_CV48_250ng_FAIMS_001,250605,,,Q99ZW2,,,false,Q99ZW2,Q99ZW2,,false,SEETITPWNFEEVVDKGASAQSFIER,YDEHHQDLTLLKALVR,469,325,16,12,484,336,,-1,5,0,1.007276,62.290502
Scan: 1210678 Run: DIA12_CV48:20251228_A2_N1_Mueller_MS_TechHub_IMP_THIDDIAXL003_Cas9_PhoX_DIA12_CV48_250ng_FAIMS_003 P1_SEQEIGKATAK P2_ELGSQILKEHPVENTQLQNEK 7 8,DIA12_CV48:20251228_A2_N1_Mueller_MS_TechHub_IMP_THIDDIAXL003_Cas9_PhoX_DIA12_CV48_250ng_FAIMS_003,1210678,,,Q99ZW2,,,false,Q99ZW2,Q99ZW2,,false,ELGSQILKEHPVENTQLQNEK,SEQEIGKATAK,790,1025,8,7,797,1031,,-1,4,0,1.007276,62.252373
Scan: 1201847 Run: DIA12_CV48:20251228_A2_N1_Mueller_MS_TechHub_IMP_THIDDIAXL003_Cas9_PhoX_DIA12_CV48_250ng_FAIMS_003 P1_LESEFVYGDYKVYDVR P2_GKSDNVPSEEVVK 11 2,DIA12_CV48:20251228_A2_N1_Mueller_MS_TechHub_IMP_THIDDIAXL003_Cas9_PhoX_DIA12_CV48_250ng_FAIMS_003,1201847,,,Q99ZW2,,,false,Q99ZW2,Q99ZW2,,false,GKSDNVPSEEVVK,LESEFVYGDYKVYDVR,865,1004,2,11,866,1014,,-1,4,0,1.007276,62.206327
Scan: 1577644 Run: DIA12_CV48:20251228_A2_N1_Mueller_MS_TechHub_IMP_THIDDIAXL003_Cas9_PhoX_DIA12_CV48_250ng_FAIMS_003 P1_VLPKHSLLYEYFTVYNELTK P2_KPAFLSGEQK 4 1,DIA12_CV48:20251228_A2_N1_Mueller_MS_TechHub_IMP_THIDDIAXL003_Cas9_PhoX_DIA12_CV48_250ng_FAIMS_003,1577644,,,Q99ZW2,,,false,Q99ZW2,Q99ZW2,,false,KPAFLSGEQK,VLPKHSLLYEYFTVYNELTK,536,507,1,4,536,510,,-1,4,0,1.007276,62.195983
Scan: 947254 Run: DIA12_CV48:20251228_A2_N1_Mueller_MS_TechHub_IMP_THIDDIAXL003_Cas9_PhoX_DIA12_CV48_250ng_FAIMS_002 P1_KSEETITPWNFEEVVDKGASAQSFIER P2_GILQTVKVVDELVK 17 7,DIA12_CV48:20251228_A2_N1_Mueller_MS_TechHub_IMP_THIDDIAXL003_Cas9_PhoX_DIA12_CV48_250ng_FAIMS_002,947254,,,Q99ZW2,,,false,Q99ZW2,Q99ZW2,,false,GILQTVKVVDELVK,KSEETITPWNFEEVVDKGASAQSFIER,736,468,7,17,742,484,,-1,5,0,1.007276,62.126385
Scan: 1645772 Run: DIA12_CV48:20251228_A2_N1_Mueller_MS_TechHub_IMP_THIDDIAXL003_Cas9_PhoX_DIA12_CV48_250ng_FAIMS_003 P1_TEVQTGGFSKESILPK P2_EDIQKAQVSGQGDSLHEHIANLAGSPAIK 10 5,DIA12_CV48:20251228_A2_N1_Mueller_MS_TechHub_IMP_THIDDIAXL003_Cas9_PhoX_DIA12_CV48_250ng_FAIMS_003,1645772,,,Q99ZW2,,,false,Q99ZW2,Q99ZW2,,false,EDIQKAQVSGQGDSLHEHIANLAGSPAIK,TEVQTGGFSKESILPK,706,1098,5,10,710,1107,,-1,5,0,1.007276,62.121772
Scan: 68314 Run: DIA12_CV48:20251228_A2_N1_Mueller_MS_TechHub_IMP_THIDDIAXL003_Cas9_PhoX_DIA12_CV48_250ng_FAIMS_001 P1_KTEVQTGGFSKESILPK P2_DLIIKLPK 11 5,DIA12_CV48:20251228_A2_N1_Mueller_MS_TechHub_IMP_THIDDIAXL003_Cas9_PhoX_DIA12_CV48_250ng_FAIMS_001,68314,,,Q99ZW2,,,false,Q99ZW2,Q99ZW2,,false,DLIIKLPK,KTEVQTGGFSKESILPK,1193,1097,5,11,1197,1107,,-1,3,0,1.007276,62.109499
Scan: 958018 Run: DIA12_CV48:20251228_A2_N1_Mueller_MS_TechHub_IMP_THIDDIAXL003_Cas9_PhoX_DIA12_CV48_250ng_FAIMS_002 P1_VLPKHSLLYEYFTVYNELTK P2_SEQEIGKATAK 4 7,DIA12_CV48:20251228_A2_N1_Mueller_MS_TechHub_IMP_THIDDIAXL003_Cas9_PhoX_DIA12_CV48_250ng_FAIMS_002,958018,,,Q99ZW2,,,false,Q99ZW2,Q99ZW2,,false,SEQEIGKATAK,VLPKHSLLYEYFTVYNELTK,1025,507,7,4,1031,510,,-1,4,0,1.007276,62.052807
Scan: 1702768 Run: DIA12_CV48:20251228_A2_N1_Mueller_MS_TechHub_IMP_THIDDIAXL003_Cas9_PhoX_DIA12_CV48_250ng_FAIMS_003 P1_ESILPKR P2_ENQTTQKGQK 6 7,DIA12_CV48:20251228_A2_N1_Mueller_MS_TechHub_IMP_THIDDIAXL003_Cas9_PhoX_DIA12_CV48_250ng_FAIMS_003,1702768,,,Q99ZW2,,,false,Q99ZW2,Q99ZW2,,false,ENQTTQKGQK,ESILPKR,766,1108,7,6,772,1113,,-1,3,0,1.007276,61.84237
Scan: 1777240 Run: DIA12_CV48:20251228_A2_N1_Mueller_MS_TechHub_IMP_THIDDIAXL003_Cas9_PhoX_DIA12_CV48_250ng_FAIMS_003 P1_SEQEIGKATAK P2_ILKDNEDYR 7 3,DIA12_CV48:20251228_A2_N1_Mueller_MS_TechHub_IMP_THIDDIAXL003_Cas9_PhoX_DIA12_CV48_250ng_FAIMS_003,1777240,,,decoy:Q99ZW2,decoy,decoy,true,Q99ZW2,Q99ZW2,,false,ILKDNEDYR,SEQEIGKATAK,943,1025,3,7,945,1031,,-1,3,0,1.007276,61.826695
Scan: 1200432 Run: DIA12_CV48:20251228_A2_N1_Mueller_MS_TechHub_IMP_THIDDIAXL003_Cas9_PhoX_DIA12_CV48_250ng_FAIMS_003 P1_MIAKSEQEIGK P2_LESEFVYGDYKVYDVR 4 11,DIA12_CV48:20251228_A2_N1_Mueller_MS_TechHub_IMP_THIDDIAXL003_Cas9_PhoX_DIA12_CV48_250ng_FAIMS_003,1200432,,,Q99ZW2,,,false,Q99ZW2,Q99ZW2,,false,LESEFVYGDYKVYDVR,MIAKSEQEIGK,1004,1021,11,4,1014,1024,,-1,4,0,1.007276,61.822326
Scan: 1335461 Run: DIA12_CV48:20251228_A2_N1_Mueller_MS_TechHub_IMP_THIDDIAXL003_Cas9_PhoX_DIA12_CV48_250ng_FAIMS_003 P1_EDIQKAQVSGQGDSLHEHIANLAGSPAIK P2_DLIIKLPK 5 5,DIA12_CV48:20251228_A2_N1_Mueller_MS_TechHub_IMP_THIDDIAXL003_Cas9_PhoX_DIA12_CV48_250ng_FAIMS_003,1335461,,,Q99ZW2,,,false,Q99ZW2,Q99ZW2,,false,DLIIKLPK,EDIQKAQVSGQGDSLHEHIANLAGSPAIK,1193,706,5,5,1197,710,,-1,4,0,1.007276,61.811143
Scan: 802201 Run: DIA12_CV48:20251228_A2_N1_Mueller_MS_TechHub_IMP_THIDDIAXL003_Cas9_PhoX_DIA12_CV48_250ng_FAIMS_002 P1_NSDKLIAR P2_LDAKDTSDVLR 4 4,DIA12_CV48:20251228_A2_N1_Mueller_MS_TechHub_IMP_THIDDIAXL003_Cas9_PhoX_DIA12_CV48_250ng_FAIMS_002,802201,,,decoy:Q99ZW2,decoy,decoy,true,Q99ZW2,Q99ZW2,,false,LDAKDTSDVLR,NSDKLIAR,142,1115,4,4,145,1118,,-1,3,0,1.007276,61.746176
Scan: 1298211 Run: DIA12_CV48:20251228_A2_N1_Mueller_MS_TechHub_IMP_THIDDIAXL003_Cas9_PhoX_DIA12_CV48_250ng_FAIMS_003 P1_RNSDKLIAR P2_KYGGFDSPTVAYSVLVVAK 5 1,DIA12_CV48:20251228_A2_N1_Mueller_MS_TechHub_IMP_THIDDIAXL003_Cas9_PhoX_DIA12_CV48_250ng_FAIMS_003,1298211,,,Q99ZW2,,,false,Q99ZW2,Q99ZW2,,false,KYGGFDSPTVAYSVLVVAK,RNSDKLIAR,1130,1114,1,5,1130,1118,,-1,4,0,1.007276,61.714924
Scan: 429663 Run: DIA12_CV48:20251228_A2_N1_Mueller_MS_TechHub_IMP_THIDDIAXL003_Cas9_PhoX_DIA12_CV48_250ng_FAIMS_001 P1_KSEETITPWNFEEVVDKGASAQSFIER P2_KLINGIR 17 1,DIA12_CV48:20251228_A2_N1_Mueller_MS_TechHub_IMP_THIDDIAXL003_Cas9_PhoX_DIA12_CV48_250ng_FAIMS_001,429663,,,Q99ZW2,,,false,Q99ZW2,Q99ZW2,,false,KLINGIR,KSEETITPWNFEEVVDKGASAQSFIER,665,468,1,17,665,484,,-1,5,0,1.007276,61.700994
Scan: 713749 Run: DIA12_CV48:20251228_A2_N1_Mueller_MS_TechHub_IMP_THIDDIAXL003_Cas9_PhoX_DIA12_CV48_250ng_FAIMS_002 P1_SSFEKNPIDFLEAK P2_SEETITPWNFEEVVDKGASAQSFIER 5 16,DIA12_CV48:20251228_A2_N1_Mueller_MS_TechHub_IMP_THIDDIAXL003_Cas9_PhoX_DIA12_CV48_250ng_FAIMS_002,713749,,,Q99ZW2,,,false,Q99ZW2,Q99ZW2,,false,SEETITPWNFEEVVDKGASAQSFIER,SSFEKNPIDFLEAK,469,1172,16,5,484,1176,,-1,4,0,1.007276,61.684462
Scan: 360257 Run: DIA12_CV48:20251228_A2_N1_Mueller_MS_TechHub_IMP_THIDDIAXL003_Cas9_PhoX_DIA12_CV48_250ng_FAIMS_001 P1_NLPNEKVLPK P2_KTEVQTGGFSKESILPK 6 1,DIA12_CV48:20251228_A2_N1_Mueller_MS_TechHub_IMP_THIDDIAXL003_Cas9_PhoX_DIA12_CV48_250ng_FAIMS_001,360257,,,Q99ZW2,,,false,Q99ZW2,Q99ZW2,,false,KTEVQTGGFSKESILPK,NLPNEKVLPK,1097,501,1,6,1097,506,,-1,4,0,1.007276,61.64831
Scan: 564907 Run: DIA12_CV48:20251228_A2_N1_Mueller_MS_TechHub_IMP_THIDDIAXL003_Cas9_PhoX_DIA12_CV48_250ng_FAIMS_001 P1_KFDNLTKAER P2_GKSDNVPSEEVVK 7 2,DIA12_CV48:20251228_A2_N1_Mueller_MS_TechHub_IMP_THIDDIAXL003_Cas9_PhoX_DIA12_CV48_250ng_FAIMS_001,564907,,,Q99ZW2,,,false,Q99ZW2,Q99ZW2,,false,GKSDNVPSEEVVK,KFDNLTKAER,865,896,2,7,866,902,,-1,3,0,1.007276,61.613287
Scan: 684617 Run: DIA12_CV48:20251228_A2_N1_Mueller_MS_TechHub_IMP_THIDDIAXL003_Cas9_PhoX_DIA12_CV48_250ng_FAIMS_002 P1_SNFDLAEDAKLQLSK P2_NSDKLIAR 10 4,DIA12_CV48:20251228_A2_N1_Mueller_MS_TechHub_IMP_THIDDIAXL003_Cas9_PhoX_DIA12_CV48_250ng_FAIMS_002,684617,,,Q99ZW2,,,false,Q99ZW2,Q99ZW2,,false,NSDKLIAR,SNFDLAEDAKLQLSK,1115,254,4,10,1118,263,,-1,3,0,1.007276,61.538471
Scan: 1190526 Run: DIA12_CV48:20251228_A2_N1_Mueller_MS_TechHub_IMP_THIDDIAXL003_Cas9_PhoX_DIA12_CV48_250ng_FAIMS_002 P1_KDFQFYK P2_GSPEDNEQKQLFVEQHK 1 9,DIA12_CV48:20251228_A2_N1_Mueller_MS_TechHub_IMP_THIDDIAXL003_Cas9_PhoX_DIA12_CV48_250ng_FAIMS_002,1190526,,,Q99ZW2,,,false,Q99ZW2,Q99ZW2,,false,GSPEDNEQKQLFVEQHK,KDFQFYK,1247,968,9,1,1255,968,,-1,3,0,1.007276,61.515321
Scan: 1172037 Run: DIA12_CV48:20251228_A2_N1_Mueller_MS_TechHub_IMP_THIDDIAXL003_Cas9_PhoX_DIA12_CV48_250ng_FAIMS_002 P1_VITLKSK P2_QITKHVAQILDSR 5 4,DIA12_CV48:20251228_A2_N1_Mueller_MS_TechHub_IMP_THIDDIAXL003_Cas9_PhoX_DIA12_CV48_250ng_FAIMS_002,1172037,,,Q99ZW2,,,false,Q99ZW2,Q99ZW2,,false,QITKHVAQILDSR,VITLKSK,926,955,4,5,929,959,,-1,3,0,1.007276,61.448761
Scan: 427920 Run: DIA12_CV48:20251228_A2_N1_Mueller_MS_TechHub_IMP_THIDDIAXL003_Cas9_PhoX_DIA12_CV48_250ng_FAIMS_001 P1_KLINGIR P2_KDWDPK 1 1,DIA12_CV48:20251228_A2_N1_Mueller_MS_TechHub_IMP_THIDDIAXL003_Cas9_PhoX_DIA12_CV48_250ng_FAIMS_001,427920,,,Q99ZW2,,,false,Q99ZW2,Q99ZW2,,false,KDWDPK,KLINGIR,1124,665,1,1,1124,665,,-1,4,0,1.007276,61.393013
Scan: 1591755 Run: DIA12_CV48:20251228_A2_N1_Mueller_MS_TechHub_IMP_THIDDIAXL003_Cas9_PhoX_DIA12_CV48_250ng_FAIMS_003 P1_QEGSLFAPKK P2_KPAFLSGEQK 9 1,DIA12_CV48:20251228_A2_N1_Mueller_MS_TechHub_IMP_THIDDIAXL003_Cas9_PhoX_DIA12_CV48_250ng_FAIMS_003,1591755,,,Q99ZW2,,,false,decoy:Q99ZW2,decoy,decoy,true,KPAFLSGEQK,QEGSLFAPKK,536,536,1,9,536,544,,-1,4,0,1.007276,61.382137
Scan: 1767832 Run: DIA12_CV48:20251228_A2_N1_Mueller_MS_TechHub_IMP_THIDDIAXL003_Cas9_PhoX_DIA12_CV48_250ng_FAIMS_003 P1_QITKHVAQILDSR P2_DDSIDNKVLTR 4 7,DIA12_CV48:20251228_A2_N1_Mueller_MS_TechHub_IMP_THIDDIAXL003_Cas9_PhoX_DIA12_CV48_250ng_FAIMS_003,1767832,,,Q99ZW2,,,false,Q99ZW2,Q99ZW2,,false,DDSIDNKVLTR,QITKHVAQILDSR,849,926,7,4,855,929,,-1,4,0,1.007276,61.373872
Scan: 687532 Run: DIA12_CV48:20251228_A2_N1_Mueller_MS_TechHub_IMP_THIDDIAXL003_Cas9_PhoX_DIA12_CV48_250ng_FAIMS_002 P1_NSDKLIAR P2_KLINGIR 4 1,DIA12_CV48:20251228_A2_N1_Mueller_MS_TechHub_IMP_THIDDIAXL003_Cas9_PhoX_DIA12_CV48_250ng_FAIMS_002,687532,,,Q99ZW2,,,false,Q99ZW2,Q99ZW2,,false,KLINGIR,NSDKLIAR,665,1115,1,4,665,1118,,-1,4,0,1.007276,61.360993
Scan: 79157 Run: DIA12_CV48:20251228_A2_N1_Mueller_MS_TechHub_IMP_THIDDIAXL003_Cas9_PhoX_DIA12_CV48_250ng_FAIMS_001 P1_IEKILTFR P2_ESILPKR 3 6,DIA12_CV48:20251228_A2_N1_Mueller_MS_TechHub_IMP_THIDDIAXL003_Cas9_PhoX_DIA12_CV48_250ng_FAIMS_001,79157,,,Q99ZW2,,,false,Q99ZW2,Q99ZW2,,false,ESILPKR,IEKILTFR,1108,440,6,3,1113,442,,-1,3,0,1.007276,61.351191
Scan: 695020 Run: DIA12_CV48:20251228_A2_N1_Mueller_MS_TechHub_IMP_THIDDIAXL003_Cas9_PhoX_DIA12_CV48_250ng_FAIMS_002 P1_KKDWDPK P2_KDWDPK 1 1,DIA12_CV48:20251228_A2_N1_Mueller_MS_TechHub_IMP_THIDDIAXL003_Cas9_PhoX_DIA12_CV48_250ng_FAIMS_002,695020,,,Q99ZW2,,,false,Q99ZW2,Q99ZW2,,false,KDWDPK,KKDWDPK,1124,1123,1,1,1124,1123,,-1,3,0,1.007276,61.325957
Scan: 1652610 Run: DIA12_CV48:20251228_A2_N1_Mueller_MS_TechHub_IMP_THIDDIAXL003_Cas9_PhoX_DIA12_CV48_250ng_FAIMS_003 P1_KPAFLSGEQK P2_EDIQKAQVSGQGDSLHEHIANLAGSPAIK 1 5,DIA12_CV48:20251228_A2_N1_Mueller_MS_TechHub_IMP_THIDDIAXL003_Cas9_PhoX_DIA12_CV48_250ng_FAIMS_003,1652610,,,Q99ZW2,,,false,Q99ZW2,Q99ZW2,,false,EDIQKAQVSGQGDSLHEHIANLAGSPAIK,KPAFLSGEQK,706,536,5,1,710,536,,-1,4,0,1.007276,61.311372
Scan: 62961 Run: DIA12_CV48:20251228_A2_N1_Mueller_MS_TechHub_IMP_THIDDIAXL003_Cas9_PhoX_DIA12_CV48_250ng_FAIMS_001 P1_NSDKLIAR P2_KTEVQTGGFSKESILPK 4 11,DIA12_CV48:20251228_A2_N1_Mueller_MS_TechHub_IMP_THIDDIAXL003_Cas9_PhoX_DIA12_CV48_250ng_FAIMS_001,62961,,,Q99ZW2,,,false,Q99ZW2,Q99ZW2,,false,KTEVQTGGFSKESILPK,NSDKLIAR,1097,1115,11,4,1107,1118,,-1,3,0,1.007276,61.304212
Scan: 363326 Run: DIA12_CV48:20251228_A2_N1_Mueller_MS_TechHub_IMP_THIDDIAXL003_Cas9_PhoX_DIA12_CV48_250ng_FAIMS_001 P1_VLPKHSLLYEYFTVYNELTK P2_KSEETITPWNFEEVVDK 4 1,DIA12_CV48:20251228_A2_N1_Mueller_MS_TechHub_IMP_THIDDIAXL003_Cas9_PhoX_DIA12_CV48_250ng_FAIMS_001,363326,,,Q99ZW2,,,false,Q99ZW2,Q99ZW2,,false,KSEETITPWNFEEVVDK,VLPKHSLLYEYFTVYNELTK,468,507,1,4,468,510,,-1,4,0,1.007276,61.30336
Scan: 940908 Run: DIA12_CV48:20251228_A2_N1_Mueller_MS_TechHub_IMP_THIDDIAXL003_Cas9_PhoX_DIA12_CV48_250ng_FAIMS_002 P1_YKEIFFDQSK P2_SEETITPWNFEEVVDKGASAQSFIER 2 16,DIA12_CV48:20251228_A2_N1_Mueller_MS_TechHub_IMP_THIDDIAXL003_Cas9_PhoX_DIA12_CV48_250ng_FAIMS_002,940908,,,Q99ZW2,,,false,Q99ZW2,Q99ZW2,,false,SEETITPWNFEEVVDKGASAQSFIER,YKEIFFDQSK,469,347,16,2,484,348,,-1,4,0,1.007276,61.301424
Scan: 242437 Run: DIA12_CV48:20251228_A2_N1_Mueller_MS_TechHub_IMP_THIDDIAXL003_Cas9_PhoX_DIA12_CV48_250ng_FAIMS_001 P1_LENLIAQLPGEKK P2_FKVLGNTDR 12 2,DIA12_CV48:20251228_A2_N1_Mueller_MS_TechHub_IMP_THIDDIAXL003_Cas9_PhoX_DIA12_CV48_250ng_FAIMS_001,242437,,,Q99ZW2,,,false,Q99ZW2,Q99ZW2,,false,FKVLGNTDR,LENLIAQLPGEKK,32,222,2,12,33,233,,-1,3,0,1.007276,61.283415
Scan: 1282164 Run: DIA12_CV48:20251228_A2_N1_Mueller_MS_TechHub_IMP_THIDDIAXL003_Cas9_PhoX_DIA12_CV48_250ng_FAIMS_003 P1_YKEIFFDQSK P2_RNSDKLIAR 2 5,DIA12_CV48:20251228_A2_N1_Mueller_MS_TechHub_IMP_THIDDIAXL003_Cas9_PhoX_DIA12_CV48_250ng_FAIMS_003,1282164,,,Q99ZW2,,,false,Q99ZW2,Q99ZW2,,false,RNSDKLIAR,YKEIFFDQSK,1114,347,5,2,1118,348,,-1,3,0,1.007276,61.253927
Scan: 1026594 Run: DIA12_CV48:20251228_A2_N1_Mueller_MS_TechHub_IMP_THIDDIAXL003_Cas9_PhoX_DIA12_CV48_250ng_FAIMS_002 P1_KSEETITPWNFEEVVDK P2_KLINGIR 1 1,DIA12_CV48:20251228_A2_N1_Mueller_MS_TechHub_IMP_THIDDIAXL003_Cas9_PhoX_DIA12_CV48_250ng_FAIMS_002,1026594,,,Q99ZW2,,,false,Q99ZW2,Q99ZW2,,false,KLINGIR,KSEETITPWNFEEVVDK,665,468,1,1,665,468,,-1,4,0,1.007276,61.220388
Scan: 1313921 Run: DIA12_CV48:20251228_A2_N1_Mueller_MS_TechHub_IMP_THIDDIAXL003_Cas9_PhoX_DIA12_CV48_250ng_FAIMS_003 P1_SSFEKNPIDFLEAK P2_EDIQKAQVSGQGDSLHEHIANLAGSPAIK 5 5,DIA12_CV48:20251228_A2_N1_Mueller_MS_TechHub_IMP_THIDDIAXL003_Cas9_PhoX_DIA12_CV48_250ng_FAIMS_003,1313921,,,Q99ZW2,,,false,Q99ZW2,Q99ZW2,,false,EDIQKAQVSGQGDSLHEHIANLAGSPAIK,SSFEKNPIDFLEAK,706,1172,5,5,710,1176,,-1,5,0,1.007276,61.207806
